:01002000E9F6
:05002800220D20FCC9BF
:070030001A22130D20FAC98A
:08004000F5E521A5C0C3800015
:20008000C5D52AB6280BE53A6E67E7E12318F3E804D1C1E1F041E60220FAF1D921A3C034B5
:2000A000200223343E01E091C380FFF041E60220FA3EC0C384FFAF018E1921A0C0CD4C105D
:2000C0003EC0E09267AF6F0EA0C32800F3E0FFAFFBE00FC9F092B7C8E0463E283D20FDC9AE
:0100F000C946
:02010000185590
:20010400CEED6666CC0D000B03730083000C000D0008111F8889000EDCCC6EE6DDDDD999DF
:16012400BBBB67636E0EECCCDDDC999FBBB9333E5469746C650079
:20014400000000000000000001000000FAA1C047FAA0C0F357583100DFD5CD7210CDB60045
:20016400D17AEAA0C0FE112007AFCB3B17EAA1C0AFE042E043E041E04A3E07E04B11D40005
:200184002180FF0E0CF7CD80FF119C00CDED013EE4E047E0483E1BE0493EC0E0403E01E0C6
:2001A400FFAFE00F21A3C02277E0263CE090CDD13CFBCD7905760018FCF040E680C8AFE038
:2001C400917600F091B728F9C921A5C02A4F2A47B1C87BB920F67AB820F2444D0B0B2A02A8
:1701E40003572A0203B220F6C921A5C02AB628032318F97A3273C93D
:0C3CD10001180021B93C112EDACD55106D
:013CF800C902
:20104C005F78B1C8730B545D1378B1C8CB38CB1930032A1213040C18062A12132A12130DBF
:1E106C0020F70520F4C9F040E680C8F044FE9230FAF044FE9138FAF040E67FE040C9AE
:20108A00E8F4F090F8017721D2C72A4F46CB28CB19CB28CB19CB28CB19CB28CB1979C64026
:2010AA00EA0AC521D4C72A4F46CB28CB19CB28CB19CB28CB19CB28CB1979C640EA0BC5213C
:2010CA0004C53AB6CA8F112A4F46212200095D541AE0901AEA0020212300095D541AF80A5F
:2010EA0022131A776960232A666FCB2CCB1DCB2CCB1DCB2CCB1DCB2CCB1D7D21CEC75E9395
:20110A00C608F80A5E23666B235E83EAFBC469602323232A4F46CB28CB19CB28CB19CB2864
:20112A00CB19CB28CB197921D0C74E91C608F80A5E23666B23234E81EAFCC43E03E0902127
:20114A00002036032105C57ED60F30103E3A864F3E40CE00470A21FCC44E817721FCC44666
:20116A0021FBC45E2107C54EFA06C5EA2CDA212ADA3649233640212DDA36005079CDF60E02
:20118A002107C58677FA3FDAB72008F04B473E07903803AF18023E01EA0EC5FAF7C4EA086B
:2011AA00C5FAF8C4EA09C52109C53AB6CAD8147EF80277FA09C5F803322A4F4669607E0F64
:2011CA00E601F80077F8022A5F566B6223E57DF80677E17CF805322B2B2A5F562103001911
:2011EA00E57DF80877E17CF80777F8022A5F5621320019E57DF80A77E17CF80977F8042A1E
:20120A005F561AF80A22131A77F8007EB7284DF80BCB2E2BCB1E23CB2E2BCB1E23CB2E2B04
:20122A00CB1E23CB2E2BCB1E2A777EC608EAFBC4F8062A5F561AF80A22131A77CB2E2BCB47
:20124A001E23CB2E2BCB1E23CB2E2BCB1E23CB2E2BCB1E7EC608EAFCC4C37C13F80B7EC647
:20126A0043EA0CC5F8062A5F561AF80A22131A777EC643EA0DC5FA0CC5210AC5963839FAA8
:20128A000CC50E00C6F04779CEFF4F210AC55E16007B907A993821FA0DC5210BC596381855
:2012AA00FA0DC50E00C6F14779CEFF4F210BC55E16007B907A99305AF8022A4F4669607EAA
:2012CA0007E601F807222A5F2A571A22131A77F8077EB7280FF80A7EEA08C5F80B7EEA09F5
:2012EA00C5C3B111F80A2A4F46FA8BCBD6013E0017EE015FB72012C52108C55E2356D51EA9
:20130A0003217B40CD8B3CE1C12108C5792270C3B111F8042A5F561AF80A22131A77CB2E7A
:20132A002BCB1E23CB2E2BCB1E23CB2E2BCB1E23CB2E2BCB1E2A777EC60821D2C74E91EA8F
:20134A00FBC4F8062A5F561AF80A22131A77CB2E2BCB1E23CB2E2BCB1E23CB2E2BCB1E2375
:20136A00CB2E2BCB1E2A777EC60821D4C74E91EAFCC4F8022A4E6F617E0F0FE6012810F82F
:20138A00082A5F561A2108C522131A77C3B111210EC5CB46286721FBC44E0600210800090F
:2013AA00F04B4F06005C507995789CCB7B2807CB7A2008BF1805CB7A2801373040FAFCC438
:2013CA000600C6F84F78CEFF47F04A6F260058547D917C98CB7B2807CB7A2008BF1805CB3E
:2013EA007A28013730172108C52A4F46213200095D541A2108C522131A77C3B1112108C5C7
:20140A002A4F46210E00097EFEFF2840212FDAA6203A210B0009347E2108C52A5F56210BDE
:20142A0000194D440AF80A77210D00197EF80B77F80A2A9620166B627ECB37E6012807F8E3
:20144A000A7E3D021806210C00197E022108C52A4F46212200095D541AE0901AEA0020215E
:20146A002300092A6E5F55FAFCC4F80977FAFBC4F80A77FA07C5F80B77210A00097EEA2C7E
:20148A00DA6B622323232A666F79C60B4F3001040A4F0600CB21CB10092A4F46212ADA79D9
:2014AA002270212DDA3600F8092A472A5F507ECDF60E2107C586772108C52A4F46213200AE
:1A14CA00095D541A2108C522131A77C3B111F8017EE0907EEA0020E80CC9CF
:20C00000AF21F9C42277AF21F5C42277AF21F7C4227721FFC436002100C53600AF2101C5E8
:20C020002277AF2103C52277114404D5110000D511B1C0D5CDFC3BE806C9020100FFFEFD13
:20C04000FCFBFAFBFCFDFEFF0000000007000802078000000001B1C05950C5D51E03210669
:20C0600046CD8B3CE1C16960CB966960CB9E6960CBA66960CB8E0AF62002C9E8F8F80E7E3D
:20C08000F80077F80F7EF80177C1C569607EE601F80777B7CAD941F8007ED6B12007237EB2
:20C0A000D6C0CAD941F8007EF80677F8017EF807322A666FCB86D1D521300019E57DF804B5
:20C0C00077E17CF803322A5F561AF80622131A77D1D521320019E57DF80677E17CF805223D
:20C0E000233AB6283C2B2B2A5F561A4F131A47B1282F213000094D44F8062A02037E02F81F
:20C10000022A5F561A4F131A47213200094D44F8042A5F2A571A22131A322A02037E02180C
:20C120003EF8073AB6281C2A5F56213200194D44AF020302F8022A5F561A21F5C422131AE0
:20C1400077181CF8042A5F561A4F131A47B1280921300009AF22771806AF21F5C42277F8C0
:20C16000042A666FAF2277F8022A5F5621F9C42A12137E123AB628102A4F46213200094D4E
:20C1800044F8002A02037E02F8007EEAF9C4F8017EEAFAC4D1D5212B00192A4FCB7E200C7F
:20C1A00079F5331E0421AA57CD8B3C33D1D5212D0019E57DF80877E17CF807322A5F3A5745
:20C1C0001A22131A77E5CB7EE1200EF8067EF5331E04210F58CD8B3C33E808C9E8F8F80E8E
:20C1E0002A4F4669607EE601C2184369607ECB3707DA18436960CBC6C5C51E03210646CD71
:20C200008B3CE1C12130000933335D54D51AF80622131A7721320009E57DF80477E17CF80B
:20C220000377F8073AB6284BF8022A5F561A6F131A67B5283E113000195D54F8062A1213B9
:20C240003A12D1D51A22131A322A5F5621320019E57DF80677E17CF805322B2B2A5F561A54
:20C26000F80622131A322B2B2A5F2A572A12137E12183BF8073AB628192A5F562132001932
:20C280005D54AF121312D1D51A21F9C422131A77181CF8022A5F561A6F131A67B528091182
:20C2A000300019AF22771806AF21F9C42277F8022A666FAF2277D1D521F5C42A12137E1209
:20C2C0003AB6280A2A5F562132001979227021F5C4792270212B00095D54AF22368021282B
:20C2E00000097EF80577B72827237B2272212900092A6E5F55C5AFF533F8092A666FE5D516
:20C30000F80C7EF5331E04214456CD8B3CE806C1212D0009AF223680E808C9E8FAFAF9C423
:20C32000EA0FC5FAFAC4EA10C52110C53AB6CA0F442A4F4669602323232A665F54CB2ACBD1
:20C340001BCB2ACB1BCB2ACB1BCB2ACB1BCB2ACB1BCB2ACB1BCB2ACB1BF8057321300009D6
:20C360005D541AF80022131A77F80D7EF80596C200446960232A4F46CB28CB19CB28CB19BF
:20C38000CB28CB19CB28CB19CB28CB19CB28CB19CB28CB19F8027922AF324E060003F80C99
:20C3A0007EF80422AF322A917E985678CB7F2807CB7A2008BF1805CB7A2801373042F8048C
:20C3C0002A5F56211700194D44F8022A917E985678CB7F2807CB7A2008BF1805CB7A2801D3
:20C3E00037301DC1C5C5210FC52A5F56D51E0321DC41CD8B3CE1C1210FC5792270C3294301
:20C40000F8007EEA0FC5F8017EEA10C5C32943E806C9E8F9FAF9C4EA11C5FAFAC4EA12C5FB
:20C420002112C53AB6CA60452A4F466960235D541AF80522131A77F8052A5F3A2B57CB2A35
:20C44000CB1BCB2ACB1BCB2ACB1BCB2ACB1BCB2ACB1BCB2ACB1BCB2ACB1B7369602323232F
:20C460005D541AF80022131A77D1D5CB2ACB1BCB2ACB1BCB2ACB1BCB2ACB1BCB2ACB1BCB7B
:20C480002ACB1BCB2ACB1BF80273F8052A5F56CB2ACB1BCB2ACB1BCB2ACB1BCB2ACB1B21DB
:20C4A0000700097E6F079F67195CCB2BCB1DCB2BCB1DCB2BCB1D7DF80577D1D5CB2ACB1BF1
:20C4C000CB2ACB1BCB2ACB1BCB2ACB1B210800097E6F079F67195D54CB2ACB1BCB2ACB1B1F
:20C4E000CB2ACB1BF80673213000092A4F46F80D7EF804963861237EF80D96385A235E16C4
:20C500000021150019E57DF80577E17CF80422233A223600F8035D54F8051A1396231A9E7F
:20C520001A57CB7E2807CB7A2008BF1805CB7A2801373823F8027EF80E96381BC52111C5A6
:20C540002A5F56D51E0321DC41CD8B3CE1C12111C5792270C320442111C5792270C3204440
:20C56000E807C9E8FBF80B7EF80077F80C7EF80177D1D5210C0019E57DF80477E17CF80325
:20C58000322A5F2A571A77D1D5210D00194D44F80D7EF8049620080A5FF80E7E932817D183
:20C5A000D5210B00195D54F80D7E12F8022A5F56F80D2A127E02E805C9E8FDF8092A4F4626
:20C5C000210B00093333E5210C00097EF80277210D00094E0600F8025E160079934F789A50
:20C5E00047F80B5E1600CD9E0FF8027E814FE1E571E803C9F8062A4F46210B00095E210C53
:20C6000000094E7B91C9F8062A4F46210500095E211000097321120009CB231600195D54ED
:20C62000131A3C56F533D533C51E03216345CD8B3CE804C9F8062A4F46210500097EC604DF
:20C640005F211000097321120009CB231600195D54131A3C56F533D533C51E03216345CD59
:20C660008B3CE804C9F8062A4F46210500095D54F8082A127EB728292B7EC6045F211000DC
:20C68000097321120009CB231600195D54131A3C56F533D533C51E03216345CD8B3CE804F6
:20C6A000C9F8085E21100009732112000955CB236A1600195D54131A3C56F533D533C51E0B
:20C6C00003216345CD8B3CE804C9E8FCFAF5C4F80077FAF6C4F80177F8013AB6CA9847F891
:20C6E0000C7EB7200FF8002A4E6F617ECB370FE601CA8447C1C50369602A665F54CB2ACB2A
:20C700001BCB2ACB1BCB2ACB1BCB2ACB1BCB2ACB1BCB2ACB1BCB2ACB1BF80373696023235F
:20C720002A4F46CB28CB19CB28CB19CB28CB19CB28CB19CB28CB19CB28CB19CB28CB19F861
:20C740000B7E912810AF4703F80B5E16007B9120337A90202FF80A7EF803962823F8034EBA
:20C760000600595013F80A7EF80222AF327E932004AF92280B0BF8027E912008AF90200432
:20C78000C1C51817D1D5213000194D4459501AF80022131A77C3D846010000E804C9E8F64D
:20C7A00021B2C02A4F463333C521B4C02A4F46F802792270F8104E06007987CB1087CB100A
:20C7C00087CB1087CB10F804227021B6C04EF8007EF80877F8017EF80977AF47CB21CB1089
:20C7E00021321C09E57DF80877E17CF807322A5F561A5F079F57F8042A4F46CDA20DF808CE
:20C800002A666F094D443333C5F8027EF80877F8037EF80977F8062A4F46030A5F079F574E
:20C82000F8042A4F46CDA20DF8082A666F094D44F802792270F8117EF53311B1C0D52103F9
:20C840000039E511B7C0D51E0321614ACD8B3CE811C9E8F211E3C01AF80022131A77F801BB
:20C860003AB6CA5B4AD1D521320019E57DF80477E17CF80377F8147EB72025F8007EF80CA3
:20C8800077F8017EF80D322A5F561ACB370FE601200EF8022A5F561AF80022131A7718BECD
:20C8A000D1D56B6223E57DF80677E17CF80577D1D521060019E57DF80877E17CF807322BC2
:20C8C0002B2A5F2A571A4F131A47CB28CB19CB28CB19CB28CB19CB28CB192A5F2A571A5F67
:20C8E000079F57792278322A666F19E57DF80E77E17CF80D7721B2C02A4F46CB28CB19CB32
:20C9000028CB19CB28CB19CB28CB19FAB8C05F079F57F80A792278322A666F194D44F80C9B
:20C92000799623789E7857CB7E2807CB7A2008BF1805CB7A2801373843F8062A4F2A470314
:20C940000A4F079F472A666F09E57DF80E77E17CF80D77FAB7C04F079F47F80A2A666F091A
:20C960004D44F80C2A917E985678CB7F2807CB7A2008BF1805CB7A2801373004AFC3454AE7
:20C98000F8042A666F23232A4F46CB28CB19CB28CB19CB28CB19CB28CB19F8062A5F2A5733
:20C9A00013131A5F079F57792278322A666F19E57DF80C77E17CF80B7721B4C02A4F46CBAB
:20C9C00028CB19CB28CB19CB28CB19CB28CB19FABAC05F079F57F80C792278322A666F1995
:20C9E0004D44F80A799623789E7857CB7E2807CB7A2008BF1805CB7A2801373843F8062A84
:20CA00004F2A470303030A4F079F472A666F09E57DF80C77E17CF80B22FAB9C04F079F47F1
:20CA20002A666F094D44F80A2A917E985678CB7F2807CB7A2008BF1805CB7A280137300322
:20CA4000AF18023E01B72804C1C51812F8022A5F561AF80022131A77C35E48010000E80E2A
:20CA6000C9E8E7F80036B12336C0F8217EF80277F8227EF80377F81F7EF80477F8207EF87E
:20CA800005322A5F566B6223E57DF80877E17CF80777F8022A5F5621020019E57DF80A77F4
:20CAA000E17CF80977F8042A5F5621030019E57DF80C77E17CF80B77F8042A4F4603030A0A
:20CAC000F80C77F8013AB6CAD94CD1D521320019E57DF80F77E17CF80E77F8237EF8009610
:20CAE0002008F8247EF801962814F8257EB7201CF8002A4E6F617ECB370FE601200EF80D32
:20CB00002A5F561AF80022131A7718B7D1D56B6223E57DF81177E17CF81077D1D52106006E
:20CB200019E57DF81377E17CF812322B2B2A5F2A571A4F131A47CB28CB19CB28CB19CB2881
:20CB4000CB19CB28CB192A5F2A571A5F079F57792278322A666F19E57DF81977E17CF818E6
:20CB600077F8022A5F561A4F131A47CB28CB19CB28CB19CB28CB19CB28CB19F8062A5F564F
:20CB80001A5F079F57F815792278322A666F194D44F817799623789E7857CB7E2807CB7A41
:20CBA0002008BF1805CB7A2801373846F8112A4F2A47030A4F079F472A666F09E57DF81997
:20CBC00077E17CF81877F8042A5F561A4F079F47F8152A666F094D44F8172A917E98567875
:20CBE000CB7F2807CB7A2008BF1805CB7A2801373004AFC3C34CF80F2A666F23232A4F460E
:20CC0000CB28CB19CB28CB19CB28CB19CB28CB19F8112A5F2A5713131A5F079F57792278F6
:20CC2000322A666F19E57DF81777E17CF81677F8082A5F2A571A4F131A47CB28CB19CB282F
:20CC4000CB19CB28CB19CB28CB192A5F561A5F079F57F817792278322A666F194D44F815E3
:20CC6000799623789E7857CB7E2807CB7A2008BF1805CB7A2801373845F8112A4F2A4703C4
:20CC800003030A4F079F472A666F09E57DF81777E17CF81677F80C7E4F079F47F8172A6619
:20CCA0006F094D44F8152A917E985678CB7F2807CB7A2008BF1805CB7A2801373003AF185E
:20CCC000023E01B72804C1C51812F80D2A5F561AF80022131A77C3C34A010000E819C93BEE
:20CCE000FA00C5B720752102C53AB6286E2A4F46212F00094E79B7286A11D6C01AF8007763
:20CD0000B72822060021D7C02A665F54C53E01F533010000C5D5F8077EF5331E04214456C8
:20CD2000CD8B3CE8082101C52A5F56212500194678B72820212600192A666F110000D53E0A
:20CD400001F533110000D5E5C5331E04214456CD8B3CE8082100C5361418082100C57EB71B
:20CD6000280135AF2101C5227733C9E8EDF8197EF80D77F81A7EF80E77CB3E2BCB1E23CB32
:20CD80003E2BCB1E23CB3E2BCB1E23CB3E2BCB1EF81D7EF80177F81E7EF80277F81F7EF82C
:20CDA0000777F8207EF80877CB3E2BCB1E23CB3E2BCB1E23CB3E2BCB1E23CB3E2BCB1EF813
:20CDC0001B7EF80F77F81C7EF81077CB3E2BCB1E23CB3E2BCB1E23CB3E2BCB1E23CB3E2B37
:20CDE000CB1EF8012A5F5621020019E57DF80B77E17CF80A77F8012A5F5621030019E57D0D
:20CE0000F80D77E17CF80C77F8217E3D282DF8012A5F566B6223E57DF81377E17CF812770B
:20CE2000F8217ED602CA4B50F8217ED603CA7852F8217ED604CAE553C38155F8017EF8118E
:20CE400077F8027EF81277F8012A5F561AF806773A22079F323A2B77F8063A2B77F80D2AE2
:20CE60005F56F8032A666F19E57DF80777E17CF806327EF80D77F8067EF80E77CB3E2BCB93
:20CE80001E23CB3E2BCB1E23CB3E2BCB1EF8032A5F56F8072A666F19E57DF80777E17CF8D6
:20CEA0000677CB3E2BCB1E23CB3E2BCB1E23CB3E2BCB1E2A5F562101007B955F7A9CF808D2
:20CEC0003273F8092A5F561A773A22079F327EF80577F80A7EF806322A5F56F80F2A666F81
:20CEE00019E57DF80B77E17CF80A77CB3E2BCB1E23CB3E2BCB1E23CB3E2BCB1EF80B2A5F3E
:20CF0000561A773A22079F322A5F56F80F2A666F19E57DF80777E17CF806327EF80F77F89F
:20CF2000067EF81077CB3E2BCB1E23CB3E2BCB1E23CB3E2BCB1E2A5F566B6223E57DF80424
:20CF400077E17CF80377F80D3A2B77F80E3A2B77F8077EF80B962009F8087EF80C96CA4364
:20CF600050F8097EF80F77F80A7EF81077F8027EF80F962009F8037EF81096CA2F50F80FC0
:20CF80007EF80477F80B7EF80577212CC596303AF8047E212DC5963031FA29C5F806772197
:20CFA0002CC54E0600F8045E1600CDA20D79212AC586234F788E47F8056E2600095D54F82F
:20CFC000067ECD7615F806711804F806360FE5F808CB5EE1284EF80D2A5F566B6223E57D0C
:20CFE000F81177E17CF810773E07F80FCB2623CB163D20F6232A5F561A773A22079F773EF7
:20D0000004F811CB2623CB163D20F62B2B2B2A5F2A572A666F7B955F7A9CF80E32734E2390
:20D0200046C38655F80F34C26D4F2334C36D4FF80B2A5F3A571B7B227A322A23322A2377B9
:20D04000C3504FF81F4E2346C38655F8117EF80277F8127EF80377F8112A5F561A773A223B
:20D06000079F327EF80077F8127EF80177F80D2A5F56E1E519E57DF81377E17CF812327E35
:20D08000F80477F8127EF80577CB3E2BCB1E23CB3E2BCB1E23CB3E2BCB1ED1D5F8072A664F
:20D0A0006F19E57DF81377E17CF81277CB3E2BCB1E23CB3E2BCB1E23CB3E2BCB1E2A5F56AA
:20D0C0006B6223E57DF80877E17CF80777F8092A5F561AF812773A22079F327EF80D77F813
:20D0E000127EF80E322A5F2A572A666F19E57DF81377E17CF812327EF80877F8127EF8094B
:20D1000077CB3E2BCB1E23CB3E2BCB1E23CB3E2BCB1EF80B2A5F561AF812773A22079F324A
:20D120002A5F56F80F2A666F19E57DF80F77E17CF80E327EF81177F80E7EF81277CB3E2B45
:20D14000CB1E23CB3E2BCB1E23CB3E2BCB1E2A5F566B6223E57DF80C77E17CF80B77F804E7
:20D160007EF80F77F8057EF81077F8067EF80F962009F8077EF81096CA7052F8087EF81149
:20D1800077F8097EF81277F80A7EF811962009F80B7EF81296CA5A52F8117EF80C77F80F30
:20D1A0003A2B77212CC596303AF80C7E212DC5963031FA29C5F80E77212CC54E0600F80C26
:20D1C0005E1600CDA20D79212AC586234F788E47F80D6E2600095D54F80E7ECD7615F80E5C
:20D1E000711804F80E360FE5F810CB56E12860F8047EF81177F8057EF812773E07F811CBD1
:20D200002623CB163D20F6F8022A5F561AF810773A22079F322A5F566B6223E57DF80F773C
:20D22000E17CF80E322A23322A23773E04F80FCB2623CB163D20F6232A5F56F80F2A666F7D
:20D240007B955F7A9CF80E32734E2346C38655F81134C287512334C38751F80F3420022300
:20D2600034F80F7EF80477F8107EF80577C36A51F81F4E2346C38655F8097EF80377F80AAB
:20D280007EF80477F8092A5F561A4F079F47F80F2A666F095D54F8057B2272CB3E2BCB1E7E
:20D2A00023CB3E2BCB1E23CB3E2BCB1E23232A666F094D44CB38CB19CB38CB19CB38CB195A
:20D2C00011010079935F789AF8083273F8012A5F561A4F079F47F80D2A666F094D44F8094D
:20D2E000792270CB3E2BCB1E23CB3E2BCB1E23CB3E2BCB1EF8112A5F561A4F079F47F80D43
:20D300002A666F094D44CB38CB19CB38CB19CB38CB1903F80B792270F8057EF81177F806B5
:20D320007EF81277F8077EF811962009F8087EF81296CADD53F8092A5F56F80B7E93200677
:20D34000237E92CAC553F8113A77F80D737E212CC5963041F8107E212DC5963038FA29C570
:20D36000F80E77212CC54E0600F8103A22AF32D55E1600CDA20DD179212AC586234F788E68
:20D3800047F80D6E2600094D44D5F8107E5950CD7615D118020E0FCB492826F8052A4F3A9D
:20D3A0002B2B4703AFCB1841CB181F4F2A5F561A6F079F672929292979954F789C47C3868F
:20D3C0005513C33A53F8112A5F3A571B7B227A327EF80577F8127EF80677C32453F81F4E80
:20D3E0002346C38655F80B3A2B77F80C3A2B222A5F561A4F079F47F80F2A666F095D54F8CF
:20D400000F7B2272CB3E2BCB1E23CB3E2BCB1E23CB3E2BCB1EF8072A666F094D44CB38CBEB
:20D4200019CB38CB19CB38CB1903F80B792270F8012A5F561A4F079F47F80D2A666F094D6C
:20D4400044F807792270CB3E2BCB1E23CB3E2BCB1E23CB3E2BCB1EF8112A5F561A4F079FEA
:20D4600047F80D2A666F09E57DF81377E17CF812322A4F46CB38CB19CB38CB19CB38CB1967
:20D4800003F803792270F80F3A2B77F8103A2B77F80B2A239620072B2A2396CA7A55F80709
:20D4A0007EF81177F8087EF81277F8037EF811962009F8047EF81296CA6855F80D5EF81121
:20D4C0007EF80577212CC59630327B212DC596302BFA29C5F80677212CC54E060050CDA24F
:20D4E0000D79212AC586234F788E47F8056E2600095D54F8067ECD76157918023E0F0F3013
:20D500005CF80F2A23322A23773E07F811CB2623CB163D20F6F8092A5F561AF80D22079F08
:20D52000322A5F566B6223E57DF81177E17CF810323A2B77F8103A2B773E04F80DCB262356
:20D54000CB163D20F6F8112A5F56F80D2A666F7B955F7A9CF81032734E23461829F8113444
:20D56000C2AA542334C3AA54F80D3420022334F80D2A23322A2377C39054F81F4E2346184C
:09D5800005F81F4E2346E813C90B
:2014E400F090EA13C5F8067EE090EA0020C1CD883AFA13C5E090EA00206069E9F090EA13E5
:20150400C5F8067EE090EA0020C1CD903AFA13C5E090EA00206069E9F090EA13C5F8087EF6
:20152400E090EA0020C1CDA53CFA13C5E090EA00206069E9F090EA13C5F8087EE090EA00A6
:2015440020C1CD6F3AFA13C5E090EA00206069E9F090EA13C5F8027EE090EA002060692A0B
:2015640012132A12137E12FA13C5E090EA0020E133E94FF090EA13C579E090EA0020626BC9
:201584002A4F46FA13C5E090EA0020C9F090EA13C5F8047EE090EA0020F8022A666FE5CD92
:2015A400330FFA13C5E090EA0020E1E803E93B3BF090EA13C5F8067EE090EA0020F8047EBC
:2015C400F80077F8057EF80177E1E5E5CDA80EFA13C5E090EA00203333E1E803E9E8F6F842
:2015E400077323722B2B77F8033600F80D7EF80477F80E7EF80577F8093600F80C7EF80932
:20160400962856F8072A4F3A2B477EF533210100395D54CD5415F8004EF8042A5F561A4724
:2016240079902019F8012A4F2A23472A666F232A669120097C902005F8037E181FF80934DC
:201644007EF80377F8072A5F5621030019E57DF80977E17CF8087718A2F80C7EE80AE1E8D6
:0216640003E998
:020000040002F8
:0B400000250A5CCD0961570127000173
:020000040000FA
:20166600E8F9FA1CC5F80077E5CB46E1CA011721B2C02A4F4621800009E57DF80377E17C53
:20168600F80277E5FA1AC5E16F079F67292929294D44F803792278322B2B2A5F2A572A6653
:2016A6006F7B955F7A9C474BFA18C55F079F576B62292929295D5479934F789A47FA14C5C2
:2016C600F80577FA15C5F806322A917E9830082114C57922701824D5F8052A5F56F8032A6C
:2016E600666F19D14D4479934F789A47F805799623789E30062114C5792270E5F802CB4E68
:20170600E1CA961721B4C02A4F4621800009E57DF80377E17CF80277E5FA1BC5E16F079F16
:2017260067292929294D44F803792278322B2B2A5F2A572A666F7B955F7A9C474BFA19C579
:201746005F079F576B62292929295D5479934F789A47FA16C5F80577FA17C5F806322A9147
:201766007E9830082116C57922701824D5F8052A5F56F8032A666F19D14D4479934F789A3F
:1317860047F805799623789E30062116C5792270E807C9CF
:020000040002F8
:20400B00211CC53603AF2116C52277AF2114C522772119C536002118C53600211BC5360034
:06402B00211AC53600C990
:020000040001F9
:20C000001E0921B541CD8B3C1E09212941CD8B3C1E04210040CD8B3C1E08210641CD8B3CCF
:20C020001E03218955CD8B3C1E05212944CD8B3C1E0721CF47CD8B3C1E09210B40CD8B3CF0
:20C040001E03210040CD8B3C1E01218240CD8B3CAFF5331E09213140CD8B3C33AFF5331EE8
:20C0600009217140CD8B3C33AFF5331E08216241CD8B3C33C9E8FCCD3538B7280FFE01289A
:20C080000BFE0228F2D603CA2F4118EBCD4E19FA15C6D6F020283E01F5331E04218D55CDF5
:20C0A0008B3C331100400609AFF533210000E5D5C5331E04214456CD8B3CE80618B9218BA0
:20C0C000CB7ED6013E0017EE012019FA15C6B72803CDF217CD4902FA2FDAE60F2003CDC571
:20C0E00018CD651C0EC0F0929120072144DA36DF18052144DA36C02107C53600CD66161EA2
:20C1000005217344CD8B3CCD8A10CDC51DCD02271E0321DF4CCD8B3C212FDA341E28FA07FC
:20C12000C5CD5F0DFA44DAE092CDBD01C37740FA8DCB3D281AFA8DCBD6022858FA8DCBD6CF
:20C1400003CA0142FA8DCBD604CA1E42C377401E09214F41CD8B3CCD7105AFF5331E042136
:20C160008D55CD8B3C3321690546216A052A666F3E01F533C533E51E04218642CD8B3CE8E7
:20C1800004D6013E0017F803771E0421E648CD8B3CC36A421E09214F41CD8B3CAFF5331E28
:20C1A00004218D55CD8B3C33AFF5331E09217140CD8B3C33AFF5331E09213140CD8B3C33C3
:20C1C000AFF5331E08216241CD8B3C332190CB2A4F46FA8FCBF533210100395D54CD5415DE
:20C1E000F8002A472A4F7E260168E547C51E04218642CD8B3CE804D6013E0017F80377181E
:20C2000069218FCB4E2190CB2A5F5679CD761579F5331E0721DF49CD8B3C33C377401E074B
:20C2200021A248CD8B3C1E09214F41CD8B3C218FCB4E2190CB2A5F5679CD761579F5331E3F
:20C240000721A04ACD8B3C33EA8CCB2120C54E2121C52A666FAFF53379F533E51E04218644
:20C2600042CD8B3CE804F8033600F3FA37C53D2809FA37C5D602280A181011881DCD473B47
:20C28000180E115F1ACD473B180611E019CD473BAFE045FBFA3EDAB72006F040F602E04022
:20C2A0001E03215540CD8B3CCD44020EC0F0929120072144DA36DF18052144DA36C021072A
:20C2C000C53600CD66161E0521434ACD8B3CCD8A101E28FA07C5CD5F0DFA44DAE092F80384
:20C2E0007EB7CA77401E07218848CD8B3CC37740E804C92119C83600FAA0C0D6112006FA16
:20C300004301073803AF18023E01EA18C8FAA1C0B72806FA18C8B72003AF18023E01EAA13E
:20C32000C0AFA7F5110000D51100DFD5CDFC3BE8061E0721BC48CD8B3CCD72101E09216A76
:20C3400041CD8B3C3E67E0403E07E04B3E90E04AF00406004FC5CDD739E1CD71053E01F598
:20C36000331E04218D55CD8B3C33F32197C636852336C6AFE045118B1ACDED01F041F640A7
:20C38000E041FAA0C0D611200CFA430107E6014FB73E8020023EC0E0063E07E007F0FFF608
:20C3A0000EE0FFFBF040F680E0400609AFF533110000D5110040D5C5331E04214456CD8BB0
:06C3C0003CE806C37540D5
:020000040000FA
:050000000000C3380000
:04003800F3C300020C
:0A020000E52100203607E1C3C643E4
:020000040001F9
:20C3C600EA1DC5F0FFEA1EC5F040EA1FC53E80E0403E01EAFF003E00EA0F0076003E00E000
:20C3E60040089E9D319E9DE5D5C5FA1DC5F5F04F5FCB47281121969D0E0A46AFE04F702CE3
:20C406003CE04F0D20F4AFE026E04F7BEABB9D3E01E04F21CB9D0612AF0E15EF7DC60B6F5C
:20C426000520F5AFE04F3E03E0473E80E068AF0E69E2E23DE2E2E2E2E2E23E70E0423E5CB3
:20C44600E043CD504521B79D119C9D0E04F721CB9D11B14606033E20220E13F73E20227D5A
:20C46600C60B6F0520F03E200E15EF2E6B0E04F7C1CD01450E08F7FAA0C0CD05453E20227D
:20C4860022222E8B0E04F7C1CD01450E06F7C1CD01453E202222227DC60B6F0E04F7C1C5CD
:20C4A600CD01451104470E07F7D1CD2145110B47CB7D28E3110F472EAB0E06F7FA1FC5CD4B
:20C4C60005450E04F7F04DCD05450E04F7FA1EC5CD054536202ECB0E07F73E20221A132288
:20C4E600FE20280C1A134F1A13470ACD054518EA3E89E040AFE00F760018F9CD06457947ED
:20C5060078E6F0CB37C630FE3A3802C6072278E60FC630FE3A3802C60722C9424BCD014541
:20C526003E2022227BD6085F7ADE00577DC60B6F3E20221A13CD05451A13CD05453E2022A7
:20C54600CB6520EF7DE67F20E3C92177452A5F2A57B3C84E23CB79280A2A121312130C20FF
:20C56600F918F00C0D28E62A121312130D20F818E20090F8FF000092F8FF00D09208FFFF82
:20C58600FFFFC3FFFFFF00009350FFCFA733333397CFFFCF8F0FCFCFCF03FF8733E7CF9F96
:20C5A6003F03FF8773F3C7F37387FFC7A76703E7E7E7FF033F3F87F33387FF87333F073321
:20C5C6003387FF03F3F3E7E7CFCFFF87333387333387FF87333383F3338700A09308FFFF92
:20C5E6009F9FFF9F9FFF00109442FFCFB77B7B037B7BFF077B7B077B7B07FFC3BF7F7F7F63
:20C60600BFC3FF0F777B7B7B770FFF037F7F037F7F03FF037F7F037F7F7FFF837F7F437B54
:20C626007B87FF7B7B7B037B7B7BFF83FBEF0283FFFAFB0A07FF7B776F5F1F6F73FFFA7FE0
:20C646001303FF7B334B7B7B7B7BFF7B3B5B6B737B7BFF87FB7B2387FF077B7B077F7F7FD0
:20C66600FF877B7B7B5B6793FF077B7B076F777BFF837F7F87FB7B87FF01FAEF01FFFA7BA2
:20C686000287FFFB7B22B7CFFF7B7B7B7B4B337BFF7B7BB7CFB77B7BFFBBBBBBD7EFEFEF0E
:20C6A600FF03FBF7EFDFBF030000004B45524E454C2050414E494320504C45415345534532
:20C6C6004E44204120434C45415220504943204F46544849532053435245454E20544F202E
:20C6E600444556532041463A20204D4F44454C3A2042433A20202044453A20484C3A202006
:20C70600564945573A2053503A204C4344433A204B313A2049453A202042414E4B3A5290FB
:08C72600FF56BB9D5770FF2078
:020000040000FA
:20179900E8FD4B425FF090F800777BE09021002073210500095D541AF80122131A772107F0
:2017B90000092A4F46F8052A5E87CB136F63092A4F46CB21CB10F8012A666F094D44F8076C
:1917D9002A5F56211000E5CD330FF8007EE0907EEA0020E803E1E804E9E4
:020000040001F9
:200000002133C536002135C536002178C536382336C5C909AB633BF8097EB7CAF1402B3AA5
:20002000B6CAF140F8072A5F2A574B42D57E5950CD7615D1131379D68078DE00301879B791
:20004000CAF140F80966E533D5F533AFF533CDE414E805C3F140C5D5F80D7EF533D5210071
:2000600080E5CDE414E805D1C179C6804F78CEFF47210008195D5479D68078DE003043F8BA
:20008000007977D64178DE00301C7EB728634E3EC091F80966E533D5F80366E533F533CD58
:2000A000E414E805184BF8007EB72845F8097EF533D5F8037EF5333E80F533CDE414E805A9
:2000C000182FC5D5F80D7EF533D5218080E5CDE414E805D1C179C6804F7AC6085779B72870
:2000E00010F80966E533D5F533AFF533CD0015E80533C9E8F2F8142A4F2A477EF533110E3D
:2001000000D5210300395D54CD9015F8087EEA23C5F8092A4F7E2124C5712377F80B7EEAC2
:2001200026C5F80C2A4F7E2127C5712377F8007EEA2CC5F8017EEA2DC5212CC56E2600294E
:2001400029295D54212EC57B2272FA2EC5C660EAD6C7FA2FC5CEFFEAD7C7212DC56E2600F5
:200160002929295D542130C57B2272FA30C5C670EAD8C7FA31C5CEFFEAD9C7F8022A472AA4
:200180004F7EC53347C51E04211640CD8B3CE811C9E8FBF80C2A4F46210D00094D44F80E2B
:2001A0007EF533210100395D54CD5415F8007EF803322B2A4F46F80B7EF804325950C57E2F
:2001C000CD76155950C17BB728160303D5F80566E533C5F533F80A7EF533CD0015E805D162
:2001E0007BE805C9F8062A4F46210900094D44F8092A5F3A2B577EF533210400E5CD9015E5
:20020000C9E8F9F8117EF80077F80F2A5F564B42D5F8027E5950CD7615D1F80179221313F2
:20022000137B227A2271F80D7EF80577F80E7EF80677F8047EB72848E5CB46E12829F8024E
:200240002A4F2A23472A5F56F8007EF533210800E5CD9015F8022A5F5621080019E57DF81F
:200260000477E17CF80377F8047ECB3F222A5F5621080019E57DF80777E17CF8067718B2F9
:20028000F8017EE807C9E8B6F8502A5F2A57D57EF533013B00C54B42210700395D54CD90C7
:2002A00015D10120C5F8527E020121C57B02037A02F8047EEA36C5F8054E69AF67237DD626
:2002C000157C173F1FDE8030050C790718020E152133C571F8067EFE1F38023E1FEA42DAFC
:2002E000F8077EFE0538023E05EA34C5F8087EFE4038023E40EA32C5F8107EEA29C5F81162
:200300002A4F7E212AC57123771E01214941CD8B3CF80D2A472A4F7EC53347C51E0421F3C6
:2003200040CD8B3CE803F8132A472A4F7E5957C5D5C533D521A0DFE51E04210142CD8B3CD5
:20034000E805D1C11378CD76152142C671F8162A472A4F7E5957C5D5C533D52145C6E51EE5
:2003600004210142CD8B3CE805D1C11378CD761579EA43C62144C670111200D5212D003999
:200380004D441185C6CD330FF82C7EB7200F2136C5CB463E022001AFEA37C518052137C57C
:2003A00036012136C5CB46206A110300D5210C00394D4411D3C0CD330FF80A2A472A4F7E52
:2003C000595721BBC03600C533D5AFF5331E04219141CD8B3CE8044FF80946789138014842
:2003E0002106C571F80A2A472A4F5621C3C0E5210000E57859CD9917F80A2A472A4F7E1106
:20040000B7C0D5C53347C51E0421E441CD8B3CE805182821BBC03E68EA06C53668110300BA
:20042000D501134011D3C0CD330F111000D5110000D511C3C0D5CDFC3BE806FA32C5B728D9
:2004400072F8202A4F7EF8477123223600FA32C5F84996285EF8497ED6402857F81F7EF8C1
:20046000474E2346F533213E00395D54CD5415117AC5F8496E2600194D44FA06C502F83D0C
:200480002A472A4F7EC53347C5FA06C5F5331E04219141CD8B3CE8042106C58677F8472A1C
:2004A0005F5621030019E57DF84977E17CF8482234189AF8537EB7CA2F47211BC536002173
:2004C0001AC511030072D5211E00394D4411D6C0CD330F21FFC43600AF21F5C42277AF2117
:2004E000F9C4227721B1C0CB8621F7C43EB1223EC0322A4F4621320009AF227721F7C42A3D
:200500004F46213000094D4421F9C42A02037E023AB628112A4F46213200094D4421F7C41D
:200520002A02037E02FAF7C4EAF9C4FAF8C4EAFAC411B1C0D51E0321DC41CD8B3CE1FA33FA
:20054000C5B7CA9E47F8227EF847772133C54E06000B6960290929290929294D44F8237ED8
:20056000F84877F8247EF849322B2AF533C52A4F4611E5C0CD9015FA33C53DF8472236E5E3
:200580002336C0F8477EB7CA9E47232A5F5621110019E57DF84777E17CF846322A5F3A2BFF
:2005A000571A77F8482A5F56210A00193333E5F8482A5F5621220019E57DF84277E17CF8C2
:2005C00041322A5F566B6223E57DF84477E17CF843227EB7284DD1D5FA06C512F8402A5F22
:2005E000561AF844322B2A5F561AF80022131A77C1C5F8447EF533C5FA06C5F5331E0421DE
:200600009141CD8B3CE804F84477F8452A5F561A773A2B9630032A2377F8467E2106C58608
:2006200077182CF81F2A4F2A665F54F8402A666FE5FA32C5F53379CDE1154F2132C596308E
:2006400009217AC50600094E18020E00E1E571F8482A5F5621120019E57DF84677E17CF89E
:200660004577F8402A5F561AF84677F8422A5F3A571A22131A222A5F2A57D5110000D57EB6
:20068000F8465E2356CD9917F8482A4F3A470AE6FE022A5F56213200194D44AF020302F814
:2006A000482A5F56213000194D4421F9C42A02037E023AB628257EF84377FAFAC4F84432F8
:2006C0002A5F5621320019E57DF84777E17CF846322A5F2A23572A12137E12F8487EEAF93D
:2006E000C4F8497EEAFAC4F8482A4E6F617E0FE6012015F8487EF84577F8497EF846322AD3
:200700005F561A07E601280FF8485E2356D51E0321DC41CD8B3CE1F84735232A5F5621345A
:200720000019E57DF84A77E17CF84977C383452133C57EB7284901E5C07E3DF84977F849CC
:200740007EB7283B211100097EB72828212200097EE5F84A77E1232A6E5F55210A00097ED7
:20076000C5F84A66E533D5F5331E04219141CD8B3CE804C1F84935213400094D4418BF2144
:20078000F5C42A4F4678B12815C5C51E03210646CD8B3CE1C1213000092A4F4618E71E05F2
:2007A000210040CD8B3CFA34C5B7CA6A48F8287EF847772134C54E06006960292909290906
:2007C00029094D44F8297EF84877F82A7EF849322B2AF533C52A4F461152C7CD9015FA3422
:2007E000C5F847223E522236C7F8477EB7287B232A5F56210400194D44F81F7EF84677F8FA
:20080000202A665F54C5FA32C5F533F8497ECDE115F84677F8482A5F5621080019E57DF8A5
:200820004577E17CF84422237E2132C596301BF8465E1600217AC519E57DF84777E17CF80F
:2008400046322A5F561A774E18020E00F8432A666F71F84735232A5F5621170019E57DF86E
:200860004A77E17CF84977C3E947FA42DAB7282BF8257EF847772142DA6E26002929294DA5
:2008800044F8267EF84877F8277EF849322B111BC82AF533C54E2346CD90151E0521534477
:2008A000CD8B3C1E07216D51CD8B3CAF2103C52277F8537EB7282BF81A2A4F4678B12822C4
:2008C0002B2B66AFF533110000D5C5E5331E04214456CD8B3CE80678B1D6013E0017EE011F
:2008E0001801AFE84AC92164052A4F4621B2C07922702166052A4F4621B4C0792270FA6801
:2009000005EAB6C0FA6C05EAC0C0FA6D05EABFC021BCC0360021BDC0360021BEC036022129
:20092000B1C0CB8E21E0C0360121B1C0CBEEC9F8083A2BF5332A5F56D53E04F533FA06C571
:08094000F533CD0015E805C9EF
:020000040000FA
:2017F200E8F8F8053EE22236C5FA15C6F80777F8003601F8077EB7CAB818E5CB46E1CAA232
:2018120018F8052A5F3A2B571A77B7CAA218E60F3D4F079F47696029290911BAC5194D44C4
:2018320021030009E57DF80377E17CF802322A5F561A6F131AB52858E5F806CB7EE1280904
:20185200FA15C6F800AEEA15C6FA16C6F800A6203F69602A666FB42803293034F8007EF8C1
:2018720003223E00322B2B2A5F561A6F131A5D57696023237EF5F8057E26006FF1E5260193
:20189200E533C5D5F5331E04214456CD8B3CE808F8077ECB3F77F8007E8777F80534C20591
:2018B200182334C30518FA17C62115C6A6EA17C6E808C9E8FB01FEC5F8043600F8047ED6A5
:2018D2000428760AB7286B5950131A3D12B720620A12F8045E16006B622929197DC6EA5F52
:2018F2007CCEC5F800732377E1E52323235D541AF80222131A77F8033AB62838D1D51A6F8E
:20191200131A67B52803293029F8022A5F56E1E523237EC5210000E52600E533F5F8072A35
:1C193200666FF1E5D5F5331E04214456CD8B3CE808C10303F804341883E805C948
:020000040002F8
:20403100F8067EB728170E0079D608D00600696029290911BAC519AF22770C18EB11080085
:20405100D5110000D511E2C5D5CDFC3BE806112800D5110000D511BAC5D5CDFC3BE806C901
:20407100F8067EB728170E0079D604C80600696029290911EAC519AF22770C18EB11080021
:20409100D5110000D511FEC5D5CDFC3BE806111400D5110000D511EAC5D5CDFC3BE806C989
:020000040001F9
:20C72E00B7281C5726047BE60328013DCB3FCB1DCB3FCB1DCB3BCB3B2520EB5D1520E57B93
:20C74E00C9B7281E5726047BE603FE0328013CCB3FCB1DCB3FCB1DCB3BCB3B2520E95D152A
:20C76E0020E37BC94F3E049130020E04FA2EDAB720242142C646C55879CD2E47C1E04721B1
:20C78E0043C65EC579CD2E47C1E0482144C65E79CD2E47E049C92142C646C55879CD4F471D
:20C7AE00C1E0472143C65EC579CD4F47C1E0482144C65E79CD4F47E049C9000103070F1FE1
:20C7CE003F01CA470AEA07C62108C636052106C636003E05C37247FA08C6B72004AFC372A6
:20C7EE00472109C63600210AC636002106C636012108C63E0577C37247FA08C6D605200586
:20C80E003E05C372472109C63600210AC636012106C636012108C63600AFC37247FA06C6C3
:20C82E00B7C82109C64E34792107C6A6C0210AC6CB4620152108C67EB7280135FA08C6B7F4
:20C84E00201C2106C6360018152108C67ED605300134FA08C6D60520052106C63600FA08A4
:20C86E00C6C37247FA08C6C3724701C847F8066E2600094D440AEA07C6C91E0721E547CD1F
:20C88E008B3CFA06C6B7C8CDBD011E07212B48CD8B3C18EE1E07210748CD8B3CFA06C6B7FA
:0EC8AE00C8CDBD011E07212B48CD8B3C18EED6
:020000040000FA
:013CB900000A
:020000040002F8
:20000000C5F3F090F5F8067E4FCB3FC60CEA00202640CB412802CBECAF6F16A05F3E0AEA4A
:20002000000079EA00401A473E00EA00003EA9EAAA0A3E56EA55053EA0EAAA0A78770600C6
:20004000BE280BE5E1E5E10520F61E00180913233EC0BA20C81E013EF0EA00403E0AEA004A
:2000600000F1EA0020FBC1C9F80646F800545D2198FF39F9D5E50E68110040F778C11E005A
:20008000D6013813E603F5606933E73B7BB72806F1D60130F1F5F1E1F9C9F3F090F53E00CA
:2000A000EA00003E0CEA00203EF0EA00403EA9EAAA0A3E56EA55053E80EAAA0A3EA9EAAA76
:2000C0000A3E56EA55053E30EA0040110000FA0040FEFF280EE5E1E5E11D20F21520EF1E2B
:2000E0000018021E013E0AEA0000F1EA0020FBC9F800545D21AAFF39F9D5E50E56119A4028
:06010000F7E1E7E1F9C997
:2040B100F8064E211AC87EE6F04779E60FB077210040771E0C69CB3D1979E601CB3707E695
:2040D100E0470E0078C640477DF533110020D51100A0CD9015C9060078D604D0C5C5331E3B
:2040F1000921B140CD8B3C33C10418EC211AC84EC51E0821F040CD8B3C7BC1B7C8C5F80863
:184111007EF5331E08216840CD8B3C33C1211AC87E71210040717BC971
:020000040000FA
:013CBA000009
:20800000E0013E81E002F0020738FBF001C98833010000000100000088330F0000000F0062
:20802000000088330400000004000000883308000000010000005F210BC6460E00C57BCD07
:208040000040C1210BC62270C94F06007891300E041A6F13C5D57DCD3640D1C118EE210C77
:20806000C67ED68120032B7EC93EF0C93B3B43FA0DC6B7202021F7400E0679B7280F2A5F00
:20808000E5C5D57BCD0040D1C1E10D18ED210EC63E8622AF770E10F80078227279B72827B2
:2080A000D1D51A210EC65E23562B0600835F788A732377D1D51A47C578CD0040C10DF800FB
:2080C0003420D9233418D5210DC6347ED6282023FA0EC6CD0040FA0FC6CD0040AFCD0040D5
:2080E000AFCD0040210DC63600AF210EC622773E011801AF3333C98833040080023BF800B3
:2081000077D53E0A111840CD4940D14FF800A647F8037E9028147B421BB020043EF0180BC5
:2081200079E6F02005CDBD0118D77933E133E9210DC636003E0A110E40CD4940F8065EAF76
:2081400057F5333EFFCDFD40C9E8E8F8113600F81F7ECB3FF816772A327EB7CA0B43CD2EB9
:2081600002F81E7E0E0087CB1187CB1187CB1187CB1187CB116F6119E57DF81477E17CF849
:208180001377210DC63600F8177E87F81477F8147EB7CA8E42233600F8127EF81677F81348
:2081A0007EF81777F8157ED614CA7542F8165E2356CD280D21000039E52601E533F533CD6B
:2081C000E239E804210000395D54CD6C40B72803F81134F8117ED609C26842F81136003EA6
:2081E0000A112240CD4940F81F4EAF470BF8145E16007B9120097A902005F8204E18020ED4
:20820000002137DA7106002138DA36E42139DA367F216A01094D44213ADA7922703E0E11BC
:2082200030DACD49403E02F5333E02117800CDFD404FE6F0280479C30B43AFF5333E0211A0
:20824000B004CDFD404FE6F0280479C30B433E0A110E40CD4940AFF5333EFF110A00CDFD8F
:2082600040F81077B7C20B43F815342334C2A4412334C3A441F814352B2B2A5F5621200083
:2082800019E57DF81477E17CF81377C38E41F8117EB7286C3E0A112240CD4940F8207EF8FE
:2082A00017771137DA127EF8142236002138DA36E42139DA367FF8142A5F56216A0119E56F
:2082C0007DF81877E17CF81732113ADA2A12137E123E0E1130DACD49403E02F5333E021182
:2082E0007800CDFD404FE6F0280379181EAFF5333E0211B004CDFD404FE6F0280379180B2B
:0E8300003E0A111840CD4940F81777E818C919
:0E3CBB008833020004000100E47F00000000D6
:20194E000111C60AEA16C6CDCB3BEA15C6022116C6AEE60FC8FA16C62F2115C6A6E60FEA49
:03196E0017C6C9D0
:020000040002F8
:20412900110500D5110000D51110C6D5CDFC3BE8062116C636002115C636002117C636005E
:064149002110C63601C979
:020000040000FA
:04005800FBC371195C
:163CDD00AF2118C60E03EF3E00EA18C6E0023E66E0013E80E00216
:20197100F5E5C5D50E01AFE0022118C67EFE022012F2F53336003E66E23E80E002CD5A26D0
:2019910033182CFE012028F2FE55360028043604180CFA1AC6FE022005773E5518023E66AC
:1A19B100E23E80E0023E00EA1AC63E01EA19C6D1C1E1F041E60220FAF1D91A
:20020A003E01EA18C63E01E002F8027EE0013E81E002C93E02EA18C6AFE0023E55E0013E9E
:04022A0080E002C9A5
:04005000FBC3CB190A
:1519CB00F5E5C5D5CDE71CCD9B26D1C1E1F041E60220FAF1D9C5
:2019E000F045D6962033FAD2C7E043FAD4C7E042FA4AFFB7280BF04AD690D0F04A3DE0454D
:201A0000C9F04BD607200CFA3FDAB72006F040E6FDE040FA40DAE045C9F0452140DA96305E
:201A20001EF04BD6072012FA3FDAB7200CF041CB4F20FAF040E6FDE040FA40DAE045C9F0BE
:201A400041CB4F20FAAFE04BF040E6DFE040FA3EDAB72006F040F602E0403E96E045C9F039
:201A600045D6962015F040E6EFE040FAD2C7E043FAD4C7E0423E47E045C9F041CB4F20FA16
:201A8000F040F610E0403E96E045C92118C97EE04A7ED690300FFA16C9C607E04BF040F66A
:201AA00020E0401809AFE04BF040E6DFE040FA3EDAB72808F040E6FDE0401806F040F60264
:151AC000E040FA8AC6EA85C6FA90C6EA8BC6FA96C6EA91C6C987
:020000040002F8
:1B414F00F311881DCD4D3B11E019CD4D3B115F1ACD4D3BF040E6EFE040FBC930
:020000040000FA
:033CC90000009662
:020000040001F9
:20C8BC003B3B210000360A211AC87EE6F077EA0040211BC63E0422AF770107496960233A8A
:20C8DC006EB52824696023235D541AF80022131A77211BC62A5F56E1E5195D54211BC67B47
:20C8FC0022720303030318D43333C994CB000E53CA300183CB020085CB020087CB02008927
:20C91C00CB02008BCB0100BAC52800E2C50800EAC51400FEC5080037C601003CC6020023CE
:20C93C00C6140020C5030078C5020038C54000B1C04404F5C40200F9C40200FFC4010001A5
:20C95C00C50200B8D9020000000000E8F9F80222AF2222AF4F223600F8067EF80296304897
:20C97C0023D52A5F56211BC62A666F19D1E57DF80577E17CF80432D52A5F56211BC62A6632
:20C99C006F19D13333E5F800AF96233E209E3013F805347E4FD60338050100001822AFF842
:20C9BC00032277F8063418B07912F8032A5F562100A019E57DF80777E17CF806322A4F4662
:20C9DC00E807C9E8F7F8005D54F80F7ECD674978B1CA9D4AF8005E211AC87EE6F0577BE6BA
:20C9FC000FB277EA00405950FA6005F80577FA6105F80677FA6205F80777FA6305F80877B8
:20CA1C00F8052A12132A12132A12137E1221040009E57DF80777E17CF8062236072336491E
:20CA3C00F8072A5F561A4F131A47B128542B2A5F5621020019E57DF80377E17CF802322A25
:20CA5C005F2A571A22131A222A5F56F8032A666FE5CD330FF8012A5F561A4F131A47F805D0
:20CA7C002A666F09E57DF80777E17CF806222A5F5621040019E57DF80977E17CF80877185A
:20CA9C009FE809C9E8F7F8005D54F80F7ECD6749F807792270F8083AB6CAB14BF800462178
:20CABC001AC87EE6F04F78E60FB177EA0040F8072A4F4659501AF80322131A22131A2213C7
:20CADC001A772160052A4F2A472A5F56F8037E91200F237E90200A237E932005237E922812
:20CAFC0004AFC3B14BF8072A5F5621040019E57DF80777E17CF806223607233649F8072A2F
:20CB1C005F561AF80122131A773AB62856F8072A5F5621020019E57DF80577E17CF8043282
:20CB3C002A5F2A571A4F131A5E23466967E54BF8032A5F56CD330FF8032A5F2A571A4F1308
:20CB5C001A472A666F09E57DF80777E17CF806222A5F5621040019E57DF80977E17CF808A7
:20CB7C0077189AFA37C63C280EFA3CC6EA3AC6FA3DC6EA3BC6181CAFE021AFE01CAFE01704
:20CB9C00AFE0123EC0E0233EC0E0193EC0E0143EFFE0253E01E809C93BF8005D54F8077E52
:20CBBC00CD6749597857B1281AF80046211AC87EE6F04F78E60FB177EA0040AF1213121325
:20CBDC0012131233C9E8F7F8005D54F80F7ECD674978B1CA7F4CF80056211AC87EE6F05FBA
:20CBFC007AE60FB377EA004069605D541AF80122131A22131A22131A77216005545DF80531
:20CC1C001A22131A22131A22131A77F8017EF805962018F8027EF806962010F8037EF80784
:20CC3C00962008F8047EF808962803AF1835F8133AB6282D7EF80777F8137EF80832CB26F3
:20CC5C0023CB1603030303F8102A5E87CB13814F7B8847F8142A5F56F8072A666FE5CD33CB
:20CC7C000F3E01E809C9E8F5F8132AD6ED7EDEFF563EFFCB7F2807CB7A2008BF1805CB7AC6
:20CC9C00280137300501EDFF182AF8132A4F465816003E13B93E0098CB7B2807CB7A2008BA
:20CCBC00BF1805CB7A28013730050113001805F8132A4F46F8112AD6EF7EDEFF563EFFCBF6
:20CCDC007F2807CB7A2008BF1805CB7A2801373009F8003EEF2236FF1837F8117EF8097799
:20CCFC00F8127EF80A323E1196233E009E3E0057CB7E2807CB7A2008BF1805CB7A2801377D
:20CD1C0030051E11AF1805F8112A5F7EF800732377F8027922702A07E60177F8007EF805AB
:20CD3C0077F8017EF8067769602929290929E57DF80977E17CF80877F8005EAF93F8097740
:20CD5C00F804CB46203723AF96233E009E3E0057CB7E2807CB7A2008BF1805CB7A280137F1
:20CD7C00381B011B4EF8072A666F094D44F8096E2600094D440A4F3E4091C3184EF8067E06
:20CD9C0007E601F80A77F804CB46201BF80ACB462015011B4EF8072A666F094D44E1E509AF
:20CDBC004D440AC6401855AF914F9F9047696029292909294D44F802AF96233E009E3E00C1
:20CDDC0057CB7E2807CB7A2008BF1805CB7A2801373818F80ACB462012211B4E094D44E1E0
:20CDFC00E5094D440A4F3EC0911811211B4E094D44F8096E2600094D440AC6C0E80BC940A8
:20CE1C00404040404040404040404040404040404000202D333638393A3B3B3C3C3D3D3DB0
:20CE3C003D3D3E001320282D30333536373839393A3A3B3B3B000D1820262A2D3031333438
:20CE5C0035363737383839000A131A2025282B2D2F3032333435353637000810161B2024DC
:20CE7C0027292B2D2F30313233343400070D13181C202326282A2C2D2E3030313200060B20
:20CE9C001015191D20232527292A2C2D2E2F3000050A0F13171A1D20222526282A2B2C2D71
:20CEBC002E0005090D1115181B1E2022242627292A2B2C0004080C101316191B1E20222430
:20CEDC00252728292A0004070B0E1114171A1C1E202223252627290003070A0D1013161849
:20CEFC001A1C1E202223252627000306090C0F121416191B1D1E2022232425000306090B48
:20CF1C000E10131517191B1D1E20212324000305080B0D10121416181A1B1D1F2021230040
:20CF3C000305080A0C0F11131517191A1C1D1F202100020507090C0E1012141617191B1CA0
:20CF5C001D1F2000020507090B0D0F1113151618191B1C1E1F00020406080A0C0E101214B9
:07CF7C001517181A1B1D1EFA
:020000040000FA
:201AD500E8FAF8027B227A22010040AF227778B12845F8047EB1F80077F8057EB0F8017788
:201AF500F805CB3E2BCB1EF8025D54F8001A1396231A9E3818F8022A5F56E1E57B955F7A9E
:201B15009CF803327B22237EB1227EB077CB38CB19CB38CB1918B7F8047EE806C90003065A
:201B3500090C101316191C1F2225282B2E313336393C3F414447494C4E515355585A5C5EC4
:201B550060626466686A6B6D6F70717374757678797A7A7B7C7D7D7E7E7E7F7F7F7F7F7FCE
:201B75007F7E7E7E7D7D7C7B7A7A79787675747371706F6D6B6A68666462605E5C5A585568
:201B950053514E4C494744413F3C393633312E2B2825221F1C191613100C09060300FDFA25
:201BB500F7F4F0EDEAE7E4E1DEDBD8D5D2CFCDCAC7C4C1BFBCB9B7B4B2AFADABA8A6A4A2DC
:201BD500A09E9C9A9896959391908F8D8C8B8A888786868584838382828281818181818192
:201BF5008182828283838485868687888A8B8C8D8F9091939596989A9C9EA0A2A4A6A8ABB8
:201C1500ADAFB2B4B7B9BCBFC1C4C7CACDCFD2D5D8DBDEE1E4E7EAEDF0F4F7FAFD000101C1
:091C35000000FFFF00804000C028
:201C3E00B7C02121C6347EE603772122C69620082122C6347EE603773E1D2121C6864F3E9D
:201C5E00C6CE00477B02C9E8FDFA21C62122C6962874F32122C6347EE60377C61D4F3EC600
:201C7E00CE00470AF80077FB7EE6034F060069602929097DC6234F7CCEC6F8017123322A2F
:201C9E00666F2323232A4F4678B1283AF8012A5F561A6F131A67B528032930ADF8002ACBD6
:201CBE0037E60F5F16002A666F23237ED52601E533F8045E2356D5C5F5331E04214456CD4F
:201CDE008B3CE8081883E803C9FAEBC73C2839FA40C62138C6B64FFA39C691280821D7D9E8
:201CFE00712139C671CD8125B7201DFA40C6EAD7D9EA39C621D6D936642138C636002141B9
:201D1E00C6360021EBC736FFFA3FC6B7C0FA37C63CC8213EC6347EE603C0F0904F2137C6C3
:201D3E007EE0907EEA0020213BC63AB6282FAFE021AFE01CAFE017AFE0123EC0E0233EC005
:201D5E00E0193EC0E0143EFFE0252A5F56FA37C6C5CD8D05C1AF213AC622771805C5CDFC69
:0A1D7E0009C179E09021002071C92D
:020000040002F8
:200106002137C636FF21EBC736FFAF21ECC722773E80E0263EFFE0253E77E024AFE021AF44
:20012600E01CAFE017AFE0123EC0E0233EC0E0193EC0E0143EFFE025213EC63600213FC6C9
:2001460036002138C636002140C636002139C6360021D7D936002141C63600C9F8067EB7FA
:2001660028180E0079D6043022060069602929091123C619AF22770C18EA111400D51100E8
:2001860000D51123C6D5CDFC3BE806F32122C636002121C63600FBC9FA21C62122C69628E7
:2001A6001DF32122C6347EE60377C61D4F3EC6CE00470A4FFB79E6044779E6F0B0C9AFC985
:2001C600EA3FC6B7C8AFE021AFE01CAFE017AFE0123EC0E0233EC0E0193EC0E0143EFFE002
:0201E60025C929
:0E416A002144C6361B2142C63E1B223687C9A1
:020000040000FA
:201D88002197C62A666F2A5F2AE045B7280416001804FAD4C757F041CB4F20FA7BEA43FFD9
:1D1DA8007AE042F045B7280C11040019547D2197C62272C92197C63E852236C6C960
:20D58900111200D50197551185C6CD330FC9000F02000200001F010202000000000410001E
:201DC500E8F7FAC5C7EACAC7FAC6C7EACBC7AF21CCC72277F090EAC9C721CBC73AB6CA3B7D
:201DE500227EF80577FACBC7F806322A5F5621130019E57DF80977E17CF808322A5F561A80
:201E0500B7205A2B2B2B2A5F56212300192A4F46F80779227021CDC73AB6280C2A5F56212D
:201E2500230019792270180621C5C779227021CAC72A4F46212300094D4421C7C72A020353
:201E45007E02FACAC7EAC7C7FACBC7EAC8C7F8077EEACAC7F8087EEACBC7C3DE1D4F0DF8F1
:201E6500072A666F7121CAC72A4F46211D00097E212FDAA6203821090009347E21CAC72AC7
:201E85005F56210900194D440AF80777210B00197EF80877F8072A9620146B627EE60120B5
:201EA50008210A00197E021805F8077E3D0221CAC72A4F46696023E57DF80777E17CF806E8
:201EC500322A5F2A571A22131A77210500092A4F46F8072A666F094D44F8052A666F7922C4
:201EE5007021CAC72A4F4621030009E57DF80777E17CF806322A5F2A571A22131A77210758
:201F050000092A4F46F8072A5F567B915F7A98474BF8052A666F792270212FDA4EFACAC7FD
:201F2500F80077FACBC7F80177CB41C27C20D1D56B6223E57DF80777E17CF80677D1D521C0
:201F45000C0019E57DF80977E17CF80877AFF533110000D5F8085E235623D55E2356D51E53
:201F65000321614ACD8B3CE807F806792270FACAC7F80077FACBC7F80177F8073AB6CA7CD6
:201F8500202A5F56212F00194D440A4FD1D5212200195D541AA1CA7C20F8062A5F562125F3
:201FA50000194D440AF808777EB7285F2B2B2A5F56212D00194D442A666F29304ED1D5219B
:201FC5002100195D541AF80022AF22792270F8062A5F5621260019E57DF80677E17CF80593
:201FE500322A5F2A571A22131A77D1D5D53E01F533F8052A5F56D5F80B2A5F2A57D57EF5D8
:20200500331E04214456CD8B3CE808FACAC7F80077FACBC7F801322A4E6F617E0FE601209A
:2020250056D1D5212300192A4F46F80779227021CDC73AB6280C2A5F562123001979227059
:20204500180621C5C779227021CAC72A4F46212300094D4421C7C72A02037E02FACAC7EA83
:20206500C7C7FACBC7EAC8C7F8077EEACAC7F8087EEACBC7C3DE1DD1D56B6223E57DF8091F
:2020850077E17CF808322A5F3A571A22131A77CB2E2BCB1E23CB2E2BCB1E23CB2E2BCB1ECE
:2020A50023CB2E2BCB1E2A7721D2C74EF8087E91C608F80277D1D521030019E57DF8097737
:2020C500E17CF808322A5F3A571A22131A77CB2E2BCB1E23CB2E2BCB1E23CB2E2BCB1E23E2
:2020E500CB2E2BCB1E2A7721D4C74EF8087E91C608F803323EA0963807233E9096D2A2214A
:20210500D1D521230019E57DF80977E17CF808322A5F561AF80122131A322A23322A237798
:2021250021CDC73AB628277EF80577FACDC7F806322A5F5621230019E57DF80977E17CF88B
:2021450008322A5F56F8012A12137E12180CF8017EEAC5C7F8027EEAC6C7FACAC7F805778A
:20216500FACBC7F806322A5F5621230019E57DF80977E17CF808322A5F5621C7C72A12131C
:202185007E12FACAC7EAC7C7FACBC7EAC8C7F8037EEACAC7F8047EEACBC7C3DE1DD1D52133
:2021A5001000194D440AE0900AEA0020D1D5211100192A4F46FA07C5F80477D1D52114000E
:2021C500195D541AEA2CDA030303F807792278322A5F561AF80522131A77D1D52109001934
:2021E500E57DF80977E17CF808322A5F561A6F2600294D44F8052A666F092A4F46212ADA40
:20220500792270212DDA3600F8033A472A235F507ECDF60E2107C5867721CAC72A4F46210D
:20222500CCC7792270212300095D541A21CAC722131A77C3DE1DFAC9C7E090EA0020E809B8
:20224500C9E8FDFAC5C7EACAC7FAC6C7EACBC7AF21CCC72277F090EAC9C721CBC73AB6CA64
:2022650090232A4F466960232A666FCB2CCB1DCB2CCB1DCB2CCB1DCB2CCB1D7DC60821D242
:20228500C75E93F8007769602323232A666FCB2CCB1DCB2CCB1DCB2CCB1DCB2CCB1D7DC622
:2022A5000821D4C75E93F801323EA0963806233E90963060212300095D541AF80122131A10
:2022C50077F8012A4F4621CDC73AB628122A5F56212300195D54F8012A12137E12180CF80A
:2022E500017EEAC5C7F8027EEAC6C721CAC72A5F56212300195D5421C7C72A12137E12FACE
:20230500CAC7EAC7C7FACBC7EAC8C721CAC7792270C35F22211000095D541AE0901AEA0030
:2023250020211100092A6E5F55FA07C5F80277211400097EEA2CDA6B622323232A666F7960
:20234500C6094F3001040A4F0600CB21CB10092A4F46212ADA792270212DDA3600F8013A76
:20236500472A235F507ECDF60E2107C5867721CAC72A4F4621CCC7792270212300095D54AE
:162385001A21CAC722131A77C35F22FAC9C7E090EA0020E803C9B4
:020000040001F9
:20400000AF21C7C72277AF21C5C722770199C679D65278DEC7D0212300095D5421C7C72AEF
:2040200012133A12792270212500094D4418E0E8EEFAC7C7F80277FAC8C7F803773AB6CAA8
:204040002644F8184E0600696029290929092909E57DF81277E17CF811771152C73A6E6711
:20406000194D44F8022A5F56210C0019E57DF81177E17CF810322A5F56211700E5CD330FF3
:20408000F81136023EE0F81B9638237ED6A03806F811360318183E60F81B963006F811365D
:2040A00000180BF81B7ED6203804F8113601F8022A4F46F81C7EE6016F0AE6FEB502F8029A
:2040C0002A4F46F81C7E0FE60107E6026F0AE6FDB502F8022A5F56210900195D54F80F7E45
:2040E000F80477F8107EF80577D5F8112A5F5621090019D14D44F8117E87814F3E00884706
:204100000A12F8022A5F56210A00195D540A12F8022A5F56210B00195D54030A3C12F80F68
:204120002A5F56211300192A4F7EF810712377F8022A4F4603F8197EF80E77F81A7EF80FEA
:20414000322A5F561AF80C22131A3259502A12137E12F806792278220303792270F80E2AB3
:20416000666F23232A4F46F8082A666F79227011321BF81B6E2600194D440AF80A77F81B16
:204180007EC6405F21321B1600197EF80B77F80A4E79079F47696029092909290929092937
:2041A00009290929094D44CB28CB19CB28CB19CB28CB19CB28CB19CB28CB19CB28CB19CB2C
:2041C00028CB19F80B5E7B079F576B622919291929192919291929192919E57DF81077E19D
:2041E0007CF80F323A2B77F80F3A2B77CB2E2BCB1E23CB2E2BCB1E23CB2E2BCB1E23CB2EC2
:204200002BCB1E23CB2E2BCB1E23CB2E2BCB1E23CB2E2BCB1EF8103EFF96233E009E30618F
:20422000F8062A5F561A6F131A67095D7CF80E732377F8062A5F56F80E2A12137E12F808CD
:204240002A5F561AF80E22131A327EF80077F80F7EF80177D1D5F80C2A666F7B955F7A9CCE
:20426000F80F3273F8082A5F56F80E2A12132A122A5F5621FF007B955F7A9CF811327318D8
:2042800094AFF810B6CA5B43F8062A5F561AF80E22131A222A775EF80A7ECD910DF80C79E0
:2042A0002270F80DCB2E2BCB1E23CB2E2BCB1E23CB2E2BCB1E23CB2E2BCB1E23CB2E2BCBB8
:2042C0001E23CB2E2BCB1E23CB2E2BCB1E23237EF80077F80F7EF80177D1D5F80C2A666F8F
:2042E000194D44F8062A666F792270F8082A5F561AF80F22131A225EF80B7ECD910DF80D4C
:20430000792270F80D7EF80A77F80E7EF80B77CB2E2BCB1E23CB2E2BCB1E23CB2E2BCB1E2B
:2043200023CB2E2BCB1E23CB2E2BCB1E23CB2E2BCB1E23CB2E2BCB1EF80F7EF80C77F810B5
:204340007EF80D322A5F56F80A2A666F7B955F7A9C4B47F8082A666F792270F8042A5F56CC
:20436000211200194D440AF81077F81B7EF81177F8022A5F56210500194D4411321BF811B6
:204380006E2600195D541A57C5F8125E7ACD910D5950C1CB2ACB1BCB2ACB1BCB2ACB1BCB76
:2043A0002ACB1BCB2ACB1BCB2ACB1BCB2ACB1B69607B22720303F8117EC6405F21321B160E
:2043C000001956C5F8125E7ACD910D5950C1CB2ACB1BCB2ACB1BCB2ACB1BCB2ACB1BCB2A91
:2043E000CB1BCB2ACB1BCB2ACB1B7B02037A0221C8C73AB628112A4F46212300095D541A75
:2044000021C7C722131A77F8022A5F56212300194D4421C5C72A02037E02F8027EEAC5C716
:09442000F8037EEAC6C7E812C9E0
:020000040000FA
:16022E00F040CB772808180AF040CB5F2004110098C911009CC990
:020000040002F8
:20417800F8093AB7C8573A5F3A6E67C515281C444D3E20856F8C9567E5D5F041E60220FAF8
:1D4198002A02031D20F4D1E11520E4E5F80E56E1F041E60220FA7A221D20F5C1C932
:020000040000FA
:20239B00F0904F21E1C77ED60730034618020607FA23C5E090EA0020C5FA2CC5F533212416
:2023BB00C52A5F56D53E01F533C533FAE0C767FADFC76FE5CDAD24E807C121DFC77E8077A4
:2023DB0021E1C77E907779E09021002071C947F0904FFA23C5E090EA00203E17212CC596C1
:2023FB00300416171804212CC556C5FA2CC5F5332124C56EFA25C567E53E01F533D5C53329
:20241B00CDAD24E807C179E09021002071C947F0904FFA23C5E090EA0020C5FA2CC5F533A5
:20243B002124C56EFA25C567E5F8077EF5331601D5C533CDAD24E807C179E0902100207167
:20245B00E133E9F0904F21DEC77ED60730034618020607FA23C5E09021002077E09077C51E
:20247B00FA2CC5F5332124C52A5F56D50E01C5FADDC767FADCC76FE5CDAD24E807C121DD5A
:12249B00C77E807721DEC77E907779E09021002071C944
:020000040001F9
:20442900AF21D2C72277AF21D4C72277AF21D6C72277AF21D8C7227721DAC7360021DBC7A4
:2044490036001E05215344C38B3C21E1C7360021DEC7360021CEC73EFF22367F21D0C73EFD
:20446900FF22367F212FDA3600C93B3B2114C52A4F46CB28CB19CB28CB19CB28CB19CB288D
:20448900CB1979C6B04F78CEFF472116C52A5F56CB2ACB1BCB2ACB1BCB2ACB1BCB2ACB1B1E
:2044A9007BC6B85F7ACEFF57CB78280501000018183333C5D511D6C7F8021A1396231A9E16
:2044C900D1300621D6C72A4F46CB7A280511000018183333D5D511D8C7F8021A1396231AE2
:2044E9009ED1300621D8C72A5F56FACEC7EAE6C7FACFC721E7C777CB2E2BCB1E23CB2E2B1F
:20450900CB1E23CB2E2BCB1EFAD0C7EAE2C7FAD1C721E3C777CB2E2BCB1E23CB2E2BCB1E44
:2045290023CB2E2BCB1E21E8C7792270CB2E2BCB1E23CB2E2BCB1E23CB2E2BCB1E21E4C72E
:204549007B2272CB2E2BCB1E23CB2E2BCB1E23CB2E2BCB1E21CEC779227021D0C77B22724E
:20456900FADAC7F80022079F77E1E5097DEAD2C77CEAD3C7FADBC74F079F47798321D4C701
:2045890022788A771185C6CDAA45B72011118BC6CDAA45B720081191C63333C3AA45333394
:2045A900C9E8F1F80D7B227A322A4F46030AF80A77F80D2A5F5621050019E57DF80D77E1DB
:2045C9007CF80C222A5F56210300193333E5F80A7EB7CA1947F80D2A4F4603030A4FD67FF0
:2045E9002007AFF80522771830CB792817AF914721D2C72A4E04180387CB110520FAF80524
:204609002271181521D2C72A475E0C1804CB2BCB180D20F9F805782273F8054EF80B2A6639
:204629006F71F8052A4F2A47CB38CB19CB38CB19CB38CB197121E8C72A4F460BF8072A774A
:20464900F80D2A5F5621040019E57DF80B77E17CF80A7721E6C77E91201E237E902019F800
:20466900082AC6154F2A5F561A47D1D51A6FC55D3379CD2924C3154721E8C72A5F566B62E3
:2046890023E57DF80D77E17CF80C77FAE6C7F80B96204EFAE7C7F80C962046F8077EF80B62
:2046A90022AF322A5F562101007B955F7A9CF807327B22CB7E2807AFF80B2277180CF808B3
:2046C9007E3DF80C773A22079F77F80B3A2B4F2A5F561A47D1D51A6FC55D3379CD292418FC
:2046E9002BFAE6C721E8C7962009FAE7C721E9C7962819F8092A5F561A47D1D51AC533F512
:2047090033010000F8072A5F56CD534AAFC3404A21D2C74EF80B2A666F7121E8C72A5F56EE
:204729002101007B955F7A9CF80B3273FAE8C7F80C7721E4C72A5F562101007B955F7A9CAB
:20474900F8033273FAE4C73DF804322A2307E601322A2322079F77FAE6C7F80A96C20C4852
:20476900FAE7C7F80B96C20C48F80C7EC615F80822D1D51A772A23223600F80B5D54F802D0
:204789001A1396231A9E1A57CB7E2807CB7A2008BF1805CB7A2801373E0017F80A77B728EE
:2047A9000CF8027EF80B77F8037EF80C77F80CCB7E28062BAF2277181BF80A7EB72808F87E
:2047C900047EF80C771806F8097EF80C77F80C3A22079F77F80B4EF8057EB728051100007D
:2047E9001804F8062A5F43C559F80A7ECD0B4BC1C533F8097EF5331E03211244CD8B3CE19C
:20480900C30F4921E8C72A4F460321E6C77E91C2D548237E90C2D548F80BCB7E28040E0090
:204829001806F80C7E3D4F07F8087922D1D51A772A23223600F80B5D54F8021A1396231A17
:204849009E1A57CB7E2807CB7A2008BF1805CB7A2801373E0017F80A77B7280CF8027EF8B1
:204869000B77F8037EF80C77F80CCB7E28062BAF2277181BF80A7EB72808F8047EF80C773C
:204889001806F8097EF80C77F80C3A22079F77F80B2A77F8057EB72807AFF80A2277180C07
:2048A900F8067EF80A77F8077EF80B77F80A2A225EF8087ECD0B4BF80B7EF533F8097EF599
:2048C900331E03211244CD8B3CE1183AFAE6C721E8C7962009FAE7C721E9C7962828213750
:2048E900C57E3D2005D1D51A18023EFF2615E533F53321D4C72A4F4621D2C72A5F56CD5344
:204909004A3E01C3404A21E4C72A5F562101007B955F7A9CF808327321E8C72A4F3A470BEC
:204929005EFAE4C7F809777B3DF80C322B7807E60122233A22079F77FAE2C7F80796203727
:20494900FAE3C7F80896202FF80A7EB7280423AF2277F80B2A77F8092A23C613772A5F7EAE
:20496900CDE94AF80B2AF5337EF5331E03211B43CD8B3CE1C3264A21E4C72A4F460321E25A
:20498900C77E91205F237E90205AF80A7EB7280423AF2277F80B2A32D1D51A77F805223655
:2049A90000F8075D54F8051A1396231A9E1A57CB7E2807CB7A2008BF1805CB7A2801373894
:2049C90006F8092A233D77F80B2A47C5587ECDE94AC1C533F80D7EF5331E03211B43CD8B5B
:2049E9003CE11839FAE2C721E4C7962009FAE3C721E5C79628272137C57E3D2005D1D51AFF
:204A090018023EFF2615E533F53321D4C72A4F4621D2C72A5F56CD534A3E01181AFA2FDAC9
:204A29000F3812FADEC7B72803CD5E24FAE1C7B72803CD9B233E01E80FC91E05215344CD8E
:204A49008B3C1E05217344C38B3CE8FCF80279227021E1C7360021DEC736003333D5F801E9
:204A6900CB2E2BCB1E23CB2E2BCB1E23CB2E2BCB1EC1C50BCB7828040E001806F8007E3DE1
:204A89004F07F80179222A4F46CB28CB19CB28CB19CB28CB19F8067E5F079F576B6209CB66
:204AA9007C28040E00180679F806864F07410E00F8077E912825FA2DC590281FC558F80341
:204AC9007ECDE923C1C5C533F8047EF5331E03211B43CD8B3CE1C10C0418D5E804E1F1E9DC
:204AE90057FAE1C7B72807D5CD9B23D118F37B212DC596D021DFC77221E0C77321E1C7362B
:204B090017C9474BFADEC7B72807C5CD5E24C118F321DCC77021DDC771FA2DC506005916EA
:204B290000936F789A475816003E15BD3E0098CB7B2807CB7A2008BF1805CB7A280137302A
:0D4B4900043E151804FA2DC591EADEC7C917
:020000040000FA
:013CCC0000F7
:2024AD00F8022A474EF8087EF80496EAEAC78616005F79210000CB3F300119CB23CB12B740
:2024CD0020F478856F8C9567545DF8062A666F19444DF8022AE61F577EE61F5FF8053A6690
:2024ED006F1836F8022A4F2A47F090F52AE090EA00202A232396EAEAC72B2B2AE61F572A6E
:20250D00E61F5F2A6E67CD1D25F1E090EA0020C9E5F040CB772809180CE5F040CB5F2005F8
:20252D00210098180321009CC5CB33CB037BE60384473EE0A3824FE1D1D5C5FA41DA865F65
:20254D00F041E60220FA7B022379E6E05F793CE61FB34F1520E5FAEAC7856F8C9567C1D16E
:14256D001DC8D578E6FC5F3E20814F8891E603B347C518C719
:2025810021ECC72A5FB6C85621EEC7AFB6280235C9626BF0905FFAEBC73CC83DE090EA00B3
:2025A10020160F7ECB37A2EAEEC72AA257CA49262A47E607FE053862FE072858F0254FE6EE
:2025C100BBE025AFEA1AFF2AE0302AE0312AE0322AE0332AE0342AE0352AE0362AE0372A72
:2025E100E0382AE0392AE03A2AE03B2AE03C2AE03D2AE03E2AE03F78FE0620133E80E01A71
:202601003EFEE01B3E20E01CAFE01D3EC7E01E79E025183021000055182F4F878781C61042
:202621004FCB2030022AE20CCB2030022AE20CCB2030022AE20CCB2030022AE20CCB20305B
:19264100022AE20C15C2B125147DEAECC77CEAEDC77BE090EA00207AC939
:020000040001F9
:20CF8300E8EAF8004D445950211400E56CE5D5CDFC3BE8063EB902F8013601C5CD5C0EE152
:20CFA3003EE4E0493EE4E0483EE4E047AFE042AFE043F040F81477F040E6FDE040F040E6F1
:20CFC300DFE040F040F601E040F040F680E0401100007AD60E282721000039AFFE1428063B
:20CFE30073231C3C18F6D521020039E5211401E5D533AFF533CDA53CE806D11418D459500C
:20D00300211400E56CE5D5CDFC3BE806F81EAF96233E209E30051100001819F81E2A5F56F5
:20D02300CB3ACB1BCB3ACB1BCB3ACB1BCB3ACB1BCB3ACB1BF815737EB728053E809630668A
:20D04300C5F8227EF533F81F2A5F56D5AF0FF5CDE414E805C13E9902F8013600C5CD5C0E53
:20D06300E1F8157EB728047EC68077F81C2A5F5621001019E57DF81E77E17CF81D77F81501
:20D083007E87C5F82266E533F81F5E2356D5672E00E5CDE414E805C13E9902F8013601C5AD
:20D0A300CD5C0EE11826F8157E87C5F82266E533F81F5E2356D5672E00E5CDE414E805C1F8
:20D0C3003E9902F8013600C5CD5C0EE1F8232A5F2A57CB3ACB1BCB3ACB1BCB3ACB1BCB3A7D
:20D0E300CB1B7BC566E533F8245E2356D5672E00E5CDE414E805C1F8282A5F2A57CB3ACBDA
:20D103001BCB3ACB1BCB3ACB1BCB3ACB1B7BC566E533F8295E2356D5672E80E5CDE414E8FE
:20D1230005C13EA102F8013600C5CD5C0EE1F8147EE0405950211000E56CE5D5CDFC3BE8BE
:20D1430006C5AF3CF5CD883AE804AF672E12E53E14F533AF0FF5CDA93BE8053EB902F801AE
:0AD163003600C5CD5C0EE1E816C9E8
:020000040000FA
:20265A002110C87EB72829352111C82A4F46F8027E022111C834200223342110C87EB7C2E2
:20267A001D022111C836F02336C72113C83601C9F8027EEA10C82111C836F02336C7C31D8B
:20269A0002FA18C6D604201F21EFC736002114C836002110C836002111C836F02336C7215D
:2026BA0018C636001E00C9FA19C6B72838FA14C8B7282D2119C63600FA14C83D2005211A8A
:2026DA00C636022115C86EFA16C867462115C83420022334C533CD0A02332114C8351805F3
:0826FA002117C836011E01C9B9
:020000040002F8
:2041B50021EFC736002110C8360001F0C72111C87922702113C836002114C836002115C88E
:0941D5007922702117C83600C9D7
:020000040000FA
:200244002181051803218705FA36C55F8783856F8C9567F090F52AE090EA00202A666FE752
:07026400F1E090EA0020C95F
:020000040001F9
:20D16D002113C936002114C936002115C936FFC9011BC8F8065EAF6B67292929095D542127
:20D18D000700197E0FD0210400194D44210500192A666F0A47110100D53E01F53311000048
:20D1AD00D5E5C5331E04214456CD8B3CE808C9F8087EB720142B2B7E2113C996200BF8078C
:20D1CD007E2114C9962002AFC9F8073A577E5FD51E07216F54CD8B3CE147F8067EEA13C94D
:20D1ED00F8077EEA14C9783C280EC5331E07217D51CD8B3C333E01C9AFC9E8F6F8127EF843
:20D20D000877F8137EF809322A5F561A4F131A475950CB2ACB1BCB2ACB1BCB2ACB1BCB2ADB
:20D22D00CB1BF8102A4F460A6F079F6719CB2CCB1DCB2CCB1DCB2CCB1DE57DF80277E169DB
:20D24D0060237E6F079F67195D54CB2ACB1BCB2ACB1BCB2ACB1BF80173F8082A666F232338
:20D26D002A665F54CB2ACB1BCB2ACB1BCB2ACB1BCB2ACB1B696023237E6F079F6719CB2CD9
:20D28D00CB1DCB2CCB1DCB2CCB1DE57DF80477E10303030A6F079F67194D44CB28CB19CB4A
:20D2AD0028CB19CB28CB19F803792236000E00FA42DA9128676926002929295D54211BC8AF
:20D2CD0019E57DF80777E17CF806322A5F2A571A47322B2A5F2A2357131A5F73F8052A6642
:20D2ED006F23237E803DF80977F8052A666F2323237E834705F8097EF800963819237EF810
:20D30D000796381278F80296380C237EF808963805F8047E18080CF8047118933EFFE80A6C
:20D32D00C9E8FCF80C5E2356D5F80C5E2356D51E07210752CD8B3CE804F800770E00FA1528
:20D34D00C9F800963E012801AFF80177F80E7EB7200AF8017EB72804AFC36C54F8007E3C3F
:20D36D003E012801AF5FF8002A2347AFCB208FCB208FCB208F702377FA15C93CCA22547BA8
:20D38D00B72007F801CB46C22254CB43203D111BC8F8022A666F195D54210700197E0F3040
:20D3AD002A210400194D44210500192A6E5F550A010100C52601E533010000C5D5F5331EEB
:20D3CD0004214456CD8B3CE8080E01111BC82115C96EAF67292929195D5421070019CB4ED8
:20D3ED00282A210400194D44210500192A666F0A47110200D53E01F533110000D5E5C5335E
:20D40D001E04214456CD8B3CE8080E01F8007EEA15C979184AF8007EEA15C9CB43203F11BA
:20D42D001BC8F8022A666F195D54210700197E0F302C210400194D44210500192A666F0AF8
:20D44D0047110100D53E01F533110000D5E5C5331E04214456CD8B3CE8083E011801AFE817
:20D46D0004C9E8F8F80036000E00FA42DA91CAFB5469AF672929297DC61B5F7CCEC8571ABC
:20D48D00476B62237EF801776B6223237E803DF802321313131A8623233D77F80E5E160093
:20D4AD0013F8047B227A2278223600F8045D54F8061A1396231A9E1A57CB7E2807CB7A20B0
:20D4CD0008BF1805CB7A280137381CF8027EF80E963814237EF80196380D23237EF80F962C
:13D4ED003805F8007E18090CF80071C377543EFFE808C95F
:020000040000FA
:013CCD0000F6
:2040000021E0DF11F0DF1A22131A22131A22131A22131A22131A22131A22131A22131A222C
:20402000131A22131A22131A22131A22131A22131A22131A2213FA23C92222222222222270
:20404000222222222222222222C9F8022AB711FFFFC85F7ACB3F1D20FB5E1C1804371FCBE1
:204060001A1D20F95FC9F8022AB711FFFFC85F7ACB271D20FB5E1C18043717CB121D20F91C
:024080005FC916
:20026B0000000103070F1F3FF806F090F53AE090EA00203A573A5F3A6E673E08F51A4FFAFD
:20028B0030CAA94F131A47FA30CAA84713FA2FCACB272834381ACB3FCB3F3004CB39CB3815
:2002AB00B72825CB39CB38CB39CB383D20F51818CB3FCB3F3004CB21CB20B7280BCB21CBDF
:2002CB0020CB21CB203D20F5FA2ECAA677FA2ECA2FA1B622FA2ECAA677FA2ECA2FA0B62279
:2002EB00F13D2098F1E090EA0020C9F8053A4F3A5F3A6E6779B72824F041E60220FA732366
:1D030B000D28191C4105280CF041E60220FA73230D0520F41CF041E60220FA73C977
:202702000E00FA18C92119C99628363E6B211AC9864F3E02CE00470A212FDAA62021FA1AD1
:20272200C9B70E0228020E01FA18C92119C99630082118C97E817718062118C97E91770EF6
:2027420001FA16C92117C99628363E6B211AC9864F3E02CE00470A212FDAA62021FA1AC9D9
:20276200B70E0228020E01FA16C92117C99630082116C97E817718062116C97E91770E0186
:2027820079B7C0FA1BC9B7C0FA21C9B72818FA16C606002F4F782FFA15C6A1E6302807213A
:2027A20022C936011808FA2FDA211CC9A6C01E01215144CD8B3C4FFA22C9B72006FA20C909
:2027C200B72006FA1BC9B728E579B7C8FA44CA3CC82143CA4E2145CA2A5F562144CA463E36
:2027E200042141C696D821EBC736FF2141C63604FA38C66F0F3007AFE0123EC0E014CB4D7B
:202802002807AFE0173EC0E019CB552803AFE01CCB5D2807AFE0213EC0E0233EFFE0252189
:1828220038C67121EBC736FF21EEC7360021ECC77B227221EBC770C92C
:204082002131CA3600213BCA3600016E050AEA3ACA216F052A4F46FA3ACAF533110800D59C
:2040A2001132CACD9015211DC93600211EC93600211FC936002121C936012123C93600AF91
:2040C2002123CA2277212DCA36002129CA36CC212ACA3600212BCA36CC212CCA36002119E9
:2040E200C936902118C936902117C936002116C93600211AC93601211BC936012120C93643
:2041020001211CC93600CD2E02213CCA7B2272212100194D7C2127CA7123772125CA712348
:2041220077CD2E02213ECA7B22722140CA36142141CA36082142CA36C92144CA36FF1E0143
:20414200214941CD8B3CC90609C53311E54DD53E09BFF5CDE414E8050609C53311554DD5FA
:2041620021CB01E5CDE414E80501E0DF5950211000E56CE5D5CDFC3BE806C521C901E5CDC0
:20418200883AE8045950211000E52EFFE5D5CDFC3BE806C521CA01E5CD883AE804C9F809FC
:2041A2007EB7C8CD2E02F8074EAF69672929292929194D44F8066E2600094D445950C5F82E
:2041C2000A7EBFF5D5CDF602E804C1F80935C83E01F8099630255E1D7BB7281F21200009F3
:2041E2004D447950C5D5F80C66E53326C3E5335FD5CDF602E804D1C11D18DD212000094D26
:2042020044F808662EC6E5C5CDF602E804C9FA2DCAB72814FA2ACAEA2CCAFA29CAEA2BCA5C
:204222002129CA34200236CC212DCA36002123C94E0600112000D5C511E0DFD5CDFC3BE805
:2042420006C9F8067EEA29CAEA2BCAF8077EEA2ACAEA2CCA212DCA36002123C94E0600115A
:204262002000D5C511E0DFD5CDFC3BE806C9E8FD4FFA32CA0F3019213ACA462134CA2A6686
:204282006F1133CA1AA1855F3E008C5778CD76152138CA2A46692600292929295D546F60C9
:2042A20019E57DF80377E17CF802772132CA46FA3ACAF80077CB48CA0244CB502805FA23E9
:2042C200C91801AFEA30CA2136CA2A46815F78CE0057F8007ECD761541FA31CAB7205BFA29
:2042E2002DCAEA2FCAC5FA2DCA47C5CD4A40E1C1212ECA73C5D5FA3ACAF533F8062A666FDE
:20430200E521E0DFE5CD7302E805D1C1212DCA7E814F3E08B9D2A54396F680EA2FCA212ED3
:20432200CA72C5FA3ACAF533F8042A5F56D511F0DFD5CD7302E805C118693E08212DCA968A
:204342005F799330047B9118047993CBFFEA2FCAC5FA2DCAF533C533CD6640E1C1212ECAD7
:2043620073C5D5FA3ACAF533F8062A666FE521E0DFE5CD7302E805D1C1FA2DCA804F3E089A
:204382009130203E1091EA2FCA212ECA72C5FA3ACAF533F8042A5F56D511F0DFD5CD73025B
:2043A200E805C1212DCA7E807711E0DFD53E01F533FA29CAF533CD883AE8043E07212DCAC7
:2043C20096303ACD0040212DCA7EC6F877FA2ACAEA2CCAFA29CAEA2BCA2129CA34200236C9
:2043E200CCFA2DCAB7281211E0DFD53E01F533FA29CAF533CD883AE8043E01184FAF184CB8
:20440200FA2DCAB72814FA2ACAEA2CCAFA29CAEA2BCA2129CA34200236CCF8002AF5332A3C
:204422005F56D53E01F533FA29CAF533CDE414E805FA2ACAEA2CCAFA29CAEA2BCA2129CA14
:2044420034200236CC212DCA36003E01E803C93B2124CA3AB6206C3E6B2120C9864F3E0233
:20446200CE00470AEA1CC9FA3BCAEA49CAFA23C9EA4ACAFA31CAEA4BCAFA21C9EA4CCAFA9A
:2044820020C9EA4DCA2123CA36242336C9FA1DC90F382DFA3CCAC621EA27CAFA3DCACE00C1
:2044A200EA28CAFA31CA3D200B2127CA7EC611227ECE0077FA27CAEA25CAFA28CAEA26CAEB
:2044C200CD10422123CA2A4F460AF800773E0D96DA28484E060021DF44090909E9C309459D
:2044E200C35D45C38145C3E345C33646C32048C3B946C33447C35147C38048C36E47C392C4
:2045020047C32848C3A947AF2123CA2277211BC93601FA3BCA2149CA962824213BCA4E064B
:204522000069602909016E05097EE5EA3ACAE1234E2346F533110800D51132CACD9015FA66
:204542004ACAEA23C9FA4BCAEA31CAFA4CCAEA21C9FA4DCAEA20C9AFC38C482123CA34200B
:204562000223342123CA2A4F460A3DE607EA20C9C66B4F3E02CE00470AEA1CC9C3804821B2
:2045820023CA34200223342123CA2A4F460A3D2149CA774E060069602909016E05094D4463
:2045A200FA32CAF800770AEA3ACA6960234E2346F533110800D51132CACD9015212DCA7ECE
:2045C200B7CA8048E5F802CB4EE1CA8048FA32CACB4FC280482125CA34C280482334C38023
:2045E200482123CA34200223342123CA6EFA24CA674EAF470B79213CCA86234F788E472196
:2046020023CA34200223342123CA6EFA24CA676EAF672B2929292929094D7C2127CA71233F
:20462200772125CA712377FA2DCAB7CA8048CD1042C380482123CA34200223342123CA6ECB
:20464200FA24CA674E59AF5791CB7B2807CB7A2008BF1805CB7A28013730010D2123CA34E8
:20466200200223342123CA6EFA24CA676E5DAF5795CB7B2807CB7A2008BF1805CB7A280162
:204682003730012D79079F477D079F672929292929094D44792125CA86234F788E47212716
:2046A200CA7922702125CA792270FA2DCAB7CA8048CD1042C380482122C97EB7280836007D
:2046C200FA15C6EA16C62121C936002123CA3420022334FA20C9B72846FA16C606002F4FDF
:2046E200782F47FA15C61E00A14F7BA0472123CA2A5F561A1E00A14F7BA0B1280EFA4CCA5E
:20470200EA21C9FA15C6EA16C618142123CA2A5F3A571B7B2272211CC93600AFC38C483EEA
:204722006B2120C9864F3E02CE00470AEA1CC9C380482123CA34200223342123CA2A4F46EC
:204742000A0F3003AF18023EFFEA23C9C380482123CA34200223342123CA2A4F460A0F30D3
:2047620003AF18023E01EA31CAC380482127CA2AC6204F7ECE00472125CA7922702127CA8B
:20478200792270FA2DCAB7CA8048CD1042C380482123CA34200223342123CA2A4F460AE6B0
:2047A20007EA48CAC380482125CA2AC6204F7ECE0047213ECA2A5F562141CA6EAF6729295D
:2047C200292929197DE6E06F2B7D917C98302DFA42CA67FA41CA6FE5FA40CAF533213ECACC
:2047E2005E2356D51E09217841CD8B3CE805FA27CAEA25CAFA28CAEA26CA18172127CA2A94
:20480200C6204F7ECE00472125CA7922702127CA792270FA2DCAB72865CD10421860212386
:20482200CA34200223342123CA6EFA24CA677ECD7042B72829212BCA4E2125CA2A5F567963
:20484200CDD30DFA31CAB7200A2125CA34200F2334180B2125CA2A5F3A571B7B2272FA2D6B
:20486200CAB7280E2129CA4E2125CA2A5F5679CDD30D2123CA34200223343E01180C2123A6
:20488200CA34C2C5442334C3C54433C9E8F4F8157EF80877E5CB56E12805F8177E18023E57
:2048A20001F809772A23777EF800223600D1D52101007B955F7A9CF80B327B222B2A4F46E2
:2048C20069602909293333E5F8122A5F56E1E519E57DF80C77E17CF80B77F8147EF5331128
:2048E2000600D5F80D2A4F46210500395D54CD9015F8033A474E3ECBF5335879CDDC0DF81B
:20490200082A23E602223600CD4E19CD02270EC0F0929120072144DA36DF18052144DA36E8
:20492200C02107C53600CD66161E05217344CD8B3CCD8A10CD46221E28FA07C5CD5F0DFADF
:2049420044DAE092212FDA34CDBD01FA16C60E002F5F792F57FA15C60E00A35F79A257CB49
:20496200532805F8064E1847CB5B2805F8074E183ECB4B2805F8044E1835CB432805F80502
:204982004E182CCB632819F8167EF80996200CF8087EE6014FB72803AF1868F8097E186306
:2049A200CB6BCA0A49AFF80AB6CA0A49AF185479B7CA0A49F80971F8033A476EC53EC4F59E
:2049C20033587DCDDC0DC1060069602909294D44F8122A666F094D4479C6FA4F78CEFF47E4
:2049E200210200395D54F8147EF533210600E5CD9015F8033A4F463ECBF5335978CDDC0DF6
:204A0200C30A49E80CC93BF8074E79E601F800770600F8007EB72814FA16C92117C996206B
:204A220009FA18C92119C99628020601CB492808FA1BC9B7200206012116C65E160021151D
:204A4200C66E26007B2F5F7A2F577DA35F7CA2CB512806CB6320020601CB592806CB6B200B
:204A6200020601CB612805B32002060178B7284EC5CD0227C11EC0F0929320072144DA3646
:204A8200DF18052144DA36C02107C53600C5CD66161E05217344CD8B3CCD8A10CD46221E69
:204AA20028FA07C5CD5F0DC1FA44DAE092212FDA34CDBD01C5CD4E19C178B7C2124A33C996
:053CF300214ECA36005D
:20D5A900E8E5F8217EF80277F8227EF803322A5F56211000193601F8232A4F46CB21CB10C7
:20D5C900CB7E281EF8022A5F5621080019E57DF81B77E17CF81A322A5F561A6F131A670906
:20D5E90018042194CB097D4CF81922793201B1C02A5F561A5F16006B62291929291929292A
:20D60900094D7CF8047123322B2B2A5F5621120019E57DF80877E17CF807322A5F3A2B2B6C
:20D62900571A4F2A5F566B6223E57DF80A77E17CF80977F8192A5F5621060019E57DF80C0C
:20D6490077E17CF80B77F8192A5F5621020019E57DF80E77E17CF80D77F8042A5F5621068D
:20D669000019E57DF81077E17CF80F77F8192A5F5621040019E57DF81277E17CF81177F8E6
:20D68900082A5F5621020019E57DF81477E17CF8137779B7C2125AF8042A4F3A470AE6BF97
:20D6A900025E2356D51E03213446CD8B3CE1F8082A5F561A4F131A4779E6F04F3A6E6779A0
:20D6C9002270F8122A5F561A4F131A4779E6F04F3A6E67792270F80A2A5F561ACB57280DDF
:20D6E900F8062A5F561AF6034F3A6E6771F80A2A5F561A4FF8062A5F561AF81A77CB412864
:20D709000DF81A4ECBC1F8062A666F71180BF81A4ECBC9F8062A666F71F80A2A5F561A4FCA
:20D72900CB49CA1C59F8122A5F561AF81922131A77F8082A5F561AF80022131A77F8197E6D
:20D74900F81577F81A7EF81677F8007EF81777F8017EF81877CB41CA4458F80C2A5F561ABE
:20D769004F131A47F8007EF81977F8017EF81A327E912005237E902847F819799623789EF7
:20D789007857CB7E2807CB7A2008BF1805CB7A28013730043E0118023E02F533C5F8115E2A
:20D7A9002356D5F81A5E235623D55E2356D51E03216B4DCD8B3CE809F80C2A666F792270F8
:20D7C900F8122A5F561AF81922131A77F8102A5F561AF81722131A222A4F46F8177E9120E8
:20D7E90006237E90CA1C59F8172A917E985678CB7F2807CB7A2008BF1805CB7A2801373065
:20D8090004060318020604F80C2A5F561A4F131AC533F8185E2356D5F8115E2356D5F81ED6
:20D829005E2356D547C51E03216B4DCD8B3CE809F8102A666F792270C31C59F8102A5F5677
:20D849001A4F131A47F8197E912005237E902847F819799623789E7857CB7E2807CB7A20F8
:20D8690008BF1805CB7A28013730043E0318023E04F533C5F8115E2356D5F81A5E23562397
:20D88900D55E2356D51E03216B4DCD8B3CE809F8102A666F792270F8082A5F561AF8162244
:20D8A900131A77F80C2A5F561AF81822131A77F8162A4F2A477E912005237E902855F818FE
:20D8C9002A917E985678CB7F2807CB7A2008BF1805CB7A28013730043E0118023E02F81A5A
:20D8E90077F8102A5F561A4F131A47F8162A5F56F81A3AF5333A6E67E5F8112A666FE5C5DD
:20D90900D51E03216B4DCD8B3CE809F80C2A666F792270F8082A5F561A4F131A47F80C2AB2
:20D929005F561AF81822131A77F8062A5F561AF81A322B7E912005237E90280DF81A4ECB0E
:20D94900F1F8062A666F71180BF81A4ECBC9F8062A666F71F8122A5F3A2B2B571A4F131ACA
:20D96900472A5F561AF81822131A77F8062A5F561AF81A322B7E912005237E90280DF81A76
:20D989004ECBF9F8062A666F71180BF81A4ECBC1F8062A666F71F8082A5F561A4F131A47C5
:20D9A900F80C2A5F561A6F131A6758547D917C98CB7B2807CB7A2008BF1805CB7A2801372D
:20D9C900300DF8062A5F561AF6044F3A6E6771F8122A5F3A2B2B571A4F131A472A5F561AF1
:20D9E9006F131A6758547D917C98CB7B2807CB7A2008BF1805CB7A280137300DF8062A5F26
:20DA0900561AF6084F3A6E6771F8042A4E6F617E0707D2F55AF8082A5F561AF81522131A7A
:20DA290077F80C2A5F561AF81722131A77F8152A4F4679E680F8192270F817799623789EEF
:20DA49007857CB7E2807CB7A2008BF1805CB7A280137301CF8157EE67F2815F8192A5F561F
:20DA6900218000194D44F80C2A666F792270180CF80C2A5F56F8192A12137E12F8122A5FBA
:20DA89002A23571A22131A77F8102A5F561AF81722131A77F8152A4F4679E680F8192270D5
:20DAA900F817799623789E7857CB7E2807CB7A2008BF1805CB7A280137301CF8157EE67F95
:20DAC9002815F8192A5F56218000194D44F8102A666F792270180CF8102A5F56F8192A125B
:20DAE900137E12F8042A4F460AE6BF02F8062A5F561AF81A77E6414FF8042A5F56210F000D
:20DB090019E57DF81677E17CF8157779D641C2195DE5F81CCB56E13E0320023E01EA4ECAB4
:20DB2900F8142A5F2A571A77FA4ECAF81777F8082A4F46F8172A2259501A22131A77F817EB
:20DB49005EAF6B672911321C1956C5F8185E7ACD910D5950C1F8192A666F195D5469607B46
:20DB69002272030359501AF81922131A322B5EAF6B672911321C192356C5F8185E7ACD917E
:20DB89000D5950C1F8192A666F195D547B02037A02F80A2A5F561ACB4FCA5F5CAFF533F8C6
:20DBA900055E2356D5F80B5E2356D5F8135E2356D51E0321614ACD8B3CE80778B1CA5F5C27
:20DBC900F8142A5F561AF81A77FA4ECAC602E603F81977F8082A4F46F8197EF8152223596A
:20DBE900501A22131A225EAF6B672911321C1956C5F81C5E7ACD910D5950C1F8172A666FD7
:20DC0900195D5469607B22720303F816792278322A5F2A571A22131A77F8154EAF69672913
:20DC290011321C19234EF81A5E79CD910DF8182A666F094D44F8162A666F792270F8062AB5
:20DC4900666F3600F8045E2356D51E03210646CD8B3CE1C3EC5FF8062A5F561ACB6720228C
:20DC6900F6104FF8062A666F713E01F533FA4ECAF533F8065E2356D51E03216546CD8B3C0C
:20DC8900E804FA4ECAD603202EF8082A5F561A4F131A47F80C2A5F561AF81922131A322AE1
:20DCA900917E985678CB7F2807CB7A2008BF1805CB7A2801373035FA4ECA3D2053F8082A2E
:20DCC9005F561A4F131A47F80C2A5F561AF81922131A32799623789E7857CB7E2807CB7A46
:20DCE9002008BF1805CB7A2801373824F8192A4F46F8082A666F792270F8062A5F561AF64F
:20DD0900024F3A6E677977E6BE4FF8062A666F71F8062A5F561A4FE682D682C2B15FCB594D
:20DD29003E022001AFEA4ECAF8142A5F2A571A77FA4ECAF81777F8082A4F46F8172A225916
:20DD4900501A22131A77F8175EAF6B672911321C1956C5F8185E7ACD910D5950C1F8192AE8
:20DD6900666F195D5469607B2272030359501AF81922131A322B5EAF6B672911321C1923FA
:20DD890056C5F8185E7ACD910D5950C1F8192A666F195D547B02037A02F80A2A5F561ACB06
:20DDA9004FCAF55EAFF533F8055E2356D5F80B5E2356D5F8135E2356D51E0321614ACD8BC3
:20DDC9003CE80778B1CAF55EF8142A5F561AF81A77FA4ECAC602E6034FF8087EF81877F82C
:20DDE900097EF81977F81171F8182A5F561AF81222131A77F8167922AF323A2B22AF32CBFB
:20DE09002623CB162B2A5F5621321C19E57DF81877E17CF817322A5F561A77F81A5EF817C7
:20DE29007ECD910DF816792270F8163A2B77F8173A2B322A5F56F8122A666F19E57DF818D4
:20DE490077E17CF817222A5F56F8162A12132A122A5F5621020019E57DF81877E17CF817CC
:20DE6900322A5F561AF81422131A77F8117EF81822AF32CB2623CB1611321C3A6E6719E5A1
:20DE89007DF81477E17CF813322A5F566B6223E57DF81A77E17CF819322A5F561A223A5FD1
:20DEA9007ECD910DF819792270F8197EF81277F81A7EF813322A5F2A572A666F19E57DF8FB
:20DEC9001B77E17CF81A77F8162A5F2A23572A12137E12F8062A666F3600F8045E2356D5CC
:20DEE9001E03210646CD8B3CE1C3EC5FF8062A5F561ACB6F2022F6204FF8062A666F713E84
:20DF090001F533FA4ECAF533F8065E2356D51E03216546CD8B3CE804FA4ECAD602202FF84D
:20DF2900122A5F3A2B2B571A4F131A472A5F561AF81922131A322A917E985678CB7F2807D6
:20DF4900CB7A2008BF1805CB7A2801373036FA4ECAB72054F8122A5F3A2B2B571A4F131A17
:20DF6900472A5F561AF81922131A32799623789E7857CB7E2807CB7A2008BF1805CB7A2881
:20DF890001373824F8192A4F46F8122A666F792270F8062A5F561AF6014F3A6E677977E6DE
:20DFA9007D4FF8062A666F71F8062A5F561AE6C02018F8062A666F3600F8045E2356D51E50
:20DFC90003210646CD8B3CE11819F8022A5F3A571A4F131A4779C6FD4F78CEFF472A666F1B
:20DFE900712370E81BC9F8082A4F46CB21CB10CB7E280FF8062A5F56210800192A666F091B
:20E0090018042194CB094D440A4F060069602909292909292911B1C019CBF6C9F8082A4F1C
:20E0290046CB21CB10CB7E280FF8062A5F56210800192A666F0918042194CB095D5401B11B
:20E04900C01A5F16006B6229192929192929095D5479932009789220051AE6FB12C96B62DB
:20E06900CB9ED51E0321DC41CD8B3CE1C9F8082A4F46CB21CB10CB7E280FF8062A5F5621B8
:20E089000800192A666F0918042194CB095D5401B1C01A5F16006B62291929291929290922
:20E0A9005D5479932009789220051AF60412C96B62CBDED51E03217B40CD8B3CE1C9E8FBEA
:20E0C900F80D2A4F46CB21CB10CB7E280FF80B2A5F56210800192A666F0918042194CB095B
:20E0E9005D5401B1C01A5F16006B6229192929192929094D7CF800712377D1D521280019BC
:20E109004D440AF80277B72839D1D5212B00194D44233A07302CD1D521290019E57DF8050E
:20E1290077E17CF804322A5F561A6F131A67AFF533C5E5F8077EF5331E04214456CD8B3C41
:20E14900E806E805C9F8082A4F46CB21CB10CB7E280FF8062A5F56210800192A666F0918CD
:20E16900042194CB094D440A4F060069602909292909292911B1C019012B00092ACB7EC06E
:20E18900F5331E0421AA57CD8B3C33C9F8082A4F46CB21CB10CB7E280FF8062A5F5621086E
:20E1A90000192A666F0918042194CB094D440A4F060069602909292909292911B1C0194D10
:20E1C90044AFF533F80B7EF533C51E03216546CD8B3CE804C9E8FCF80A2A5F2A572A4F46C8
:20E1E900CB21CB10210800193333E5F80DCB7E280AD1D51A6F131A670918042194CB097D54
:20E209004CF8022271F80E2A4F46CB21CB10CB7E280BD1D51A6F131A67094D18052194CB5E
:20E22900094D6946F8022A5F561A5F16006B622919292919292911B1C0195D542110001906
:20E2490070211200194D7887446F2600094D44030A3C46F533C533D51E03216345CD8B3C38
:20E26900E808C9E8FAF80E2A4F46CB21CB10CB7E280FF80C2A5F56210800192A666F0918A9
:20E28900042194CB097D4CF800227101B1C0D1D51A5F16006B6229192929192929094D7C4F
:20E2A900F8027123322A4F4603E1E523232A6E5F557B02037A02F8022A5F5621030019E584
:20E2C9007DF80677E17CF80577D1D5210400192A4F46F8042A666F792270E806C9E8FCF836
:20E2E9000C2A4F46CB21CB10CB7E280FF80A2A5F56210800192A666F0918042194CB097DB6
:20E309004CF800227101B1C0D1D51A5F16006B6229192929192929094D7CF802712377C112
:20E32900C503033A6E67232A6E5F557B02037A02D1D5210400194D44F8022A666F232323B8
:20E349002A6E5F557B02037A02E804C9E8FCF80A2A5F2A572A4F46CB21CB102108001933CC
:20E3690033E5F80DCB7E280AD1D51A6F131A670918042194CB095D5401B1C01A5F16006B6E
:20E389006229192929192929094D7CF802712377F80E2A4F46CB21CB10CB7E280CD1D51A73
:20E3A9006F131A67094D4418062194CB094D44F8022A5F56210500195D541A5F16007B02AA
:20E3C900037A02E804C9E8FCF80A2A5F2A572A4F46CB21CB10210800193333E5F80DCB7EAF
:20E3E900280AD1D51A6F131A670918042194CB095D5401B1C01A5F16006B62291929291945
:20E409002929094D7CF802712377F80E2A4F46CB21CB10CB7E280CD1D51A6F131A67094DA8
:20E429004418062194CB094D44F8022A5F56210500195D541A5F213A1C1600195E16007B80
:20E4490002037A02E804C9E8FAF80C2A4F462112000933335D54D51AB7C2E464F80E7EF859
:20E469000277F80F7EF80332CB2623CB16F80FCB7E281C210800095D541AF80422131A7720
:20E48900F8042A5F56F8022A666F195D7C180B1194CBF8022A666F195D7CF804732377E145
:20E4A9003601E5F8042A5F561A5F16006B622919292919292911B1C0195D542103C57B222F
:20E4C900722105C53601C5F8122AF5332A5F56D51E04212F49CD8B3CE803C1FA05C5D63CF9
:20E4E900200CE13600E5AF2103C52277181A2110000936012105C53469602A66C6FA5F7C04
:20E50900CEFF577B02037A02E806C9F8082A4F46CB21CB10CB7E280FF8062A5F562108000F
:20E52900192A666F0918042194CB094D440A4F060069602909292909292911B1C0194D4448
:20E54900210600095D54F80A7E12210700095D54F80B7E12210800095D54F80C7E12210929
:20E5690000094D44F80D7E02C93B3BF80A2A4F46CB21CB10CB7E280FF8082A5F5621080024
:20E58900192A666F0918042194CB094D440A4F060069602909292909292911B1C0194D44E8
:20E5A900210A00097EC5F80E66E533F8105E2356D5F5331E04219141CD8B3CE804C12122E2
:20E5C90000095D54F80C7E12212300095D54F80D7EF80077F80E7EF801322A12137E122145
:20E5E900120009C5E5110000D5F8122A5E2356CD9917C121060009C5E5F8102AF5335E2369
:20E6090056D51E0421E441CD8B3CE805C1211200095D54211000097E876F2600195D54137E
:20E629001A3C56F533D533C51E03216345CD8B3CE806C93B3BF80A2A4F46CB21CB10CB7EB4
:20E64900280FF8082A5F56210800192A666F0918042194CB095D5401B1C01A5F16006B622D
:20E6690029192929192929094D443333C5F80E2A4F2A4703035EAF6B6729292929094D44BA
:20E68900D1D5210A00195D541AF80C862366E533C5F81466E533F533CD0015E807C9F80880
:20E6A9002A4F46CB21CB10CB7E280FF8062A5F56210800192A666F0918042194CB094D44EE
:20E6C9000A4F060069602909292909292911B1C019010E00094D44F80A7E02C9F8082A4F22
:20E6E90046CB21CB10CB7E280FF8062A5F56210800192A666F0918042194CB094D440A4FCE
:20E70900060069602909292909292911B1C019010F00094D44F80A7E02C9F8082A4F46CB28
:20E7290021CB10CB7E280FF8062A5F56210800192A666F0918042194CB094D440A5F160078
:20E749006B622919292919292911B1C01903030AF533E51E0321B945CD8B3CE803C9F808A4
:20E769002A4F46CB21CB10CB7E280FF8062A5F56210800192A666F0918042194CB094D442D
:20E789000A5F16006B622919292919292911B1C0190303C5E51E0321F445CD8B3CE1C15FCA
:20E7A90016007B02037A02C9E8FDF80B2A4F46CB21CB10CB7E280FF8092A5F562108001965
:20E7C9002A666F0918042194CB094D440A4F060069602909292909292911B1C0194D44219E
:20E7E9001200093333E5212200097EF80277212300092A6E5F55C5F8022A666FE5F8112A00
:20E80900666FE5F8087ECD9917C1211200095D54211000097E876F2600195D54131A3C562F
:20E82900F533D533C51E03216345CD8B3CE807C9E8FBF80B2A5F2A572A4F46CB21CB10210D
:20E849000800193333E5F80ECB7E280AD1D51A6F131A670918042194CB095D5401B1C01A14
:20E869005F16006B6229192929192929094D7CF802712377F80F2A4F46CB21CB10CB7E2879
:20E889000AD1D51A6F131A670918042194CB097EE5F80677E123232A4F46F8022A5F56213C
:20E8A9000A00195D541AC5F80666E533C5F5331E04219141CD8B3CE804C1F8022A5F5621E3
:20E8C9002200195D54F8047E126B622379582273F8022A5F56211200195D54C5D5110000E0
:20E8E900D5F80A7E5950CD9917C1F8022A5F56210600195D54D5F8067EF533C51E0421E4A4
:20E9090041CD8B3CE805F8022A5F56211200194D44F8022A5F56211000195D541A876F266C
:20E9290000094D44030A3C46F533C533F8045E2356D51E03216345CD8B3CE809C93B3BF837
:20E949000A2A4F46CB21CB10CB7E280FF8082A5F56210800192A666F0918042194CB094E82
:20E9690006006960290929290929297DC6B14F7CCEC0F800712377F80D4ECB412810D1D553
:20E98900F80C7EE60107E6026F1AE6FDB512CB492812D1D5F80C7E0FE6010707E6046F1AF6
:20E9A900E6FBB512CB512811D1D5F80C7E0F0FCB37E6106F1AE6EFB512CB592815D1D5F8EF
:20E9C9000C7E0F0F0FE601CB3707E6206F1AE6DFB512CB612812C1C5F80C7ECB37E6010F06
:0BE9E900E6806F0AE67FB5023333C9F9
:020000040001F9
:20D50000E8F7F80F7EF80077F8107EF80177D1D5211000193601F8112A4F46CB21CB10CBC1
:20D520007E281BD1D521080019E57DF80977E17CF808322A5F561A6F131A67091804219403
:20D54000CB097D4CF8022271211CC57EE6FC77F8022A5F3A571A4F131A472A5F56210200D5
:20D5600019E57DF80677E17CF805772114C57E91202E237E902029F8042A5F2A23571A22B4
:20D58000131A77FA16C5F807962015FA17C5F80896200DF8147EE603211CC5B677C35057A3
:20D5A000F8063600F8137EF8072236002114C5799623789E7857CB7E2807CB7A2008BF188A
:20D5C00005CB7A28013730472114C52A5F56F8072A666F7B955F7A9C2115C53273F8022A0A
:20D5E0005F561A4F131A472114C5799623789E7857CB7E2807CB7A2008BF1805CB7A280159
:20D6000037386A2114C5792270F8063601185E2114C52A917E985678CB7F2807CB7A200802
:20D62000BF1805CB7A28013730432114C52A5F56F8072A666F195D542114C57B2272F80252
:20D640002A5F561A4F131A472114C52A917E985678CB7F2807CB7A2008BF1805CB7A280145
:20D6600037380A2114C5792270F8063601F8042A5F561A4F131A472116C5799623789E7883
:20D6800057CB7E2807CB7A2008BF1805CB7A28013730492116C52A5F56F8072A666F7B956B
:20D6A0005F7A9C2117C53273F8042A5F561A4F131A472116C5799623789E7857CB7E280710
:20D6C000CB7A2008BF1805CB7A280137386E2116C5792270F8067EB7286218742116C52A40
:20D6E000917E985678CB7F2807CB7A2008BF1805CB7A28013730452116C52A5F56F8072AD5
:20D70000666F195D542116C57B2272F8042A5F561A4F131A472116C52A917E985678CB7FC2
:20D720002807CB7A2008BF1805CB7A280137380C2116C5792270F8067EB72014D1D51A4F0B
:20D74000131A4779C6FB4F78CEFF47E1E5792270E809C9F8082A4F46CB21CB10CB7E280FAF
:20D76000F8062A5F56210800192A666F0918042194CB094D4459501A2114C522131A7703C6
:20D780000359501A2116C522131A77211CC57EE6FC771E05217344C38B3CE8F6F8127EB786
:20D7A00028172B2B2A4F46210800092A4F4621A3C02A5F567B02037A02FAA3C0F80877FAF7
:20D7C000A4C0F80977F8107EF80277F8117EF803322A5F56210800192A666F2A4F46F808E3
:20D7E0002A5F567B915F7A98474BF8137EF80577F8147EF806322A5F561A6F131A6779957A
:20D80000789CD2BA58F8052A5F562102001933335D54D51A4F131AF8052A5F56210400195C
:20D82000E57DF80977E17CF80877CB412828CDAC394BF8072A5F561AF80522131A322A46FB
:20D8400087CB106F60235916004D44CDA20D78F8054E91EADAC7D1D51A4F131ACB49284958
:20D86000CDAC39F80973F8072A5F561AF80422131A327EF80077F8057EF80132CB2623CB9B
:20D8800016D1D56B6223E57DF80877E17CF80722233A223600F8062A4F2A475E1600CDA205
:20D8A0000D78F8044E91EADBC7F8022A5F56211000194D4436011E00180C21DBC736002135
:09D8C000DAC736001E01E80AC9AE
:20800000F8087EEA3EDAB72807F040F602E040C9F040E6FDE040C9FA15C62116C696280756
:20802000FA15C6F808A6C0F8062A4F4621100009360169602A665F541B1B7B02037A02C9D0
:2080400001BAC5F8087E3D5F077BE6076F26005D54292919094D4459501313F8092A1203BD
:2080600003032A5F567B02037A02C901E2C5F8085E7BB7C8CB432804F8097E02CB3B03187A
:20808000F001E2C5F8085E7BB7C8CB432802AF02CB3B0318F2F8082A4F46CB21CB10CB7E25
:2080A000280FF8062A5F56210800192A666F0918042194CB094D44F80A5E2111C6160019A5
:2080C0005E16007B02037A02C9F8084E79E601CB492813B728081E07218848C38B3C1E07BE
:2080E00021E547C38B3CB728081E0721A248C38B3C1E07210748C38B3C01EAC5F8087E3D7E
:208100005F077BE6036F26005D54292919094D4459501313F8092A120303032A5F567B02D9
:20812000037A02C901FEC5F8087E3D5F077BE6036F260029094D44F8097E02037E02C90188
:20814000FEC5F8087E3D5F077BE6036F260029093600C901FEC5F8087E3D5F077BE6036F59
:20816000260029094D44037E02C9E8FAF80C2A5F2A572A4F46CB21CB10210800193333E5C7
:20818000F80FCB7E280AD1D51A6F131A670918042194CB097D4CF8022271F8102A4F46CB04
:2081A00021CB10CB7E280BD1D51A6F131A67094D18052194CB094D44F804792270F8122ABC
:2081C0004F46CB21CB10CB7E280AD1D51A6F131A670918042194CB095EFA2CC5CDC10DF87B
:2081E000042A5F561A26006F095D542123C54E7B2124C586235F7A8E5779CD76150600F821
:20820000022A666F712370E806C9E8FCF80A2A5F56F8112A4F46CB21CB1021080019E57DAA
:20822000F80477E17CF80377F812CB7E280DF8022A5F561A6F131A670918042194CB097D53
:208240004CF8002271F80C2A4F46CB21CB10CB7E280EF8022A5F561A6F131A67094D1805D5
:208260002194CB094D44F80F2A5F561313F8027B2272D1D51A6F131A67292929295D54F8BF
:20828000022A666F195D540AF80E66E533D5F81666E533F533CDE414E809C9E8F9F80D7E19
:2082A000F80277F80E7EF80377F80F2A4F46CB21CB10F8022A5F56210800193333E5F8105C
:2082C000CB7E280AD1D51A6F131A670918042194CB097D4CF8042271F8112A4F46CB21CBDB
:2082E000107ECB7F280BD1D51A6F131A67094D18052194CB094D44F8135ECB432820FA1555
:20830000C62116C6962817F8042A666F3E012236002115C65E16007B02037A02184CCB4B4D
:208320002825C51E08219E41CD8B3CC1F80677B728152B3A6E673E02223600F8065E160003
:208340007B02037A021823F8022A5F56211000193601F8022A5F561A4F131A4779C6FA4F4E
:2083600078CEFF473A6E67792270E807C9F8087EB72807F040F604E040C9F040E6FBE040F7
:20838000C9E8F6F8135EFA2CC5CDC10DF8127E1600815F7A88472123C54E7B2124C58623FB
:2083A0005F788E5779CD7615F80071F8157EF80877F8167EF80977F8187E07E601F80177D5
:2083C000F8102A5F56F8177EF80277F8187EF80332CB2623CB16D5F80A2A5F562102001916
:2083E000D1E57DF80677E17CF8057721080019E57DF80877E17CF807772136C5CB46CA9B84
:208400004479D680302C3E09F813963008F808AF2236801806F808AF223690F8004E060045
:208420006960292929294D44F8082A666F094D441813790E00C6806F79CEFF6729292929ED
:208440004D7CC68847F8017EB72818F8062A5F2A571A22131A322A5F56F8022A666F195D5F
:208460007C180B1194CBF8022A666F195D7C6B672A666F292929295D54F8042A666F195D6B
:208480007CF8087323775950F8147EF533011000C5F80B4E2346CDB215184BF8017EB7281B
:2084A00014F8062A5F561A4F131A47F8022A666F094D44180B0194CBF8022A666F094D4445
:2084C0000A6F2600292929294D44F8042A666F094D44F8147EF533C53E01F533F8047EF5E6
:2084E00033CDE414E805E80AC9FA1AC8E6F74FF8087EB7280BCBD9211AC87121004071C9B9
:20850000211AC87121004071C9E8FBF80D2A4F46CB21CB10CB7E2810F80B2A5F5621080052
:20852000192A666F094D18052194CB094D440AF80377F8102A4F3A2B4703037EF53321011F
:2085400000395D54CD5415F8002A4F2A477E585779CD7615F8007EF80477F8012A665F54F6
:16856000131379F80466E533D5F533F8077EF533CDE414E80AC9CA
:020000040002F8
:2001E8003BF8092A4F46CB21CB10CB7E280FF8072A5F56210800192A666F0918042194CBF1
:20020800094D44F0FFF800777EE6F7CDCC00C5F80D7EF5331E02212F41CD8B3C33C15F16CC
:20022800007B02037A02F8007E33C3CC0033C93BF8092A4F46CB21CB10CB7E280FF8072A1B
:200248005F56210800192A666F0918042194CB094D44F0FFF800777EE6F7CDCC00C5F80F43
:200268003A573A5FD57EF5331E02214941CD8B3CE803C15F16007B02037A02F8007E33C3E9
:04028800CC0033C9AA
:020000040000FA
:20032800E14A04020C4B040100000000484904028A4904014A370406474B0405DD2A040484
:20034800D24B0402EA490403694A0401000000004B4C04060E2C0406074E0408B350040231
:20036800615004027F510401AD5104040E520404322D0400784D0402DA4D0402D2520400F8
:200388003A5204044C4F04080000000000000000000000000000000000000000000000001A
:2003A8000000000000000000DE5204020A5304064C5304005B5304006E530402B053040471
:2003C8002B540404C7520401A654040228510402B8370403ED410909DE410901A95503028F
:2003E800256003029561030376600302DE6103046C6203025064030514650306726503055E
:200408003C660308E66203020000000055630304A7660303E566030346690304872806014B
:2004280076450602BE45060200000000D84506026846060385470604E5460606D3470604D9
:200448000000000000000000EE4806018D4906021D490605AC460605544906060945060509
:2004680000400601174006016B4006029540060340400604094A0609C9400601F9400604FF
:20048800244106026A4106060A4206089B4206056D4306018143060781400601C64308038A
:2004A8001344080035440801A04408010000000073440804A64408059A440802C24A0100B7
:2004C800384B0100464B0100514B0100C9580701DB58070500000000000000000055070499
:2004E800535707023F410601534106014E61030223670302D65404061055040640470800AA
:2005080048470803AF4708030D48080119450802000000003A280100E94406016D4608031D
:20052800AE4608040000000067670302B1670304A4450601CF63030439680304EF5F03029D
:180548008C42080528430805F34A0604E841080337420805C76003021B
:020000040002F8
:2041DE00F8087EF5331E0721B44BCD8B3C33C9E8FCF80A2A5F2A572A4F46CB21CB102108A7
:2041FE0000193333E5F80DCB7E280AD1D51A6F131A670918042194CB097D4CF8022271F8FE
:20421E000E2A4F46CB21CB10CB7E280BD1D51A6F131A67094D18052194CB094D44F811CB4C
:20423E007E28042BAF2277C5F8142A5F56D5F8142A5F56D5F81A7EF5331E0721E14BCD8B7C
:11425E003CE8074F0600F8022A666F792270E804C916
:20028C00E8FCF80A2A5F2A572A4F46CB21CB1021080019E57DF80477E17CF80377F80DCB26
:2002AC007E280DF8022A5F561A6F131A670918042194CB097D4CF8002271F80E2A4F46CBF7
:2002CC0021CB10CB7E280EF8022A5F561A6F131A67094D18052194CB094D44D1D51AF8025A
:2002EC0022131A770A5F21321B1600194EF8105E3E079347041802CB290520FB79079F47BB
:20030C00D5F8042A5F56CDA20DD11C1804CB28CB191D20F9E1E5792270E804C9E8FCF80A23
:20032C002A5F2A572A4F46CB21CB1021080019E57DF80477E17CF80377F80DCB7E280DF8C0
:20034C00022A5F561A6F131A670918042194CB097D4CF8002271F80E2A4F46CB21CB10CB3A
:20036C007E280EF8022A5F561A6F131A67094D18052194CB094D44D1D51AF80222131A77BA
:20038C000AC6405F21321B1600194EF8105E3E079347041802CB290520FB79079F47D5F80D
:2003AC00042A5F56CDA20DD11C1804CB28CB191D20F9E1E5792270E804C93B3B2140C63663
:2003CC0000FA38C6EAD7D9EA39C6F80B2A4F3A2B477EF8007759502A77FA37C6F800962092
:2003EC000C213CC67E912005237E9028172137C636FF213CC67B2272213AC67B2272F80170
:20040C007EEA37C63333C92137C636FFAFE021AFE01CAFE017AFE0123EC0E0233EC0E0194F
:20042C003EC0E0143EFFE025C9F8087EEA40C64F0F3007AFE0123EC0E014CB492807AFE04B
:20044C00173EC0E019CB512803AFE01CCB592807AFE0213EC0E0233EFFE025792138C6B6FC
:20046C00EAD7D9EA39C6C90123C6F8087EE6036F26005D54292919094D4459501313F809B8
:20048C002A120303032A5F567B02037A02C9F8087EC33508F8087EE024C93B3BF80E7EF8AC
:2004AC000077F80D3A2B5E23562B2B4EF801327E2141C696385421EBC736FFF8007EEA4138
:2004CC00C6FA38C6470F3007AFE0123EC0E014CB482807AFE0173EC0E019CB502803AFE07E
:2004EC001CCB582807AFE0213EC0E0233EFFE025F8017EEA38C621EBC736FF21EEC736001C
:20050C0021ECC77B227221EBC7713333C9E8F2F8147EF80077F8157EF80122C1C503030A6A
:20052C0077F8177EF80D777EE601F80377F80D7EE602F80477F80D7EE604F80577D1D51AD9
:20054C00F80C22131A327EF80677F80D7EF80777F8047EB7280A11A0DFF80C7B22721808F8
:20056C001145C6F80C7B2272F80C7EF80877F80D7EF80977F8167EF80A77F8067EF80B7751
:20058C00F8077EF80C223600F80A7EB7CA6046E5CB46E1CA4146F80B7EF80677F80C7EF837
:2005AC000777FA18C8B720073E01F80D963018F8082A5F56F8027EF533010800C5F8092A5F
:2005CC004F46CD9015185BF8062A5F56F80D7EB72808F80D7E3D28311848F8027ECD761505
:2005EC0041F8047EB7280D2142C671F8037EB7280379E047F8057EB728282143C670F8039C
:20060C007EB7281E78E0481819F8057EB72813F8027ECD76152144C671F8037EB7280379D5
:20062C00E049F80B2A5F5621080019E57DF80D77E17CF80C77F8082A5F5621080019E57D28
:20064C00F80A77E17CF80977F80D34F80A7ECB3F77C39445F80B4E2346E1E5712370E80EF0
:20066C00C9F8092A4F46CB21CB10CB7E280FF8062A5F56210800192A666F0918042194CBDB
:20068C00094D442106000956210400097ED533F533C5F80C7EF5331E05212F40CD8B3CE8B4
:2006AC0005C9E8FAF80E4E06006960292909290929090152C7094D7CF8037123772120C5A4
:2006CC00462121C52A666F111D00195D54C5334B42210100395D54CD5415F8102A4F46F844
:2006EC00032A5F56F80F7EF533211700E5CD9015F8032A5F56210400194D44F8007EF805B4
:20070C0077F8012A665F54C5FA32C5F533F8087ECDE1154FF8032A5F56210800195D547966
:20072C002132C5963009217AC50600097E1801AF12E806C921006036003601C93BF8092A2B
:20074C004F46CB21CB10CB7E280FF8072A5F56210800192A666F0918042194CB094D44F85B
:20076C000B7EE603C608F80077FA1AC8E6F05FF8007EE60FB3EA1AC8EA00402100A05E1664
:20078C0000F8007ED60B2014211AC87EE6F0F60C77EA0040FA00A00F300216017B02037ADC
:2007AC000233C9F8082A4F46CB21CB10CB7E2810F8062A5F56210800192A666F094D180597
:2007CC002194CB094D692A4F46F80A7EE603C6085F211AC87EE6F0577BE60FB277EA004008
:2007EC002100A0717BD60BC0211AC87EE6F0F60C77EA00402100A07EE60E5F78E601B3778A
:20080C00C9F8084E211AC87EE6F0F60C77EA004079B728082100A07EE6BF77C92100A07EF8
:04082C00F64077C952
:020000040000FA
:204AC2000120C52178C52A5F56210300E5CD330F01B2C02178C52A5F56131313210400E5A6
:204AE200CD330F2178C52A4F462107000901B6C00A772178C57EC608227ECE0077C9218D59
:204B0200CB3602218ECB3603218FCB36012178C52A4F4679582190CB22730303031104000E
:204B2200D511B2C0CD330F2178C52A4F46210700097EEAB6C0C92178C57EC6F8227ECEFF10
:184B420077C3004B2178C536382336C5C3004B2178C536382336C5C92B
:20283A003BF090F80077F8072A4F46595013131AE0901AEA002069602A666FE5CD5C0EE154
:20285A0069602A666F7EE6075F16007B87CB1287CB1287CB1287CB12855F7A8C577B0203EA
:0D287A007A02F8007EE0907EEA002033C96B
:020000040001F9
:20D8C9002143DA360FF8087E21EFC777D602CA1D02C9E8F1FAEFC7B720082143DA360FC3B8
:20D8E900BA5BFA43DAD60F20052143DA3600FA43DAF800773E20F81B963E0017F80177F82B
:20D90900187E07E601F80277F8157EF80377F8167EF80477F8172A4F46CB21CB10FA43DA61
:20D92900F602F80577FA43DAF604F80677F81A7E07E601F80777F8197EF80877F81A7EF86A
:20D949000932CB2623CB16F8007EE601F80A77F8032A5F5621080019E57DF80D77E17CF869
:20D969000C77F8007EE602F80D77F8007EE604F80E77F8007EE6085FFAEFC73D280BFAEF98
:20D98900C7D602CA775AC3795BF80A7EB72069F8017EB72804F81B36202113C836002117C0
:20D9A900C83600F8027EB7280EF80B2A5F561A6F131A67094D18052194CB094D44F81B5EFE
:20D9C9001600D511F0C7CD330F2115C836F02336C7F81B7EEA14C82119C63600F533CD0AAC
:20D9E9000233FA14C8B73E012801AFEA17C82143DA7EF60177C3795BF80D7EB72010FA1740
:20DA0900C8B7CA795BF8057EEA43DAC3795BF80E7EB72010FA13C8B7CA795BF8067EEA4389
:20DA2900DAC3795B7BB7C2795BF8017EB72804F81B3620F8077EB72814F80B2A5F561A4F26
:20DA4900131A47F8082A666F095D54180B0194CBF8082A666F095D54F81B4E0600C501F037
:20DA6900C7CD330F2143DA7EF60877C3795BF80E7EB720132113C836002117C83600F8062B
:20DA89007EEA43DAC3795B7BB7206CFA13C8B7CA795BF8017EB72804F81B3620F8077EB782
:20DAA9002820F80B2A5F2A571A22131A322A5F56F8082A666F19E57DF80D77E17CF80C77C0
:20DAC900181B1194CBF8082A666F19E57DF80F77E17CF80E323A2B77F80E3A2B77F80B2A22
:20DAE9005F56F81B4E0600C501F0C7CD330F2143DA7EF608771879F80A7EB72061F8017E84
:20DB0900B72804F81B3620F8027EB7280FF80B2A5F561A6F131A67094D4418062194CB090A
:20DB29004D44F81B5E160021F0C7D55D54CD330F2115C836F02336C7F81B7EEA14C8211982
:20DB4900C63600F533CD0A0233FA14C8B73E012801AFEA17C82143DA7EF601771812F80DC6
:20DB69007EB7200CFA17C8B72806F8057EEA43DAFA43DAD60F283AF8032A5F561A4F131A2D
:20DB89004711060079935F789AF80E3273F8032A5F56F80D2A12137E12F8032A5F5621102D
:14DBA9000019E57DF80F77E17CF80E322A666F3601E80FC9E4
:020000040000FA
:013CCE000FE6
:020000040002F8
:20083000C5F8082A5F2A572A4F46C57A8730131F2F577B2F5F13214FCA7EB72801353E2D18
:200850000203CD64486069D17A2F577B2F5F1319545DC1C9C52152CAAF3232770610CB2370
:20087000CB127E8F27227E8F27227E8F27322B0520ECC1FA4FCAD605380F280D573E30024B
:20089000031520FB3E05EA4FCAFA4FCAB728023E01571E302152CA3AE60F822811928316A5
:2008B000010203FA4FCAB72805FE0530010B7ECB37E60F822811928316010203FA4FCAB7C1
:2008D0002805FE0430010B3AE60F822811928316010203FA4FCAB72805FE0330010B7ECB05
:1E08F00037E60F82280F92830203FA4FCAB72805FE0230010B7EE60F830203AF02C943
:020000040000FA
:20288700E8F0F090F80077F8167EF80177F8177EF802322A4F4603030AE0900AEA0020F86A
:2028A700012A5F561A4F131A47F80C792270F8187E1E0087CB136F6309E57DF80577E17C26
:2028C700F80477F80E36242336C9F8012A5F5621080019E57DF80777E17CF80677F8032A13
:2028E7005F561AF80777F8032A5F566B6223E57DF80A77E17CF809322B7EB7CABE2AF80E3F
:202907002A5F566B6223E57DF80C77E17CF80B77F8077ED625C27F2AF80C2A5F561A6F13CB
:202927001A674D44CB21CB10CB7C280DF8052A5F561A6F131A670918042194CB095D541AC9
:20294700F80322131A77F8082A4F460A5F696023E57DF80A77E17CF809777BFE25CA5A2AFF
:20296700D644281DF8037EF809777BFE63CA122AFE642855FE66CA412AD674CA272AC35F1F
:202987002AF8082A4F460AC6D0EA4FCAF80E2A5F56D5F8052A5F56D51E08213048CD8B3CE6
:2029A700E804FA31CAB7280CD5F8102A666FE5CDC03AE1D11600F80E2A666F19E57DF8106C
:2029C70077E17CF80F77C3A22A214FCA3600F80E2A5F56D5F8052A5F56D51E08213048CDA8
:2029E7008B3CE804FA31CAB7280CD5F8102A666FE5CDC03AE1D11600F80E2A666F19E57D6D
:202A0700F81077E17CF80F77C3A22AF80E2A5F56F8092A127EF80E77F80B7EF80F77187B17
:202A2700F80E2A666F3601F80A2A5F3A2B577E3C3C1213F80E7B22721861F80E2A666F3628
:202A470002F80A2A5F3A2B577E3C1213F80E7B22721848F8082A4F4659501B1A4F13F803D8
:202A67007B2272F80E2A666F71F80A7EF80E77F80B7EF80F77C3E428F8072A4F7EF8037797
:202A8700F8097EF80477F80E2A666F71F80A7EF80E77F80B7EF80F77C3E42803F803792263
:202AA70070F80C2A5F5621020019E57DF80E77E17CF80D77C3E428F80E2A666F3600F800C6
:162AC7007EE0907EEA0020F8012A5F56F8082A12137E12E810C90B
:020000040001F9
:20857600FA15C6EA16C6F8087EEA1DC92122C93600211BC93600F8097EFE34D0C6CC260046
:20859600E533F5331E01214442CD8B3CE1C9F8087EB7280ACD2E02213CCA7B2272C9CD361B
:2085B60002213CCA7B2272C9F8093A8787874F7E8787872119C9712118C971EA17C9EA16C1
:2085D600C9C9F8087EB7280E237EF5331E0121084ACD8B3C33C90E00F80946CB402814FA07
:2085F60016C92117C9962009FA18C92119C99628020E01CB482808FA1BC9B720020E0121EF
:2086160016C65E16002115C66E26007B2F5F7A2F577DA35F7CA2CB502806CB6320020E0116
:20863600CB582806CB6B20020E01CB602805B320020E0179B7C8F8062A4F4621100009360B
:208656000169602A66C6FD5F7CCEFF577B02037A02C9F80A7E3C2008FA1EC9F80A77180DC0
:20867600F80A7ED6FE2006FA1FC9F80A77F80A3A4F3A878787477E8787875F2119C9702168
:2086960017C97379D6FD20092118C9702116C973C9211AC971C9CD2E02F8094EAF6967291C
:2086B60029292929194D44F8086E2600095D54213ECA7B2272F80A7EEA40CAF80B7EEA41B0
:2086D600CAF80C7EB73EC920023ECAEA42CAC9F80C7EB72803AF18023EFFEA23C9F80D4606
:2086F60078E6024FCB402849C5F80D3A573A5FD53A575ED51E0121A041CD8B3CE804C179D1
:20871600B7C8F80B3A4705053A5F1D1D3A4F0C7E3CF80C66E533C53363E53361E533F5337E
:20873600F80B2A5F56D51E0621AC46CD8B3CE807C9F80C7EB73EC920023ECAF533F80C3A19
:20875600573A5FD53A575ED5CD9A39E80579B7C8F80C3A573A5FD53A573A5FD53A2BF53366
:208776002A5F56D51E0621AC46CD8B3CE807C9F8087ED614302D237ED61230273E12962BF6
:20879600473E1496F80B66E533F80B6668E5F533AF0FF5F80C2A5F56D51E0621E546CD8B02
:2087B6003CE808F8093A8787874F7E8787872119C9712118C971EA17C9EA16C9C9E8F7F82B
:2087D6000F7EF80077F8107EF80177F8112A4F46CB21CB10CB7E281BD1D521080019E57D2C
:2087F600F80977E17CF808322A5F561A6F131A670918042194CB097D4CF8072279327EF8A7
:208816000277F8087EF80377F8147EB7CABE48F8072A5F561AF80422131A77F8147EF80785
:20883600223600F8075D54F8041A1396231A9E1A57CB7E2807CB7A2008BF1805CB7A2801E0
:20885600373E0017F80677B72806234E06001805F8042A4F4679D60178173F1FDE803009F9
:20887600F8073E0122AF771811F8067EB7200BF8047EF807322B7EF80877F8074ED1D51304
:20889600131A47D1D51A6F131A5D5779F533F8153AF5337EF533C533D51E01218E48CD8B4D
:2088B6003CE8064F06001803010000F8022A666F792270D1D51AF80722131A77F8144E061E
:2088D6000069602909294D44F8072A666F094D44E1E5792270E809C9F8084E213BCA7106BF
:2088F60000696029093E6E854F3E058C470AEA3ACA6960232A4F46FA3ACAF533110800D51A
:208916001132CACD9015C9CD2E02F8094EAF69672929292929194D44F8086E2600094D4489
:20893600F80C7EB73EC920023ECAF533F80C3A575ED5C51E09217841CD8B3CE805C9212C6A
:20895600C55EF80D7ECDC10DF80C7E1E00814F7B8847792124C586234F788E47F80B3A57AA
:208976003A5FD53A575ED5FA2CC567FA23C56FE5C5CDF024E808C9E8FDF80B2A4F46CB2135
:20899600CB10CB7E280FF8092A5F56210800192A666F0918042194CB094D44210A0009567C
:2089B600C5212CC55E7ACDC10D5950C1210800096E2600195D54210600097EF8007721041B
:2089D60000097EF80177696023237EF802770A4F2124C52A835F7E8A57F8002AF5332AF555
:2089F6003346C5FA2CC567FA23C56FE5D5CDF024E80BC9E8F4F8122A5F56F8162A4F46CBCC
:208A160021CB1021080019E57DF80577E17CF80477F817CB7E280DF8032A5F561A6F131A3F
:208A3600670918042194CB097EF80577F8182A4F46CB21CB10CB7E280DF8032A5F561A6FA2
:208A5600131A670918042194CB097EF80677F81A7EF80777F81B7EF80877F81C7EF80932F8
:208A76002A5F3A2B577ECD7615F80A79322B2A5F3A2B57137ECD7615F80B71F8142A4F4680
:208A9600CB21CB10CB7E280EF8032A5F561A6F131A67094D18052194CB094D440AEA45DAE3
:208AB600F8082A5F56210800194D44F8077EF533210100395D54CD5415F8002A472A666F9F
:208AD600C533E5F80E3A575ED5F80B3A577E5FD5CD3815E8072145DA3600E80CC9F8087ED9
:168AF600EA44CAF8097EEA45CAF80A7EEA46CAF80B7EEA43CAC93F
:020000040000FA
:202ADD00E8F6F8102A5F2A572A4F46CB21CB1021080019E57DF80A77E17CF80977F813CB9B
:202AFD007E2816F8082A5F561A6F131A67095D541AF80022131A77180D2194CB095D541AF6
:202B1D00F80022131A77F8157EB72820F8082A5F561A4F131A47F8155E16006B622979950F
:202B3D004F789C47F8082A666F712370F090F80277F8107EF80377F8117EF804322A4F466E
:202B5D0003030AE0900AEA0020F8032A5F2A571A4F131A712377F8147EF80977F8097EB7E6
:202B7D00286CF8052A5F3A571A4F131A472A5F5621020019E57DF80977E17CF80877F800EF
:202B9D007E912032237E90202DF8072A5F561AF80022131A327EF80877F8017EF80977F8EC
:202BBD00032A5F56F8082A12137E12F8027EE0907EEA00201838F8072A5F5621020019E578
:202BDD007DF80777E17CF80677F80935188EF8027EE0907EEA0020F8057EF808322B7EF879
:202BFD000977F8032A5F56F8082A12137E12E80AC9E8F0F81B2A4F46CB21CB10CB7E280FD3
:202C1D00F8162A5F56210800192A666F0918042194CB09AFF533E5F81C2A5F3A2B57D57E53
:202C3D00F5331E04214456CD8B3CE808C5F81D7EB7CA2F2DF8013AB6CA2F2D2323F090776D
:202C5D00F8167EF80377F8177EF804322A4F4603030AE0900AEA0020F81D7EF80F77F81B27
:202C7D007EF80577F81C7EF80632CB2623CB161194CB3A6E6719E57DF80977E17CF8087748
:202C9D00F8032A5F5621080019E57DF80B77E17CF80A77F80F7EB72870F8032A5F561A6F12
:202CBD00131A672ACB7E2815F8092A5F561A4F131A47F8052A666F092A4F7E1809F8072AB0
:202CDD005F561A4F131AF80B712377D1D5210800194D4459501AF80D22131A322A5F5613CA
:202CFD00137B02037A02F80B2A4F2A472A666F792270F8032A5F561A4F131A4703033A6E4C
:202D1D0067792270F80F35188AF8027EE0907EEA0020E810C9E8F3F090F80077F8137EF8CA
:202D3D000177F8147EF802322A4F4603030AE0900AEA0020F8012A5F5621080019E57DF881
:202D5D000577E17CF804322A5F2A571A22131A77F8012A5F561AF80B22131A322A4F46032D
:202D7D00F8012A666F792270F80B2A5F561A2192CB77CB7ECAFB317EEE80D678DADA315E86
:202D9D003EFF5796CB7B2807CB7A2008BF1805CB7A280137DADA31FA92CBC6084F06002109
:202DBD00C32D090909E9C3DB2DC3B22EC3622FC3FF2FC36930C30531C36D31C3A231F8010A
:202DDD002A5F561AF80B22131A322A4F4603F8012A666F792270F80B2A5F561A2192CB77A3
:202DFD007EFE492869FE692807D6752832C39D2EF8012A5F561A4F131A4759501AF80B22FA
:202E1D00131A77F8032A5F561A4F131A470B0B3A6E677922700A4FF80B2A666F711861F8CD
:202E3D00012A5F561A4F131A4759501AF80B22131A77F8032A5F561A4F131A470B0B3A6EB7
:202E5D00677922700A4FF80B2A666F711832F8012A5F561A4F131A4759501AF80B22131A03
:202E7D0077F8032A5F561A4F131A470B0B3A6E6779227069602A4F46F80B2A666F79227042
:202E9D00F8012A5F561A4F131A4703033A6E67792270C36D2DF8012A5F561AF80B22131A9F
:202EBD00322A4F4603F8012A666F792270F80B2A5F561A2192CB777EFE492850FE6928063B
:202EDD00D6752826186AF8032A5F3A2B2B571A4F131A472A5F561A6F131A672A666F7E5F9A
:202EFD00079F577B02037A021846F8032A5F3A2B2B571A4F131A472A5F561A6F131A672AF0
:202F1D00666F5E16007B02037A021824F8032A5F561AF80B22131A77F8012A5F561A6F13E2
:202F3D001A672A666F2A4F46F80B2A666F792270F8012A5F561A4F131A4703033A6E6779E5
:202F5D002270C3E631F8012A5F561A6F131A672A4F46CB782816CB21CB10F8052A666F09E7
:202F7D00E57DF80D77E17CF80C77180F7987CB10C6944F78CECBF80B712377F80B2A5F56D2
:202F9D001A4F131A47CB782816CB21CB10F8052A666F09E57DF80D77E17CF80C77180F7994
:202FBD0087CB10C6944F78CECBF80B712377F8032A5F561A4F131A470B0B3A6E67792270E3
:202FDD0069602A4F46F80B2A666F792270F8012A5F561A4F131A4703033A6E67792270C3A7
:202FFD006D2DF8012A5F561A6F131A672A4F46CB782816CB21CB10F8052A666F09E57DF8BF
:20301D000D77E17CF80C77180F7987CB10C6944F78CECBF80B712377F8032A5F561A4F1317
:20303D001A470B0B3A6E6779227069602A4F46F80B2A666F792270F8012A5F561A4F131ADF
:20305D004703033A6E67792270C36D2DF8012A5F561A6F131A672A4F46CB782816CB21CBA3
:20307D0010F8052A666F09E57DF80D77E17CF80C77180F7987CB10C6944F78CECBF80B7138
:20309D002377F80B2A5F561A4F131A47F8032A5F561AF80922131A77CB782816CB21CB10B7
:2030BD00F8052A666F09E57DF80D77E17CF80C77180F7987CB10C6944F78CECBF80B7123E5
:2030DD0077F80B2A5F561A4F131A47F8092A666F792270F8012A5F561A4F131A4703033A9D
:2030FD006E67792270C3E631F8012A5F561A6F131A672A4F46F8032A5F561AF80922131A01
:20311D0077CB782816CB21CB10F8052A666F09E57DF80D77E17CF80C77180F7987CB10C650
:20313D00944F78CECBF80B712377F80B2A5F561A4F131A47F8092A666F792270F8012A5F24
:20315D00561A4F131A4703033A6E677922701879F8032A5F561AF80B22131A77F8012A5F2F
:20317D00561A6F131A672A4F46F80B2A666F792270F8012A5F561A4F131A4703033A6E6729
:20319D007922701844F8012A5F561AF80B22131A322A4F4603F8012A666F792270F80B2A43
:2031BD005F561AEA92CBF8032A5F561A6F131A67E5FA92CBE14F079F712377180CF8007E2E
:2031DD00E0907EEA0020C34737F8032A5F561A4F131A4703033A6E67792270C36D2DF8036A
:2031FD002A5F561A4F131A4711040079935F789AF808327B222B2A5F5621020019E57DF8F5
:20321D000B77E17CF80A77FA92CBFE01CA6733FE02CA9333FE03CACD33FE04CA0934FE0518
:20323D00CA4334FE06CA7F34FE07CAAD34FE08CAD934FE09CA0E35FE25CA3F33FE26CA2998
:20325D0035FE2ACAEF32FE2B2843FE2D2860FE2FCA1733FE40CAB736FE4CCA9535FE4DCA99
:20327D003D36FE51CAEA36FE52CABD35FE54CA8936FE5ECA7135FE6DCAE535FE72CA06370C
:20329D00FE7CCA4D35D67ECAD136C32737F8072A5F2A571A4F131A472A5F561A6F131A6723
:2032BD00094D44F8072A666F792270C33237F8072A5F2A571A4F131A472A5F561A6F131AA7
:2032DD006779954F789C47F8072A666F792270C33237F8072A5F561AF80B22131A322B2BAB
:2032FD002A5F2A571A4F131A472A5F56CDA20DF8072A666F792270C33237F8072A5F561A42
:20331D00F80B22131A322B2B2A5F2A571A4F131A472A5F56CD950FF8072A666F792270C3B3
:20333D003237F8072A5F561AF80B22131A322B2B2A5F2A571A4F131A472A5F56CD9E0FF8FD
:20335D00072A666F792270C33237F8072A5F2A571A4F131A472A5F561A6F131A677D912003
:20337D00067C903E012801AF4F0600F8072A666F792270C33237F8072A5F2A571A4F131ADE
:20339D00472A5F561A6F131A675C507995789CCB7B2807CB7A2008BF1805CB7A2801373E5E
:2033BD0000174F0600F8072A666F792270C33237F8072A5F2A571A4F131A472A5F561A6F01
:2033DD00131A6758547D917C98CB7B2807CB7A2008BF1805CB7A2801373E0017EE014F0672
:2033FD0000F8072A666F792270C33237F8072A5F2A571A4F131A472A5F561A6F131A675841
:20341D00547D917C98CB7B2807CB7A2008BF1805CB7A2801373E00174F0600F8072A666F0E
:20343D00792270C33237F8072A5F2A571A4F131A472A5F561A6F131A675C507995789CCBBD
:20345D007B2807CB7A2008BF1805CB7A2801373E0017EE014F0600F8072A666F792270C352
:20347D003237F8072A5F2A571A4F131A472A5F561A6F131A677D9120067C903E012801AF8D
:20349D00EE014F0600F8072A666F792270C33237F8072A4F3A472A5F561A6F131AB5280C1F
:2034BD00F8092A5F561A6F131AB520041E0018021E0116007B02037A02C33237F8077EF876
:2034DD000B77F8087EF80C77F8072A5F561A4F131AB1200E232A5F561A4F131AB120034F46
:2034FD0018020E010600F80B2A666F792270C33237F8092A5F561A4F131AB1D6013E0017F4
:20351D004F06003A6E67792270C36D2DF8072A5F2A571A4F131A472A5F561A6F131A677D63
:20353D00A14F7CA047F8072A666F792270C33237F8072A5F2A571A4F131A472A5F561A6F98
:20355D00131A6779B54F78B447F8072A666F792270C33237F8072A5F2A571A4F131A472A85
:20357D005F561A6F131A6779AD4F78AC47F8072A666F792270C33237F8072A4F4669602A96
:20359D004F46F8092A5F561AE60F5F1C1804CB21CB101D20F9F8072A666F792270C33237C1
:2035BD00F8072A4F4669602A4F46F8092A5F561AE60F5F1C1804CB38CB191D20F9F8072ADC
:2035DD00666F792270C33237F8077EF80B77F8087EF80C77F8072A5F2A571A4F131A472AC2
:2035FD005F561A6F131A675C507995789CCB7B2807CB7A2008BF1805CB7A2801373007F87C
:20361D0009792270180BF8092A5F3A571A22131A77F80B2A5F56F8092A12137E12C332376D
:20363D00F8077EF80B77F8087EF80C77F8072A5F2A571A4F131A472A5F561A6F131A675843
:20365D00547D917C98CB7B2807CB7A2008BF1805CB7A280137380AF8092A5F561A4F131ABC
:20367D0047F80B2A666F792270C33237F8092A5F3A2B2B571A4F131A472A5F561A6F131ACA
:20369D0067C5E51E0721824CCD8B3CE8044F0600F8072A666F792270187BF8092A5F561A7D
:2036BD004F131A475950CD623AF8092A666F792270C36D2DF8092A5F561A4F131AF5792F9D
:2036DD004FF12F473A6E67792270C36D2DF8092A5F561A4F131A5759CDD51A4F0600F80968
:2036FD002A666F792270C36D2DCDAC394B42F8092A5F561A6F131A6759504D44CDBF0FF83D
:20371D00092A666F792270C36D2DF8007EE0907EEA00201815F8032A5F561A4F131A470BBF
:20373D000B3A6E67792270C36D2DE80DC9E8FDF80B2A4F46CB21CB107ECB7F2811F8092A92
:20375D005F56210800192A666F094D4418062194CB094D44F090F80077F80E7EE090EA00B7
:20377D0020F80D7EB7200D23232A5F561AF8012236001815F80F7EF80177F8107EF8023241
:20379D002A5F3A571A22131A77F8012A02033A2B027EE0907EEA0020E803C9F8062A666F5C
:2037BD00E5F80A2A5F2A666FCD8B3CE802C9424B1A6F131A6713F090F51AE090EA00202A46
:2037DD005FB7284CC5E526006B29292B112803193A5F3AEA93CB3A474EE153CB3A30032AB5
:2037FD00F53328092AF5332AF5331520F7C5444DF802192A666F714D7C237047E1C5D5D5B7
:20381D00FA93CBE090EA0020E7E139F9E8061E01F1E090EA00207BC93B3BFA8BCBB7201155
:20383D002187CB2277FA83CBEA89CBFA84CBEA8ACB2198D936012199D93610218ACB3AB649
:20385D00CA8639218DCB36002189CB2A4F462110000936002189CB2A4F46210F00097EB7CD
:20387D0020132189CB5E2356CDCB372189CB4E2346B7C23A39211100095E218BCB7E93772D
:20389D00210D00092A4F4678B1280D6960233A5EF680577B02037A022188CB3AB6281C2A98
:2038BD004F460303033333C52189CB6EFA8ACB672323232A4F46E1E57922702189CB2A4FA2
:2038DD0046030303FA83CB2189CB962013FA84CB218ACB96200A59501A2183CB22131A777F
:2038FD002185CB2A02037E02FA89CBEA85CBFA8ACBEA86CB2188CB3AB628132A4F46030315
:20391D000359501A2189CB22131A77C35838FA83CBEA89CBFA84CBEA8ACBC35838FA8DCB83
:20393D00B728043E031853211000095D541AB72011FA99D9F801772199D935F8017EB7C25A
:20395D005838FA8BCBB720211A2198D9A6772187CB79227003030359501A2189CB22131A9B
:1D397D00772199D93610C358382184CB3AB6280AFA98D9B73E0120023E023333C906
:020000040001F9
:20094800E8FCF80A7EF80077F80B7EF80177D1D5210800194D4459501AF80222131A322AEA
:200968005F5613137B02037A02D1D51A4F131A473A6E67792270D1D5F80C2A12137E12E88A
:2009880004C9E8FCF80A7EF80077F80B7EF80177D1D521080019E57DF80477E17CF8033277
:2009A8002A5F561A4F131A470B0B3A6E6779227069602A4F46E1E5792270F80C7EB7281F6A
:2009C800F8022A5F561A4F131A47F80C5EAF6B672979954F789C47F8022A666F792270E8A9
:2009E80004C9E8FAF80C7EF80077F80D7EF80177D1D521080019E57DF80677E17CF8053211
:200A08002A5F561AF80222131A322A4F2A4703032A666F792270D1D51A4F131A47F8022AB9
:200A2800666F792270F8042A5F561AF80222131A322A4F2A4703032A666F792270C1C503DB
:200A4800030AF80422AF322B2B2A5F2A577E1213AF12D1D5F80F2A12133A2B127E02E806DD
:200A6800C9E8FCF80A7EF80077F80B7EF80177D1D521080019E57DF80477E17CF803322A70
:200A88005F561A4F131A470B0B3A6E67792270D1D513130A12F8022A5F561A4F131A470BE3
:200AA8000B3A6E6779227069602A4F46E1E5792270F80C7EB7281FF8022A5F561A4F131AC1
:200AC80047F80C5EAF6B672979954F789C47F8022A666F792270E804C93B3BF8082A4F4615
:200AE800210800094D4459501AF80022131A77D1D513137B02037A02D1D5F80A2A12137E6D
:200B0800123333C93B3BF8082A4F46210800093333E5F80A7EB72818D1D51A4F131A475E82
:200B280016006B622979954F789C47E1E5792270D1D51A6F131A672A4F4659503333C9E8D6
:200B4800FCF80A7EF80077F80B7EF80177F80C2A4F46CB21CB10D1D521080019E57DF804E1
:200B680077E17CF80377F80DCB7E280FF8022A5F561A6F131A67094D4418062194CB094D1E
:200B8800446960233A6EB52817D1D5F80E2A12137E1269602A665F541B7B02037A02182794
:200BA800F8107EB72821F8022A5F561A4F131A47F8105E1600CB23CB1279934F789A47F8FE
:200BC800022A666F792270E804C9F8062A4F2A472A02037E02C9E8FAF80C7EF80077F80D14
:200BE8007EF80177D1D521080019E57DF80477E17CF80377F80E7EB7281EF8022A5F2A57EE
:200C08001A22131A77F80F2A4F4669602A4F4603F8042A666F792270F8022A5F561A4F1340
:200C28001A4769602A665F541B7B02037A027AB3280CD1D52110001936011E0018021E0149
:200C4800E806C9E8F3F8137EF80277F8147EF80377F8192A4F46CB21CB10F8022A5F562173
:200C6800080019E57DF80677E17CF80577F81ACB7E280FF8042A5F561A6F131A67094D7C47
:200C880018062194CB097C4DF806712377F8022A5F5621050019E57DF80A77E17CF8093250
:200CA8002A5F561AF80022131A77F8162A4F46F8022A5F5621070019E57DF80C77E17CF85C
:200CC8000B77F8007E912015237E902010F80A2A5F2A571A77F8157EF80C962815F8082AC4
:200CE800666F792270F80A2A5F56F8157E12160118021600211EDA792270F8157EEA20DAB4
:200D080001F43AF8132A5F7EF5F8082A666FF1E5D53357D56960CDFB3BE8057BB72836F84B
:200D2800187EB7281FF8042A5F561A4F131A47F8185EAF6B672979954F789C47F8042A6603
:200D48006F792270F8082A666FAF2277F80A2A666F36001818F8022A5F561A4F131A477934
:200D6800C6F94F78CEFF473A6E67792270E80DC9E8FCF80A7EF80077F80B7EF80177F80C31
:200D88002A4F46CB21CB10CB7E281CD1D521080019E57DF80477E17CF803322A5F561A6F89
:200DA800131A67094D18052194CB094D692A6EAFB5201CD1D51A4F131A4779C6FD4F78CE59
:200DC800FF47E1E5792270D1D5211000193601E804C9F8082A4F46CB21CB10CB7E280FF81A
:200DE800062A5F56210800192A666F0918042194CB097EF5331E0421AA57CD8B3C33C9E8B5
:200E0800F7F80F7EF80077F8107EF80177F8122A4F46CB21CB10D1D521080019E57DF80413
:200E280077E17CF80377F813CB7E2816F8022A5F561A6F131A67095D541AF80422131A7746
:200E4800180D2194CB095D541AF80422131A77F8142A4F46CB21CB10CB7E2810F8022A5FB9
:200E6800561A6F131A67092A4F4618072194CB092A4F46F80636003E06F81196DA154FF87B
:200E8800047E912007237E903E012801AFF80777F8042A917E985678CB7F2807CB7A2008D1
:200EA800BF1805CB7A2801373E0017F80877F804799623789E7857CB7E2807CB7A2008BF26
:200EC8001805CB7A2801373E00174FF8115E160021DE4E1919E91835180A180E18131819CE
:200EE800181C1823F8073A771823F8083A2B77181C79EE01F806771814F80671180FF808E1
:200F08003A2BEE01771806F8073AEE0177F8067EB72809D1D5F8162A12137E12F8187EB705
:200F2800281FF8022A5F561A4F131A47F8185EAF6B672979954F789C47F8022A666F792248
:200F480070E809C9E8F9F80D7EF80077F80E7EF80177F8102A4F46CB21CB10D1D52108003B
:200F680019E57DF80477E17CF80377F811CB7E2810F8022A5F561A6F131A67092A4F46184C
:200F8800072194CB092A4F46F80436003E06F80F96DA2A50F8127E912007237E903E0128BB
:200FA80001AFF80577F812799623789E7857CB7E2807CB7A2008BF1805CB7A2801373E0040
:200FC80017F80677F8122A917E985678CB7F2807CB7A2008BF1805CB7A2801373E00174FC9
:200FE800F80F5E160021F34F1919E91835180A180E18131819181C1823F8053A771823F8AF
:20100800063A2B77181C79EE01F804771814F80471180FF8063A2BEE01771806F8053AEE0B
:201028000177F8047EB72809D1D5F8142A12137E12F8167EB7281FF8022A5F561A4F131A44
:2010480047F8165EAF6B672979954F789C47F8022A666F792270E807C9E8FCF80A2A4F4612
:201068002108000933335D54D51AF80222131A77F80C2A4F46CB21CB10CB7E280AF8022A47
:20108800666F094D4418062194CB094D4469602A4F46F8022A666F792270D1D51A4F131AD9
:2010A800470303E1E5792270E804C9E8FCF80A2A5F2A572A4F46CB21CB1021080019333337
:2010C8005D54D51AF80222131A77F80DCB7E280AF8022A666F094D4418062194CB094D445D
:2010E80069602A4F46F80C792270CB21CB10CB7E280AF8022A666F094D4418062194CB09D5
:201108004D4469602A4F46F8022A666F792270D1D51A4F131A470303E1E5792270E804C99B
:20112800E8FCF80A2A4F462108000933335D54D51AF80222131A77F80DCB7E281CF8022A54
:201148004F4679D6944F78DECB47CB38CB19F80C2A5E814F7B88471805F80C2A4F46F802F1
:201168002A666F792270D1D51A4F131A470303E1E5792270E804C93B3BF8082A4F462108F0
:2011880000094D4459501AF80022131A77F80A7E5F079F57CB23CB12E1E5195D547B020375
:2011A8007A023333C9E8FCF80A2A5F2A572A4F46CB21CB10210800193333E5F80DCB7E2803
:2011C80011D1D51A6F131A67094D7CF802712377180B2194CB094D7CF802712377F80E2AB2
:2011E8004F46CB21CB10CB7E280AD1D51A6F131A670918042194CB092A4F46F8022A666FE7
:20120800792270E804C9F8082A4F46CB21CB10CB7E2811F8062A5F56210800192A666F09D7
:201228004D4418062194CB094D44F80A2A02037E02C9E8FAF80C7EF80077F80D7EF801779D
:20124800F80E2A4F46CB21CB10D1D521080019E57DF80677E17CF80577F80FCB7E2814F8E6
:20126800042A5F561A6F131A67094D7CF802712377180B2194CB095D54F8027B2272F81021
:201288002A4F46CB21CB10CB7E280DF8042A5F561A6F131A67091819D1D5210A0019E57DC4
:2012A800F80677E17CF805322A5F561A6F131A67092A4F46F8022A666F792270E806C9F8AE
:2012C800087E0F3003CDBD0140C9F8062A4F46211000093601C9F8082A4F46CB21CB10CB62
:2012E8007E2810F8062A5F56210800192A666F094D18052194CB094D692A4F46C5CDD739FF
:20130800E1C9F8082A4F46CB21CB10CB7E2811F8062A5F56210800192A666F095D5418061D
:201328002194CB095D54D5CDAC39D5F8104EF81146D1CDBF0FD1F80A2A666F094D44791207
:20134800137812C9F8062A4F462111000934218BCB34C9F8062A4F46211100097EB7C83D4D
:2013680077218BCB35C93B3BF80A7EEA8DCBF80B7EEA8ECBF8082A4F46595013131AEA8F5C
:20138800CB69602A665F542190CB7B227259501AF80022131A77D1D5F80B6E2600195D545B
:2013A8007B02037A023333C9E8FCF80A2A5F2A572A4F46CB21CB10210800193333E5F80DF2
:2013C800CB7E280AD1D51A6F131A670918042194CB092A664F44CB21CB10CB7C2811D1D509
:2013E8001A6F131A67094D7CF802712377180B2194CB094D7CF802712377F80E2A4F46CBE7
:2014080021CB10CB7E280AD1D51A6F131A670918042194CB092A4F46F8022A666F79227019
:20142800E804C9E8FCF80A2A5F2A572A4F46CB21CB10210800193333E5F80DCB7E2811D194
:20144800D51A6F131A67094D7CF802712377180B2194CB094D7CF802712377F80E2A4F467C
:20146800CB21CB10CB7E280AD1D51A6F131A670918042194CB092A664F44CB21CB10CB7C80
:20148800280AD1D51A6F131A670918042194CB092A4F46F8022A666F792270E804C9F80829
:2014A8002A4F46CB21CB10CB7E280FF8062A5F56210800192A666F0918042194CB09E5214C
:2014C8008CCB4EE1AF712377218CCB3600C9F8082A4F46CB21CB10CB7E280FF8062A5F566A
:2014E800210800192A666F0918042194CB095D54010000F80C7E912004237E90C8F80A2AE7
:2015080012137E12130318EBE8FAF8127EF80077F8137EF80132CB2623CB16F80C2A5F5690
:20152800F8102A4F46CB21CB1021080019E57DF80477E17CF80377F811CB7E280FF8022A82
:201548005F561A6F131A67094D7C18062194CB097C4DF804712377F80E2A4F46CB21CB10DC
:20156800CB7E280DF8022A5F561A6F131A670918042194CB095D54C1C5C5F8062A4F46CDBB
:20158800330FE806C9E8FBF80B7EB7282211000ED5110000D51194CBD5CDFC3BE806113093
:2015A80001D5110000D51153CAD5CDFC3BE806F8023E942236D12185CB3E532236CAAF2189
:2015C80083CB2277AFF80022771170CBF8043610F8047EB728474B42030303F8002A0203F1
:2015E8007E02210A00194D44F8022A02037E02210C00194D44F8043A2B02D52A5F56218056
:201608000019D1E57DF80477E17CF803224B427BC6ED5F7ACEFF573333C53518B3218BCB2F
:201628003600218CCB3600AF2187CB2277FA83CBEA89CBFA84CBEA8ACBE805C9E8F32186BD
:20164800CB3AB62006010000C3A7572185CB2A4F46F80279227021030009E57DF80B77E1C0
:201668007CF80A322A5F561A2185CB22131A775950F8142A12133A2B12595013137E122187
:20168800080009E57DF80677E17CF80577210A00095D541AF80B22131A77F8042A5F56F8EE
:2016A8000B2A12137E12210D00095D54F8162A12137E123AB628122A5F56210C00097EF8AE
:2016C8000B22AF327E1213AF12210F000936002111000936002112000936002107000936D7
:2016E80000F8092A666FAF22772184CB3AB628252A4F46030303F80B792278322A5F561AE4
:201708004F131A47B120ECF80B2A5F56F8022A12137E1218062183CB792270F8187EB72881
:2017280079E5211A00395D54E16B6223E57DF80877E17CF80777F8187EF80C77F80C7EB75F
:201748002858F8042A5F561AF80822131A322A4F460303F8042A666F792270F8062A5F56E3
:20176800210200193333E5F8007EF80677F8017EF80777D1D52102007B955F7A9CF80B327F
:201788007B222B2A5F3A571A22131A322B2B2A5F2A572A12132A123518A2F8022A4F46E849
:2017A8000DC9FA83CBEA94D9FA84CBEA95D92195D93AB628502A4F46210C00095EF8067E45
:2017C800932033210D00092A4F4678B1281A6960233A5EF680577B02037A022194D92A4F66
:2017E80046210D0009AF22772194D92A4F46210F00093E0177C903030359501A2194D9229B
:20180800131A7718A9AFC9FA83CBEA96D9FA84CBEA97D92197D93AB628272A4F46210C00E3
:20182800095EF8067E93200A210D0009AF22773E01C903030359501A2196D922131A77183F
:03184800D2AFC953
:20DBBD001205190000FFFC1A005BD00002FFFC01095D1115FD0B00FE000004001A015BE5E9
:20DBDD000000FFFF06095D0415FD0100FE050002001A015BFA0000FFFF06095C0515FD01B1
:20DBFD0000FF012BFB01000015FD0B00FF012DFB0B00000100030A5A8A0915FD0100FBFD8B
:20DC1D00FF00140003FFFC75FFFC2400030000000A24000F0001000201000101000D2C00C3
:20DC3D000B0A6F09080A710B08140001FFFC840005FFFC3F0400FFFC1A005CD10000000A81
:20DC5D000115FD0A00FE010001001A015CAB0000FFFF0615FD0A00FE020001001A015C854B
:20DC7D000000FFFF06095CA815FE8008FE00004DFBFDFFFE0008FE00004DFBFEFF0014003C
:20DC9D0001FFFF140001FFFC30FFFC095CCE15FE8000FE00004DFBFDFFFE0004FE00004DD8
:20DCBD00FBFEFF00140004FFFF140001FFFC30FFFC095CF415FE8008FE00004DFBFDFFFECA
:20DCDD000004FE00004DFBFEFF00140004FFFF140001FFFC30FFFC15FD0200FBFDFF001470
:20DCFD000002FFFC75FFFC1A005D100000000B01095D1000190000FFFB1A005D220004FFE2
:20DD1D00FB01095E8015FD0B00FE000004001A015D370000FFFF06095E4115FD0100FF0176
:20DD3D002BFB01000015FD0B00FF012DFB0B00000100030A5A8A0915FD0100FBFDFF001436
:20DD5D000003FFFC75FFFC2400030000000A24000F0001000201000101000D2C000B0A6F11
:20DD7D0009080A710B08140001FFFC840005FFFC3F0400FFFC1A005E0E0000000A0115FD72
:20DD9D000A00FE010001001A015DE80000FFFF0615FD0A00FE020001001A015DC20000FFA2
:20DDBD00FF06095DE515FE8008FE00004DFBFDFFFE0008FE00004DFBFEFF00140001FFFFBD
:20DDDD00140001FFFC30FFFC095E0B15FE8000FE00004DFBFDFFFE0004FE00004DFBFEFF5F
:20DDFD0000140004FFFF140001FFFC30FFFC095E3115FE8008FE00004DFBFDFFFE0004FE40
:20DE1D0000004DFBFEFF00140004FFFF140001FFFC30FFFC15FD0200FBFDFF00140002FF2F
:20DE3D00FC75FFFC1A005E4D0000000B01095E7F15FF03F86907C600570115FE0000FBFDFA
:20DE5D00FFFE0000FBFEFF00140000FFFC35FFFC3200FFFC15FF03F8691CC50027030209B6
:04DE7D00125000003F
:020000040002F8
:20426F001204190000FFFC1A0042820000FFFC010942B0140003FFFC3F0800FFFC585DD156
:20428F0009045904040100010A5A8A0915FD0100FBFDFF00140001FFFC75FFFC0A5A3D0974
:2042AF0000190000FFFC1A0042C10002FFFC010942F015FD1600FE000004001A0142D60028
:2042CF0000FFFF060942EF15FD1600FE01002DFB1600000100032C00132C00160A6F09081D
:0242EF000000CD
:20090E00120415FE8005FE00004DFBFDFFFE0004FE00004DFBFEFF00140004FFFF14000367
:20092E00FFFC30FFFC15FE8006FE00004DFBFDFFFE8004FE00004DFBFEFF00140004FFFFCD
:20094E00140003FFFC30FFFC15FE8007FE00004DFBFDFFFE0004FE00004DFBFEFF00140017
:20096E0004FFFF140003FFFC30FFFC15FE8008FE00004DFBFDFFFE8004FE00004DFBFEFF88
:20098E0000140004FFFF140003FFFC30FFFC15FE8007FE00004DFBFDFFFE0004FE00004DCD
:2009AE00FBFEFF00140004FFFF140003FFFC30FFFC15FE8006FE00004DFBFDFFFE8004FE83
:2009CE0000004DFBFEFF00140004FFFF140003FFFC30FFFC15FE8005FE00004DFBFDFFFE99
:2009EE000004FE00004DFBFEFF00140004FFFF140003FFFC30FFFC15FE8004FE00004DFB72
:200A0E00FDFFFE8004FE00004DFBFEFF00140004FFFF140003FFFC30FFFC094910180949E8
:020A2E001000B6
:2042F1001204190000FFFC1A0043040000FFFC01094332140002FFFC3F0800FFFC585DC4DC
:2043110009045908040100010A5A8A0915FD0100FBFDFF00140001FFFC75FFFC0A5A3D09ED
:2043310000190000FFFC1A0043430002FFFC0109437215FD1500FE000004001A014358001D
:2043510000FFFF0609437115FD1500FE01002DFB1500000100022C00132C00150A6F09081B
:0243710000004A
:020000040001F9
:20DE8100120415FE8009FE00004DFBFDFFFE8006FE00004DFBFEFF00140001FFFF1400029D
:20DEA100FFFC30FFFC140002FFFC3201FFFC15FE800EFE00004DFBFDFFFE8006FE00004D4A
:20DEC100FBFEFF00140001FFFF140002FFFC30FFFC140002FFFC3203FFFC095E8318095E50
:02DEE1008300BC
:020000040002F8
:200A30001204190000FFFC1A004A430000FFFC01094A71140002FFFC3F0800FFFC585DC449
:200A500009045904040100010A5A8A0915FD0100FBFDFF00140001FFFC75FFFC0A5A3D09EB
:200A700000190000FFFC1A004A820002FFFC01094AB115FD1700FE000004001A014A970043
:200A900000FFFF06094AB015FD1700FE01002DFB1700000100022C00132C00170A6F0908C9
:200AB00000190000FFFC1A004AC20004FFFC01094AF115FD1700FE000004001A014AD70041
:200AD00000FFFF06094AF015FD1700FE02002DFB1700000100022C00132C00170A6F090848
:020AF000000004
:20437300120415FE0007FE00004DFBFDFFFE8002FE00004DFBFEFF00140004FFFF140002C9
:20439300FFFC30FFFC15FE0006FE00004DFBFDFFFE8004FE00004DFBFEFF00140004FFFFAE
:2043B300140002FFFC30FFFC15FE0007FE00004DFBFDFFFE8002FE00004DFBFEFF0014007B
:2043D30004FFFF140002FFFC30FFFC15FE0009FE00004DFBFDFFFE8003FE00004DFBFEFF6A
:1643F30000140004FFFF140002FFFC30FFFC0943751809437500C8
:200AF2001204190000FFFC1A004B050000FFFC01094B33140003FFFC3F0800FFFC585DD1F3
:200B120009045904040100010A5A8A0915FD0100FBFDFF00140001FFFC75FFFC0A5A3D0928
:200B320000190000FFFC1A004B440002FFFC01094B7315FD1800FE000004001A014B590036
:200B520000FFFF06094B7215FD1800FE01002DFB1800000100032C00132C00180A6F09083F
:200B720000190000FFFC1A004B840004FFFC01094BB315FD1800FE000004001A014B990034
:200B920000FFFF06094BB215FD1800FE01002DFB1800000100032C00132C00180A6F0908BF
:020BB200000041
:020000040001F9
:20184B00120415FE000CFE00004DFBFDFFFE8005FE00004DFBFEFF00140004FFFF14000313
:20186B00FFFC30FFFC15FE000BFE00004DFBFDFFFE0006FE00004DFBFEFF00140004FFFF7A
:20188B00140003FFFC30FFFC15FE000AFE00004DFBFDFFFE8005FE00004DFBFEFF001400C7
:2018AB0004FFFF140003FFFC30FFFC15FE8009FE00004DFBFDFFFE0006FE00004DFBFEFFB9
:2018CB0000140004FFFF140003FFFC30FFFC15FE8008FE00004DFBFDFFFE8005FE00004DFF
:2018EB00FBFEFF00140004FFFF140003FFFC30FFFC15FE8007FE00004DFBFDFFFE0006FEB4
:20190B0000004DFBFEFF00140004FFFF140003FFFC30FFFC15FE8008FE00004DFBFDFFFE49
:20192B008005FE00004DFBFEFF00140001FFFF140003FFFC30FFFC15FE8009FE00004DFBA2
:20194B00FDFFFE0006FE00004DFBFEFF00140001FFFF140003FFFC30FFFC15FE000AFE00CE
:20196B00004DFBFDFFFE8005FE00004DFBFEFF00140004FFFF140003FFFC30FFFC15FE00EC
:20198B000BFE00004DFBFDFFFE0006FE00004DFBFEFF00140004FFFF140003FFFC30FFFC55
:2019AB0015FE000CFE00004DFBFDFFFE8005FE00004DFBFEFF00140004FFFF140003FFFCCD
:2019CB0030FFFC15FE000DFE00004DFBFDFFFE0006FE00004DFBFEFF00140004FFFF1400FE
:0E19EB0003FFFC30FFFC09584D1809584D0051
:020000040002F8
:200BB4001205190000FFFC1A004BC70000FFFC01094BF5140002FFFC3F0800FFFC585DC4B9
:200BD4000904590B040100010A5A8A0915FD0100FBFDFF00140001FFFC75FFFC0A5A3D095F
:200BF40000190000FFFB1A004C060002FFFB01094C3F15FD2000FE000004001A014C1B001B
:200C140000FFFF06094C3E15FD2000FE01002DFB2000000100022C00132C00200A6F090898
:200C3400140002FFFC3F0200FFFC00190000FFFC1A004C500004FFFC01094C7F15FD200083
:200C5400FE000004001A014C650000FFFF06094C7E15FD2000FE02002DFB2000000100025E
:200C74002C00132C00200A6F09080000120415FE8013FE00004DFBFDFFFE0006FE00004DFE
:200C9400FBFEFF00140004FFFF140002FFFC30FFFC15FE8014FE00004DFBFDFFFE0007FE0A
:200CB40000004DFBFEFF00140004FFFF140002FFFC30FFFC15FE8016FE00004DFBFDFFFEA0
:200CD4000006FE00004DFBFEFF00140004FFFF140002FFFC30FFFC15FE0018FE00004DFBF4
:200CF400FDFFFE0007FE00004DFBFEFF00140004FFFF140002FFFC30FFFC15FE8016FE00A3
:200D1400004DFBFDFFFE0006FE00004DFBFEFF00140004FFFF140002FFFC30FFFC15FE804F
:200D340014FE00004DFBFDFFFE0007FE00004DFBFEFF00140004FFFF140002FFFC30FFFCAF
:200D540015FE8013FE00004DFBFDFFFE0006FE00004DFBFEFF00140004FFFF140002FFFC29
:200D740030FFFC15FE8011FE00004DFBFDFFFE0007FE00004DFBFEFF00140004FFFF1400DC
:200D940002FFFC30FFFC094C8218094C82001204190000FFFC1A004DB50000FFFC01094DB9
:200DB400E3140004FFFC3F0800FFFC585DDE0904590B040100010A5A8A0915FD0100FBFDDB
:200DD400FF00140001FFFC75FFFC0A5A3D0900190000FFFC1A004DF40002FFFC01094E23EF
:200DF40015FD1900FE000004001A014E090000FFFF06094E2215FD1900FE01002DFB190058
:200E1400000100042C00132C00190A6F090800190000FFFC1A004E340004FFFC01094E6341
:200E340015FD1900FE000004001A014E490000FFFF06094E6215FD1900FE02002DFB190096
:100E5400000100042C00132C00190A6F090800007B
:20440900120415FE8018FE00004DFBFDFFFE0005FE00004DFBFEFF00140001FFFF1400041F
:20442900FFFC30FFFC140004FFFC3203FFFC15FE0013FE00004DFBFDFFFE0005FE00004D54
:20444900FBFEFF00140001FFFF140004FFFC30FFFC140004FFFC3201FFFC09440B1809440C
:024469000B0046
:200E64001204190000FFFC1A004E770000FFFC01094EA5140005FFFC3F0800FFFC585DAAB8
:200E840009045904040100010A5A8A0915FD0100FBFDFF00140001FFFC75FFFC0A5A3D09B3
:200EA40000190000FFFC1A004EB60002FFFC01094EE515FD1A00FE000004001A014ECB0060
:200EC40000FFFF06094EE415FD1A00FE01002DFB1A00000100052C00132C001A0A6F09084D
:200EE40000190000FFFC1A004EF60004FFFC01094F2515FD1A00FE000004001A014F0B005C
:200F040000FFFF06094F2415FD1A00FE02002DFB1A00000100052C00132C001A0A6F0908CA
:020F24000000CB
:20446B00120415FE001AFE00004DFBFDFFFE0004FE00004DFBFEFF00140004FFFF14000538
:20448B00FFFC30FFFC15FE001CFE00004DFBFDFFFE0005FE00004DFBFEFF00140004FFFF1E
:2044AB00140005FFFC30FFFC15FE001AFE00004DFBFDFFFE0004FE00004DFBFEFF001400EA
:2044CB0004FFFF140005FFFC30FFFC15FE8018FE00004DFBFDFFFE0005FE00004DFBFEFF5D
:1644EB0000140004FFFF140005FFFC30FFFC09446D1809446D00DA
:200F26001204190000FFFC1A004F390000FFFC01094F67140004FFFC3F0800FFFC585DDE3C
:200F46000904590B040100010A5A8A0915FD0100FBFDFF00140001FFFC75FFFC0A5A3D09E9
:200F660000190000FFFC1A004F780002FFFC01094FA715FD2200FE000004001A014F8D004C
:200F860000FFFF06094FA615FD2200FE01002DFB2200000100042C00132C00220A6F0908B0
:200FA60000190000FFFC1A004FB80004FFFC01094FE715FD2200FE000004001A014FCD004A
:200FC60000FFFF06094FE615FD2200FE02002DFB2200000100042C00132C00220A6F09082F
:020FE600000009
:20450100120415FE8015FE00004DFBFDFFFE8001FE00004DFBFEFF00140004FFFF140004AA
:20452100FFFC30FFFC15FE8013FE00004DFBFDFFFE8002FE00004DFBFEFF00140004FFFF93
:20454100140004FFFC30FFFC15FE8015FE00004DFBFDFFFE8001FE00004DFBFEFF0014005C
:2045610004FFFF140004FFFC30FFFC15FE8017FE00004DFBFDFFFE0003FE00004DFBFEFFCA
:1645810000140004FFFF140004FFFC30FFFC094503180945030016
:200FE8001204190000FFFC1A004FFB0000FFFC01095029140003FFFC3F0800FFFC585DD103
:201008000904590B040100010A5A8A0915FD0100FBFDFF00140001FFFC75FFFC0A5A3D0926
:2010280000190000FFFC1A00503A0002FFFC0109506915FD2400FE000004001A01504F003E
:2010480000FFFF0609506815FD2400FE01002DFB2400000100032C00132C00240A6F090825
:2010680000190000FFFC1A00507A0004FFFC010950A915FD2400FE000004001A01508F003C
:2010880000FFFF060950A815FD2400FE02002DFB2400000100032C00132C00240A6F0908A4
:2010A8000000120415FE000EFE00004DFBFDFFFE0003FE00004DFBFEFF00140004FFFF1441
:2010C8000003FFFC30FFFC15FE000EFE00004DFBFDFFFE8006FE00004DFBFEFF001400049D
:2010E800FFFF140003FFFC30FFFC15FE000EFE00004DFBFDFFFE0003FE00004DFBFEFF0006
:20110800140004FFFF140003FFFC30FFFC15FE800FFE00004DFBFDFFFE0004FE00004DFB48
:20112800FEFF00140004FFFF140003FFFC30FFFC15FE000EFE00004DFBFDFFFE0003FE00F5
:20114800004DFBFEFF00140004FFFF140003FFFC30FFFC15FE000EFE00004DFBFDFFFE800E
:2011680006FE00004DFBFEFF00140004FFFF140003FFFC30FFFC15FE000EFE00004DFBFD67
:20118800FFFE0003FE00004DFBFEFF00140004FFFF140003FFFC30FFFC15FE800CFE000014
:2011A8004DFBFDFFFE0004FE00004DFBFEFF00140004FFFF140003FFFC30FFFC0950AC182E
:2011C8000950AC001204190000FFFC1A0051DF0000FFFC0109520D140004FFFC3F0800FFD1
:2011E800FC585DDE09045904040100010A5A8A0915FD0100FBFDFF00140001FFFC75FFFC67
:201208000A5A3D0900190000FFFC1A00521E0002FFFC0109524D15FD2500FE000004001A85
:201228000152330000FFFF0609524C15FD2500FE01002DFB2500000100042C00132C00255D
:201248000A6F090800190000FFFC1A00525E0004FFFC0109528D15FD2500FE000004001AE3
:201268000152730000FFFF0609528C15FD2500FE01002DFB2500000100042C00132C00259D
:201288000A6F09080000120415FE801DFE00004DFBFDFFFE8000FE00004DFBFEFF001400DF
:2012A80004FFFF140004FFFC30FFFC15FE801CFE00004DFBFDFFFE0001FE00004DFBFEFFB3
:2012C80000140004FFFF140004FFFC30FFFC15FE801BFE00004DFBFDFFFE8000FE00004DF9
:2012E800FBFEFF00140004FFFF140004FFFC30FFFC15FE801AFE00004DFBFDFFFE0001FEAE
:2013080000004DFBFEFF00140004FFFF140004FFFC30FFFC15FE8019FE00004DFBFDFFFE40
:201328008000FE00004DFBFEFF00140004FFFF140004FFFC30FFFC15FE801AFE00004DFB9B
:20134800FDFFFE0001FE00004DFBFEFF00140004FFFF140004FFFC30FFFC15FE801BFE0047
:20136800004DFBFDFFFE8000FE00004DFBFEFF00140004FFFF140004FFFC30FFFC15FE8079
:201388001CFE00004DFBFDFFFE0001FE00004DFBFEFF00140004FFFF140004FFFC30FFFC51
:2013A80015FE801DFE00004DFBFDFFFE8000FE00004DFBFEFF00140004FFFF140004FFFC49
:2013C80030FFFC15FE801EFE00004DFBFDFFFE0001FE00004DFBFEFF00140004FFFF14007B
:0E13E80004FFFC30FFFC0952901809529000DF
:204597001204190000FFFC1A0045AA0000FFFC010945D8140001FFFC3F0800FFFC585DB7F1
:2045B70009045908040100040A5A8A0915FD0100FBFDFF00140004FFFC75FFFC0A5A3D093F
:2045D70000190000FFFC1A0045E90002FFFC0109461815FD2A00FE000004001A0145FE0067
:2045F70000FFFF0609461715FD2A00FE01002DFB2A00000100012C00132C002A0A6F09088C
:204617000000120415FE8023FE00004DFBFDFFFE8005FE00004DFBFEFF00140001FFFF1488
:204637000001FFFC30FFFC140001FFFC3201FFFC15FE802AFE00004DFBFDFFFE8005FE007E
:20465700004DFBFEFF00140001FFFF140001FFFC30FFFC140001FFFC3203FFFC09461B18EE
:0446770009461B00D5
:2013F6001204190000FFFC1A0054090000FFFC01095437140002FFFC3F0800FFFC585DC4DA
:201416000904590B040100010A5A8A0915FD0100FBFDFF00140001FFFC75FFFC0A5A3D0914
:2014360000190000FFFC1A0054480002FFFC0109547715FD2300FE000004001A01545D00F7
:2014560000FFFF0609547615FD2300FE01002DFB2300000100022C00132C00230A6F090805
:2014760000190000FFFC1A0054880004FFFC010954B715FD2300FE000004001A01549D00F5
:2014960000FFFF060954B615FD2300FE02002DFB2300000100022C00132C00230A6F090884
:2014B6000000120415FE0012FE00004DFBFDFFFE0003FE00004DFBFEFF00140004FFFF142B
:2014D6000002FFFC30FFFC15FE0012FE00004DFBFDFFFE8006FE00004DFBFEFF0014000488
:2014F600FFFF140002FFFC30FFFC15FE0012FE00004DFBFDFFFE0003FE00004DFBFEFF00F1
:20151600140004FFFF140002FFFC30FFFC15FE8010FE00004DFBFDFFFE0004FE00004DFB36
:20153600FEFF00140004FFFF140002FFFC30FFFC15FE0012FE00004DFBFDFFFE0003FE00E0
:20155600004DFBFEFF00140004FFFF140002FFFC30FFFC15FE0012FE00004DFBFDFFFE80F9
:2015760006FE00004DFBFEFF00140004FFFF140002FFFC30FFFC15FE0012FE00004DFBFD52
:20159600FFFE0003FE00004DFBFEFF00140004FFFF140002FFFC30FFFC15FE8013FE0000FC
:2015B6004DFBFDFFFE0004FE00004DFBFEFF00140004FFFF140002FFFC30FFFC0954BA180B
:2015D6000954BA001204190000FFFC1A0055ED0000FFFC0109561B140002FFFC3F0800FF8B
:2015F600FC585DC40904590B040100010A5A8A0915FD0100FBFDFF00140001FFFC75FFFC68
:201616000A5A3D0900190000FFFC1A00562C0002FFFC0109565B15FD2600FE000004001A4E
:201636000156410000FFFF0609565A15FD2600FE01002DFB2600000100022C00132C002626
:201656000A6F090800190000FFFC1A00566C0004FFFC0109569B15FD2600FE000004001AAC
:201676000156810000FFFF0609569A15FD2600FE02002DFB2600000100022C00132C002665
:061696000A6F09080000C4
:20467B00120415FE001BFE00004DFBFDFFFE0002FE00004DFBFEFF00140004FFFF1400022A
:20469B00FFFC30FFFC15FE8019FE00004DFBFDFFFE0003FE00004DFBFEFF00140004FFFF91
:2046BB00140002FFFC30FFFC15FE001BFE00004DFBFDFFFE0002FE00004DFBFEFF001400DC
:2046DB0004FFFF140002FFFC30FFFC15FE001CFE00004DFBFDFFFE0004FE00004DFBFEFFCB
:1646FB0000140004FFFF140002FFFC30FFFC09467D1809467D00A7
:20169C001204190000FFFC1A0056AF0000FFFC010956DD140003FFFC3F0800FFFC585DD1D3
:2016BC000904590B040100010A5A8A0915FD0100FBFDFF00140001FFFC75FFFC0A5A3D096C
:2016DC0000190000FFFC1A0056EE0002FFFC0109571D15FD2700FE000004001A0157030051
:2016FC0000FFFF0609571C15FD2700FE01002DFB2700000100032C00132C00270A6F0908A7
:20171C0000190000FFFC1A00572E0004FFFC0109575D15FD2700FE000004001A015743004D
:20173C0000FFFF0609575C15FD2700FE02002DFB2700000100032C00132C00270A6F090825
:02175C0000008B
:20471100120415FE8012FE00004DFBFDFFFE8002FE00004DFBFEFF00140001FFFF1400039E
:20473100FFFC30FFFC15FE0011FE00004DFBFDFFFE8003FE00004DFBFEFF00140004FFFF02
:20475100140003FFFC30FFFC15FE8012FE00004DFBFDFFFE8002FE00004DFBFEFF0014004D
:2047710001FFFF140003FFFC30FFFC15FE0014FE00004DFBFDFFFE8003FE00004DFBFEFFBF
:1647910000140001FFFF140003FFFC30FFFC0947131809471300E4
:20175E001204190000FFFC1A0057710000FFFC0109579F140004FFFC3F0800FFFC585DDE7C
:20177E000904590B040100010A5A8A0915FD0100FBFDFF00140001FFFC75FFFC0A5A3D09A9
:20179E0000190000FFFC1A0057B00002FFFC010957DF15FD2800FE000004001A0157C50046
:2017BE0000FFFF060957DE15FD2800FE01002DFB2800000100042C00132C00280A6F09081E
:2017DE0000190000FFFC1A0057F00004FFFC0109581F15FD2800FE000004001A0158050042
:2017FE0000FFFF0609581E15FD2800FE02002DFB2800000100042C00132C00280A6F09089C
:02181E000000C8
:2047A700120415FE0010FE00004DFBFDFFFE8006FE00004DFBFEFF00140001FFFF14000485
:2047C700FFFC30FFFC140004FFFC3201FFFC15FE0015FE00004DFBFDFFFE8006FE00004D32
:2047E700FBFEFF00140001FFFF140004FFFC30FFFC140004FFFC3203FFFC0947A9180947C5
:02480700A90006
:201820001204190000FFFC1A0058330000FFFC01095861140005FFFC3F0800FFFC585DAA66
:201840000904590B040100010A5A8A0915FD0100FBFDFF00140001FFFC75FFFC0A5A3D09E6
:2018600000190000FFFC1A0058720002FFFC010958A115FD2900FE000004001A0158870039
:2018800000FFFF060958A015FD2900FE01002DFB2900000100052C00132C00290A6F090894
:2018A00000190000FFFC1A0058B20004FFFC010958E115FD2900FE000004001A0158C70037
:2018C00000FFFF060958E015FD2900FE02002DFB2900000100052C00132C00290A6F090813
:0218E000000006
:020000040001F9
:208B0C001204190000FFFC1A004B1F0000FFFC01094B5715FD0000FE010001001A014B4933
:208B2C000000FFFF0615FD0000FE020001001A014B460000FFFF06094B46094B4E1400030F
:0C8B4C000000140006FFFC33FFFC0000DA
:020000040002F8
:204809001204190000FFFC1A00481C0000FFFC010948321400010000140002FFFC3F0202FF
:20482900FFFC6604025E260900001204190000FFFC1A0048460000FFFC01094874140003D1
:20484900FFFC3F0800FFFC585DD109045908040100040A5A8A0915FD0100FBFDFF00140000
:2048690004FFFC75FFFC0A5A3D0900190000FFFC1A0048850002FFFC010948B415FD2B00DB
:20488900FE000004001A01489A0000FFFF060948B315FD2B00FE01002DFB2B000001000375
:2048A9002C00132C002B0A6F09080000120415FE802AFE00004DFBFDFFFE8005FE00004DEC
:2048C900FBFEFF00140001FFFF140003FFFC30FFFC140003FFFC3201FFFC15FE002FFE0007
:2048E900004DFBFDFFFE8005FE00004DFBFEFF00140001FFFF140003FFFC30FFFC1400033E
:20490900FFFC3203FFFC0948B7180948B7001204190000FFFC1A00492A0000FFFC01094936
:2049290058140001FFFC3F0800FFFC585DB709045908040100050A5A8A0915FD0100FBFDDE
:20494900FF00140005FFFC75FFFC0A5A3D0900190000FFFC1A0049690002FFFC0109499859
:2049690015FD0F00FE000004001A01497E0000FFFF0609499715FD0F00FE01002DFB0F00E5
:20498900000100012C00132C000F0A6F09080000120415FE8002FE00004DFBFDFFFE800598
:2049A900FE00004DFBFEFF00140001FFFF140001FFFC30FFFC140001FFFC3201FFFC15FE0C
:2049C9008008FE00004DFBFDFFFE8005FE00004DFBFEFF00140001FFFF140001FFFC30FFEC
:2049E900FC140001FFFC3203FFFC09499B1809499B001204190000FFFC1A004A0E0000FFE5
:204A0900FC01094A3C140002FFFC3F0800FFFC585DC409045904040100050A5A8A0915FDB8
:204A29000100FBFDFF00140005FFFC75FFFC0A5A3D0900190000FFFC1A004A4D0002FFFC85
:204A490001094A7C15FD1000FE000004001A014A620000FFFF06094A7B15FD1000FE01009F
:144A69002DFB1000000100022C00132C00100A6F09080000F9
:2018E200120415FE000BFE00004DFBFDFFFE8001FE00004DFBFEFF00140004FFFF14000282
:20190200FFFC30FFFC15FE000CFE00004DFBFDFFFE0002FE00004DFBFEFF00140004FFFFE5
:20192200140002FFFC30FFFC15FE000DFE00004DFBFDFFFE8001FE00004DFBFEFF00140031
:2019420004FFFF140002FFFC30FFFC15FE000EFE00004DFBFDFFFE0002FE00004DFBFEFFA1
:2019620000140004FFFF140002FFFC30FFFC15FE000DFE00004DFBFDFFFE8001FE00004DE7
:20198200FBFEFF00140004FFFF140002FFFC30FFFC15FE000CFE00004DFBFDFFFE0002FE9C
:2019A20000004DFBFEFF00140004FFFF140002FFFC30FFFC15FE000BFE00004DFBFDFFFE30
:2019C2008001FE00004DFBFEFF00140004FFFF140002FFFC30FFFC15FE000AFE00004DFB8C
:2019E200FDFFFE0002FE00004DFBFEFF00140004FFFF140002FFFC30FFFC0958E418095896
:021A0200E400FE
:204A7D001204190000FFFC1A004A900000FFFC01094ABE140003FFFC3F0800FFFC585DD114
:204A9D0009045904040100050A5A8A0915FD0100FBFDFF00140005FFFC75FFFC0A5A3D0956
:204ABD0000190000FFFC1A004ACF0002FFFC01094AFE15FD1100FE000004001A014AE400D5
:204ADD0000FFFF06094AFD15FD1100FE01002DFB1100000100032C00132C00110A6F090800
:024AFD000000B7
:201A0400120415FE0012FE00004DFBFDFFFE8001FE00004DFBFEFF00140004FFFF14000356
:201A2400FFFC30FFFC15FE0011FE00004DFBFDFFFE0001FE00004DFBFEFF00140004FFFFBE
:201A4400140003FFFC30FFFC15FE0010FE00004DFBFDFFFE8001FE00004DFBFEFF0014000A
:201A640004FFFF140003FFFC30FFFC15FE000FFE00004DFBFDFFFE0001FE00004DFBFEFF7D
:201A840000140004FFFF140003FFFC30FFFC15FE0010FE00004DFBFDFFFE8001FE00004DC0
:201AA400FBFEFF00140004FFFF140003FFFC30FFFC15FE0011FE00004DFBFDFFFE0001FE74
:201AC40000004DFBFEFF00140004FFFF140003FFFC30FFFC15FE0012FE00004DFBFDFFFE05
:1F1AE4008001FE00004DFBFEFF00140004FFFF140003FFFC30FFFC095A0618095A0600E2
:204AFF001204190000FFFC1A004B120000FFFC01094B40140004FFFC3F0800FFFC585DDE7E
:204B1F0009045904040100050A5A8A0915FD0100FBFDFF00140005FFFC75FFFC0A5A3D09D3
:204B3F0000190000FFFC1A004B510002FFFC01094B8015FD1200FE000004001A014B6600C8
:204B5F0000FFFF06094B7F15FD1200FE01002DFB1200000100042C00132C00120A6F0908F6
:204B7F000000120415FE0018FE00004DFBFDFFFE0005FE00004DFBFEFF00140004FFFF1423
:204B9F000004FFFC30FFFC15FE0017FE00004DFBFDFFFE0006FE00004DFBFEFF0014000104
:204BBF00FFFF140004FFFC30FFFC15FE0018FE00004DFBFDFFFE0005FE00004DFBFEFF00E7
:204BDF00140004FFFF140004FFFC30FFFC15FE0019FE00004DFBFDFFFE8005FE00004DFB2B
:184BFF00FEFF00140001FFFF140004FFFC30FFFC094B8318094B83008A
:201B03001205190000FFFC1A005B160000FFFC01095B44140003FFFC3F0800FFFC585DD18E
:201B23000904590B040100010A5A8A0915FD0100FBFDFF00140001FFFC75FFFC0A5A3D0900
:201B430000190000FFFB1A005B550002FFFB01095B9415FD2100FE000004001A015B7A008B
:201B630000FFFF06140004FFFC8EFFFC140003FFFC8EFFFC095B9315FD2100FE01002DFBD6
:201B83002100000100032C00132C00210A6F090800190000FFFC1A005BA50004FFFC0109D0
:201BA3005BD415FD2100FE000004001A015BBA0000FFFF06095BD315FD2100FE02002DFBF8
:121BC3002100000100032C00132C00210A6F09080000D5
:204C1700120415FE0011FE00004DFBFDFFFE8001FE00004DFBFEFF00140004FFFF14000312
:204C3700FFFC30FFFC15FE0013FE00004DFBFDFFFE8002FE00004DFBFEFF00140004FFFFF6
:204C5700140003FFFC30FFFC15FE0011FE00004DFBFDFFFE8001FE00004DFBFEFF001400C4
:204C770004FFFF140003FFFC30FFFC15FE800FFE00004DFBFDFFFE0003FE00004DFBFEFFB6
:164C970000140004FFFF140003FFFC30FFFC094C1918094C1900C0
:201BD50000010203030303030303030303030303040504060708090A0B0B0B0B0B0B0B0B39
:201BF5000B0B0B0B0C060D070E0F10111212121212121212121212121314151617171718B9
:201C15001919191919191919191919191A1717171717171B171717171C1C1C1D171717179B
:201C35001E1717171717171B171717171F1F1F20171717171E1717171717171B1717171778
:201C550021222222171717171E1717171717171B17232425262728292A2B2C171E171717AD
:201C75001717171B172D2E2E2E2E2E2E2E2E2F171E1717171717171B1730313233343536B6
:201C9500373839171E1717171717171B173A3B3C3D3E3F40414243171E1717171717171B4B
:201CB5001744454545454545454546171E1717171747481B17494A4A4A4A4A4A4A4A4B17F9
:201CD5001E171717174C4D1B1717171717171717171717171E171717174E4F505151515102
:201CF500515151515151515152171717535455565758595A5B5C5D5E5A5F60616263646582
:201D15005A6667685A595A5A695A5A6A5A5A5F5A60616B5A6C6D03036E03036F7003037195
:201D3500720303730303747508090A0B0B0B0B0B0B0B0B0B0B0B0B0B0C0D0C0E0F10111295
:201D5500131313131313131313131313140E150F161718191A1A1A1A1A1A1A1A1A1A1A1AAE
:201D75001B1C1D1E1F1F1F20212121212121212121212121221F1F1F1F1F1F231F1F1F1F58
:201D9500242424251F1F1F1F261F1F1F1F1F1F231F1F1F1F272727281F1F1F1F261F1F1F06
:201DB5001F1F1F231F1F1F1F292A2A2A1F1F1F1F261F1F1F1F1F1F231F2B2C2D2E2F30318B
:201DD5003233341F261F1F1F1F1F1F231F353636363636363636371F261F1F1F1F1F1F23D6
:201DF5001F380001393A3B3C3D3E3F1F261F1F1F1F1F1F231F400405414243444546471F4D
:201E1500261F1F1F1F1F1F231F4849494949494949494A1F261F1F1F1F4B4C231F4D4E4E2E
:201E35004E4E4E4E4E4E4F1F261F1F1F1F5051231F1F1F1F1F1F1F1F1F1F1F1F261F1F1FEE
:201E55001F525354555555555555555555555555561F1F1F5758595A5B5C5D5E5F60616250
:201E75005E636465666768695E6A6B6C5E5D5E5E6D5E5E6E5E5E635E64656F5E70710B0B6E
:101E9500720B0B73740B0B75760B0B770B0B787939
:020000040000FA
:204B5A007A00000007070C0C181810101010111111110000C0C060607070D0D098988888E7
:204B7A000808000001010303060604040000000000000000808080808080808080808080EF
:204B9A008080111112121A1A0C0C060603030000000008080808181810103030E0E00000C7
:204BBA000000000000000000000000000F0F000000008080808080808888F8F880800000BD
:204BDA000000000000000000808060E018F806FE01FF010000000000000000000000000066
:204BFA0080808080C0406020301018080C040602030100000000000000000000000000009F
:204C1A00000000000000000000000000000000000101030206040C08181030206040C080FD
:204C3A00800000000000000001010607181F607F80FF00FF00FF00FF00FF00FF00FF00FF3D
:204C5A0000FF60E018F806FE01FF00FF00FF00FF00FF010000000000808060E018F806FE96
:204C7A0001FF8080C0406020301018080C0407038382000000000000000000000000FFFF1D
:204C9A00FF00030206040C08181030206040C0C0C1410607181F607F80FF00FF00FF00FF9F
:204CBA0000FFE0FFFC1FFF03FF00FF00FF00FF00FF0000FF00FF80FFF07FFE0FFF01FF00EC
:204CDA00FF0000FF00FF00FF00FF00FFC0FFF83FFF0762E21AFA06FE03FF00FF00FF00FF69
:204CFA0000FF000000000000FFFF00FF00FF00FF00FF4647585F607FC0FF00FF00FF00FFC2
:204D1A0000FF00FF00FF00FF00FF00FF03FF1FFCFFE000FF00FF01FF0FFE7FF0FF80FF008B
:204D3A00FF0007FF3FF8FFC0FF00FF00FF00FF00FF00FF00FF00FF00FF00FF00FF00FF006A
:204D5A00FF00FFFFFF80FF80FF80FF80FF80FF80FF80FFFFFF00FF00FF00FF00FF00FF00CB
:204D7A00FF00FFFFFF01FF01FF01FF01FF01FF01FF01FF80FF80FF80FF80FF80FF80FF80A3
:204D9A00FF80FF00FF00FF00FF00FF00FFFFFFFFFFFFFF00FF00FF00FF00FF00FFFFE7E7BE
:204DBA00FBFBFF01FF01FF01FF01FF01FF01FF01FF01FFFFFFFFFFFFFFFFFFFFFFFFFFFFF1
:204DDA00FFFFFDFDFDFDFFFFFFFFFFFFFFFFFFFFFFFFFFFFFFFFFFFFFFFFFFFFFFFFFFFFE1
:204DFA0040FFFFFFFFFFFFFFFFFFFFFFFFFFFFFF00FFFF00FFFFC0C0A0A090908F8F8C8F53
:204E1A00AB8FFF00FFFF000000000000FFFF00FFFFFFFF07FFFF0300F0000000FFFF00FF52
:204E3A00FFFFFF80FFFF100000000000FFFF00FFFFFFFF00FFFF00003C000000FFFF00FF9C
:204E5A00FFFFFF00FFFF000010000000FFFF00FFFFFFFF00FFFF000002007000FFFF00FFC6
:204E7A00FFFFFF00FFFF070010000000FFFF00FFFFFFFF00FFFF800000000000FFFF00FF91
:204E9A00FFFFFF00FFFF030345050909F1F131F1D1F1AB8EAA8E8A8E8A8E8A8ECA8ECA8E6C
:204EBA00CA8EFF000000000000000000000000000000D371537153715371537151715571A5
:204EDA005571CA8E8A8EAA8E8A8EAA8EAA8E8A8E8A8E01010303060604040404040404045E
:204EFA000404F0F018181C1C34342626626242424242000000000F0F181830302121212196
:204F1A002323000000008080C0C0E0E0A0A0303010100F0F18183030212121212323222275
:204F3A0022228080C0C0E0E0A0A03030101010101010557155715571517151715171597171
:204F5A0051718A8E8A8E8A8E8A8E8A8E8A8ECA8ECA8E040406060303010100000000000019
:204F7A0000008282868604048C8CF8F8000000000000222222222424343418180C0C070769
:204F9A000000101010101010303020206060C0C000002424343418180C0C070700000000B1
:204FBA0000001010303020206060C0C0000000000000517151715171537153715171557181
:204FDA005171CA8E8A8E8A8E8A8E8A8E8A8E8B8F8C8F000000000000000000000000FFFFF2
:204FFA0000FF557155715571517151715171D1F131F1FF00FF00FF00FF00FF00FF00FF1F04
:20501A00E020FF00FF00FF00FF00FF00FF00FFC03F20FFFFFFC080808080FFFF00FF00FFA5
:20503A00FF00FFFFFF0000000000FFFF00FF00FFFF00FFFFFF0301010101FFFF00FF00FF5F
:20505A00FF00C04085858D8D9D959D959D959D959D953F203F20BFA0BFA0BFA0BFA0BFA080
:20507A00BFA09D959D959D959D959D959C9498989090BFA0BFA0BFA0BFA03F203F3F0000E4
:20509A000000FF80FF80FF80FF80FF80FFE01F301F3FFF00FF00FF00FF00FF00FF00FF00F6
:2050BA00FFFFFF01FF01FF01FF01FF01FF01FF01FFFFFF00FF00FF00FF00FF00FF03FC1CC5
:2050DA00E0E0808080908090808F808080808F8F989800000000000300FC00000000F0F09A
:2050FA00191910101090101010101F1F5656D8D850500101060618186060FFFF000000002E
:20511A0000008080000000000000FFFF0000000000000101020204040808FFFF202040409B
:20513A0080800000000000000000FFFF0000000000000000000000000000FFFF0101020253
:20515A0002024040404080808080FFFF0000000000000202020201010101FFFF0000000029
:20517A0000000000000000000000FFFF8080404040408080404020201010FFFF040402022D
:20519A0001010101000000000000FFFF0000000000008080606018180606FFFF00000000F9
:2051BA00000000000E0001000000FFFF606018180606FFE01F1CC3030000FFFF00000000EE
:2051DA000000FF00FF00FF807F70FFFE010100000000FF00FF00FF00FF00FF00FFC03F3819
:2051FA00070790909090909090909F9F96969898F0F00909090919196969F9F9090909094F
:20521A000E0ED0D0505060600000FFFF0000000000000404040408080808FFFF10102020CC
:20523A0020202020202010101010FFFF0808040404040000000000000000FFFF6060181848
:20525A0006060101060618186060808000000000000080800000000000000000000000002A
:20527A0000000101020204040808101020204040808000000000000000000101010102020E
:20529A000202404040408080808000000000000000000202020201010101000000000000E4
:2052BA000000000000000000000080808080404040408080404020201010080804040202D8
:2052DA000101010100000000000000000000000000008080606018180606010100000000B2
:0252FA000000B2
:020000040002F8
:0E4CAD001412015A4B000000083D5D0000008B
:020000040001F9
:204B56007600000000000000808060E018F806FE01FF010000000000000000000000000074
:204B760080808080C0406020301018080C0406020301000000000000000000000000000023
:204B9600000000000000000000000000000000000101030206040C08181030206040C08082
:204BB600800000000000000001010607181F607F80FF00FF00FF00FF00FF00FF00FF00FFC2
:204BD60000FF60E018F806FE01FF00FF00FF00FF00FF010000000000808060E018F806FE1B
:204BF60001FF8080C0406020301018080C0407038382000000000000000000000000FFFFA2
:204C1600FF00030206040C08181030206040C0C0C1410607181F607F80FF00FF00FF00FF23
:204C360000FFE0FFFC1FFF03FF00FF00FF00FF00FF0000FF00FF80FFF07FFE0FFF01FF0070
:204C5600FF0000FF00FF00FF00FF00FFC0FFF83FFF0762E21AFA06FE03FF00FF00FF00FFED
:204C760000FF000000000000FFFF00FF00FF00FF00FF4647585F607FC0FF00FF00FF00FF46
:204C960000FF00FF00FF00FF00FF00FF03FF1FFCFFE000FF00FF01FF0FFE7FF0FF80FF0010
:204CB600FF0007FF3FF8FFC0FF00FF00FF00FF00FF00FF00FF00FF00FF00FF00FF00FF00EF
:204CD600FF00FFFFFF80FF80FF80FF80FF80FF80FF80FFFFFF00FF00FF00FF00FF00FF0050
:204CF600FF00FFFFFF01FF01FF01FF01FF01FF01FF01FF80FF80FF80FF80FF80FF80FF8028
:204D1600FF80FF00FF00FF00FF00FF00FFFFFFFFFFFFFF00FF00FF00FF00FF00FFFFE7E742
:204D3600FBFBFF01FF01FF01FF01FF01FF01FF01FF01FFFFFFFFFFFFFFFFFFFFFFFFFFFF75
:204D5600FFFFFDFDFDFDFFFFFFFFFFFFFFFFFFFFFFFFFFFFFFFFFFFFFFFFFFFFFFFFFFFF65
:204D760040FFFFFFFFFFFFFFFFFFFFFFFFFFFFFF00FFFF00FFFFC0C0A0A090908F8F8C8FD7
:204D9600AB8FFF00FFFF000000000000FFFF00FFFFFFFF07FFFF0300F0000000FFFF00FFD7
:204DB600FFFFFF80FFFF100000000000FFFF00FFFFFFFF00FFFF00003C000000FFFF00FF21
:204DD600FFFFFF00FFFF000010000000FFFF00FFFFFFFF00FFFF000002007000FFFF00FF4B
:204DF600FFFFFF00FFFF070010000000FFFF00FFFFFFFF00FFFF800000000000FFFF00FF16
:204E1600FFFFFF00FFFF030345050909F1F131F1D1F1AB8EAA8E8A8E8A8E8A8ECA8ECA8EF0
:204E3600CA8EFF000000000000000000000000000000D37153715371537153715171557129
:204E56005571CA8E8A8EAA8E8A8EAA8EAA8E8A8E8A8E000007070C0C18181010101011115E
:204E760011110000C0C060607070D0D09898888808080101030306060404040404040404B6
:204E96000404F0F018181C1C34342626626242424242000000000F0F1818303021212121FA
:204EB6002323000000008080C0C0E0E0A0A0303010100F0F181830302121212123232222DA
:204ED60022228080C0C0E0E0A0A030301010101010105571557155715171517151715971D6
:204EF60051718A8E8A8E8A8E8A8E8A8E8A8ECA8ECA8E111112121A1A0C0C060603030000F6
:204F1600000008080808181810103030E0E0000000000404060603030101000000000000CF
:204F360000008282868604048C8CF8F8000000000000222222222424343418180C0C0707AD
:204F56000000101010101010303020206060C0C000002424343418180C0C070700000000F5
:204F760000001010303020206060C0C00000000000005171517151715371537151715571C5
:204F96005171CA8E8A8E8A8E8A8E8A8E8A8E8B8F8C8F000000000000000000000000FFFF36
:204FB60000FF557155715571517151715171D1F131F1FF00FF00FF00FF00FF00FF00FF1F48
:204FD600E020FF00FF00FF00FF00FF00FF00FFC03F20FFFFFFC080808080FFFF00FF00FFEA
:204FF600FF00FFFFFF0000000000FFFF00FF00FFFF00FFFFFF0301010101FFFF00FF00FFA4
:20501600FF00C04085858D8D9D959D959D959D959D953F203F20BFA0BFA0BFA0BFA0BFA0C4
:20503600BFA09D959D959D959D959D959C9498989090BFA0BFA0BFA0BFA03F203F3F000028
:205056000000FF80FF80FF80FF80FF80FFE01F301F3FFF00FF00FF00FF00FF00FF00FF003A
:20507600FFFFFF01FF01FF01FF01FF01FF01FF01FFFFFF00FF00FF00FF00FF00FF03FC1C09
:20509600E0E0808080908090808F808080808F8F989800000000000300FC00000000F0F0DE
:2050B600191910101090101010101F1F5656D8D850500101060618186060FFFF0000000072
:2050D60000008080000000000000FFFF0000000000000101020204040808FFFF20204040E0
:2050F60080800000000000000000FFFF0000000000000000000000000000FFFF0101020298
:2051160002024040404080808080FFFF0000000000000202020201010101FFFF000000006D
:2051360000000000000000000000FFFF8080404040408080404020201010FFFF0404020271
:2051560001010101000000000000FFFF0000000000008080606018180606FFFF000000003D
:20517600000000000E0001000000FFFF606018180606FFE01F1CC3030000FFFF0000000032
:205196000000FF00FF00FF807F70FFFE010100000000FF00FF00FF00FF00FF00FFC03F385D
:2051B600070790909090909090909F9F96969898F0F00909090919196969F9F90909090993
:2051D6000E0ED0D0505060600000FFFF0000000000000404040408080808FFFF1010202011
:2051F60020202020202010101010FFFF0808040404040000000000000000FFFF606018188D
:2052160006060101060618186060808000000000000080800000000000000000000000006E
:20523600000001010202040408081010202040408080000000000000000001010101020252
:20525600020240404040808080800000000000000000020202020101010100000000000028
:2052760000000000000000000000808080804040404080804040202010100808040402021C
:205296000101010100000000000000000000000000008080606018180606010100000000F6
:0252B6000000F6
:020000040002F8
:0E4CBB00141205564B00000008D55B000000E7
:201EA500000102030405060708090A0B0C0D0E0F101112131415161718191A1B1C1D1E1F2D
:201EC500202122232425262728292A2B2C2D2E2F303132333435363738393A3B3C3D3E3F0D
:201EE500404142434445464748494A4B4C4D4E4F505152535455565758595A5B5C5D5E5FED
:201F0500606162636465666768696A6B6C6D6E6F707172737475767778797A7B7C7D7E7FCC
:201F2500808182838485868788898A8B8C8D8E8F909192939495969798999A9B9C9D9E9FAC
:201F4500A0A1A2A3A4A5A6A7A8A9AAABACADAEAFB0B1B2B3B4B5B6B7B8B9BABBBCBDBEBF8C
:201F6500C0C1C2C3C4C5C6C7C8C9CACBCCCDCECFD0D1D2D3D4D5D6D7D8D9DADBDCDDDEDF6C
:201F8500E0E1E2E3E4E5E6E7E8E9EAEBECEDEEEFF0F1F2F3F4F5F6F7F8F9FAFBFCFDFEFF4C
:201FA500000102030405060708090A0B0C0D0E0F101112131415161718191A1B1C1D1E1F2C
:201FC500202122232425262728292A2B2C2D2E2F303132333435363738393A3B3C3D3E3F0C
:201FE500404142434445464748494A4B4C4D4E4F505152535455565758595A5B5C5D5E5FEC
:082005006061626364656667B7
:020000040000FA
:2052FC00680100000000000000000000000000000000000000000000000000000000000029
:20531C00000000000000000000000000000000000000000000000000000000000000000071
:20533C00000000000000000000000000000000000000000000000000000000000000000051
:20535C00000000000000000000000000000000000000000000000000000000000000000031
:20537C00000000000000000000000000000000000000000000000000000000000000000011
:20539C000000000000000000000000000000000000000000000000000000000000000000F1
:2053BC000000000000000000000000000000000000000000000000000000000000000000D1
:2053DC000000000000000000000000000000000000000000000000000000000000000000B1
:2053FC00000000000000000000000000000000000000000000000000000000000000000091
:20541C00000000000000000000000000000000000000000000000000000000000000000070
:20543C00000000000000000000000000000000000000000000000000000000000000000050
:20545C00000000000000000000000000000000000000000000000000000000000000000030
:20547C00000000000000000000000000000000000000000000000000000000000000000010
:20549C000000000000000000000000000000000000000000000000000000000000000000F0
:2054BC000000000000000000000000000000000000000000000000000000000000000000D0
:2054DC000000000000000000000000000000000000000000000000000000000000000000B0
:2054FC00000000000000000000000000000000000000000000000000000000000000000090
:20551C0000000000000000000000000000000000000000000000000000000000000000006F
:20553C0000000000000000000000000000000000000000000000000000000000000000004F
:20555C0000000000000000000000000000000000000000000000000000000000000000002F
:20557C0000000000000000000000000000000000000000000000000000000000000000000F
:20559C000000000000000000000000000000000000000000000000000000000000000000EF
:2055BC000000000000000000000000000000000000000000000000000000000000000000CF
:2055DC000000000000000000000000000000000000000000000000000000000000000000AF
:2055FC0000000000000000000000000000000000000000000000000000000000000000008F
:20561C0000000000000000000000000000000000000000000000000000000000000000006E
:20563C0000000000000000000000000000000000000000000000000000000000000000004E
:20565C0000000000000000000000000000000000000000000000000000000000000000002E
:20567C0000000000000000000000000000000000000000000000000000000000000000000E
:20569C000000000000000000000000000000000000000000000000000000000000000000EE
:2056BC000000000000000000000000000000000000000000000000000000000000000000CE
:2056DC000000000000000000000000000000000000000000000000000000000000000000AE
:2056FC0000000000000000000000000000000000000000000000000000000000000000008E
:20571C0000000000000000000000000000000000000000000000000000000000000000006D
:20573C0000000000000000000000000000000000000000000000000000000000000000004D
:20575C0000000000000000000000000000000000000000000000000000000000000000002D
:20577C0000000000000000000000000000000000000000000000000000000000000000000D
:20579C000000000000000000000000000000000000000000000000000000000000000000ED
:2057BC000000000000000000000000000000000000000000000000000000000000000000CD
:2057DC000000000000000000000000000000000000000000000000000000000000000000AD
:2057FC0000000000000000000000000000000000000000000000000000000000000000008D
:20581C000000000000000000000000000000000000000F0F3F3F7878F0F0E0E0C0C0C0C040
:20583C00C0C0C0C0F0F078783C3C1C1C0C0C0C0C00000F0F3F3F7979E0E0C0C0C0C0C0C0CE
:20585C00C0C00707C7C7E7E77777363636363636363683838383C7C7C7C7EEEEEEEE7C7CCC
:20587C007C7CCFCFCFCFCCCCCCCCCCCCCCCCCFCFCFCFF8F8F8F80000000000000000E0E09C
:20589C00E0E0000000000000010101010101010101011E1E7F7FF3F3C0C0C0C08080808002
:2058BC00808006068686C6C6E6E6E6E66666666666660D0D0D0D0D0D0D0D0D0D0D0D0D0D76
:2058DC000D0DFFFFFFFF8080808080808080FCFCFCFC7F7F7F7F60606060606060606060EA
:2058FC0060608383C3C3E3E36363636363636363E3E300000000000000000000000000009C
:20591C0000000000000000000000000000000000000000000000000000000000000000006B
:20593C0000000000000000000000000000000000000000000000000000000000000000004B
:20595C00000000000000000000000000000000000000C0C0C0C0C0C0E0E0F0F078783F3F9D
:20597C000F0F3C3C3C3C0C0C0C0C3C3C7878F0F0C0C0C0C0FFFFFFFFC0C0C0C0C0C0C0C089
:20599C00C0C03636F6F6F6F63636363636363636363638383838101000000000000000000B
:2059BC000000CCCCCCCCCCCCCCCCCCCCCCCCCFCFCFCF000000000000000000000000F8F80F
:2059DC00F8F801010101010101010101000000000000808080808080C0C0C0C0F3F37F7FCD
:2059FC001E1E666666666666E7E7E7E7C3C3818100000D0D0D0D0D0D1D1D1D1DB9B9F1F1B1
:205A1C00E1E1808080808080808080808080FFFFFFFF7F7F7F7F60606060606060606060F0
:205A3C006060C3C3C3C3E3E3636363636060636363630000000000000000000000000000E0
:205A5C0000000000000000000000000000000000000000000000000000000000000000002A
:205A7C0000000000000000000000000000000000000000000000000000000000000000000A
:205A9C000000000000000000000000000000000000000000000000000000000000000000EA
:205ABC000000000000000000000000000000000000000000000000000000000000000000CA
:205ADC000000000000000000000000000000000000000000000000000000000000000000AA
:205AFC0000000000000000000000000000000000000000000000000000000000000000008A
:205B1C00000000000000000000000000000000000000000000000000000000000000000069
:205B3C00000000000000000000000000000000000000000000000000000000000000000049
:205B5C00000000000000000000000000000000000000000000000000000000000000000029
:205B7C00000000000000000000000000000000000000000000000000000000000000000009
:205B9C000000000000000000000000000000000000000000000000000000000000000000E9
:205BBC000000000000000000000000000000000000000000000000000000000000000000C9
:205BDC000000000000000000000000000000000000000000000000000000000000000000A9
:205BFC00000000000000000000000000000000000000000000000000000000000000000089
:205C1C00000000000000000000000000000000000000000000000000000000000000000068
:205C3C00000000000000000000000000000000000000000000000000000000000000000048
:205C5C00000000000000000000000000000000000000000000000000000000000000000028
:205C7C00000000000000000000000000000000000000000000000000000000000000000008
:205C9C000000000000000000000000000000000000000000000000000000000000000000E8
:205CBC000000000000000000000000000000000000000000000000000000000000000000C8
:205CDC000000000000000000000000000000000000000000000000000000000000000000A8
:205CFC00000000000000000000000000000000000000000003030404030300000404030366
:205D1C0000000000E0E00808C8C828282929C6C6000000002020BCBCA2A2A2A2A2A2BCBCDD
:205D3C000101000040400E0E51515F5F50504F4F8080000001013D3D4141414141413C3C91
:205D5C000000000000000000E0E000000000E0E00000000002020202020202020202010191
:205D7C000000000010101515161614141414E4E400000000141484845757545454545353A5
:205D9C000000000000001E1EA0A01C1C0202BCBC00000000000000000000000000000000B7
:205DBC00000000001F1F101010101F1F101010100000000040401616595951515151515187
:205DDC000000000001013D3D454545454D4D3535000000001E1E21212020272721211F1F87
:205DFC0000000000000058586565414141414040000000000000F3F3141414143434D3D345
:205E1C00000000004040CECE51515F5F5050CFCF00000000000000000000000000000000AC
:205E3C00000000000000000000000000000000000000000000000000000000000000000046
:205E5C00000000000000000000000000000000000000000000000000000000000000000026
:205E7C00000000000000000000000000000000000000000000000000000000000000000006
:205E9C000000000000000000000000000000000000000000000000000000000000000000E6
:205EBC000000000000000000000000000000000000000000000000000000000000000000C6
:205EDC000000000000000000000000000000000000000000000000000000000000000000A6
:205EFC00000000000000000000000000000000000000000000000000000000000000000086
:205F1C00000000000000000000000000000000000000000000000000000000000000000065
:205F3C00000000000000000000000000000000000000000000000000000000000000000045
:205F5C00000000000000000000000000000000000000000000000000000000000000000025
:205F7C0000000000000000000000000000000000000000003D3D41414141414141413D3D09
:205F9C000000000009099A9A696908080A0A090900000000F3F30404E4E414141414E3E3CB
:205FBC0000000000C3C32525010101012121C7C7000000003E3E0101060601010101BFBF15
:205FDC00000000003030505010101010101078780000000000000000000000000000000055
:205FFC00000000001F1F00000303000000001F1F0000000007078C8C0A0A89898888A7A759
:20601C00000000008080404040404040C0C080800000000000000000000000000000000064
:20603C00000000000000000000000000000000000000000000000000000000000000000044
:20605C000000000007070404070700000000070700000000E1E10303C2C222222222C9C98C
:20607C0000000000E0E01010909050503030E0E00000000000000000000000000000000044
:20609C000000000000000000000000000000000000000000000000000000000000000000E4
:2060BC000000000000000000000000000000000000000000000000000000000000000000C4
:2060DC000000000000000000000000000000000000000000000000000000000000000000A4
:2060FC00000000000000000000000000000000000000000000000000000000000000000084
:20611C00000000000000000000000000000000000000000000000000000000000000000063
:20613C00000000000000000000000000000000000000000000000000000000000000000043
:20615C00000000000000000000000000000000000000000000000000000000000000000023
:20617C00000000000000000000000000000000000000000000000000000000000000000003
:20619C000000000000000000000000000000000000000000000000000000000000000000E3
:2061BC000000000000000000000000000000000000000000000000000000000000000000C3
:2061DC000000000000000000000000000000000000000000000000000000000000000000A3
:2061FC00000000000000000000000000000000000000000000000000000000000000000083
:20621C00000000000000000000000000000000000000000000000000000000000000000062
:20623C00000000000000000000000000000000000000000000000000000000000000000042
:20625C00000000000000000000000000000000000000000000000000000000000000000022
:20627C00000000000000000000000000000000000000000000000000000000000000000002
:20629C000000000000000000000000000000000000000000000000000000000000000000E2
:2062BC000000000000000000000000000000000000000000000000000000000000000000C2
:2062DC000000000000000000000000000000000000000000000000000000000000000000A2
:2062FC00000000000000000000000000000000000000000000000000000000000000000082
:20631C00000000000000000000000000000000000000000000000000000000000000000061
:20633C00000000000000000000000000000000000000000000000000000000000000000041
:20635C00000000000000000000000000000000000000000000000000000000000000000021
:20637C00000000000000000000000000000000000000000000000000000000000000000001
:20639C000000000000000000000000000000000000000000000000000000000000000000E1
:2063BC000000000000000000000000000000000000000000000000000000000000000000C1
:2063DC000000000000000000000000000000000000000000000000000000000000000000A1
:2063FC00000000000000000000000000000000000000000000000000000000000000000081
:20641C00000000000000000000000000000000000000000000000000000000000000000060
:20643C00000000000000000000000000000000000000000000000000000000000000000040
:20645C00000000000000000000000000000000000000000000000000000000000000000020
:20647C00000000000000000000000000000000000000000000000000000000000000000000
:20649C000000000000000000000000000000000000000000000000000000000000000000E0
:2064BC000000000000000000000000000000000000000000000000000000000000000000C0
:2064DC000000000000000000000000000000000000000000000000000000000000000000A0
:2064FC00000000000000000000000000000000000000000000000000000000000000000080
:20651C0000000000000000000000000000000000000000000000000000000000000000005F
:20653C0000000000000000000000000000000000000000000000000000000000000000003F
:20655C0000000000000000000000000000000000000000000000000000000000000000001F
:20657C000000000000000000000000000000000000000000000000000000000000000000FF
:20659C000000000000000000000000000000000000000000000000000000000000000000DF
:2065BC000000000000000000000000000000000000000000000000000000000000000000BF
:2065DC0000000000000000000000000000000000000000000000000000000000000000009F
:2065FC0000000000000000000000000000000000000000000000000000000000000000007F
:20661C0000000000000000000000000000000000000000000000000000000000000000005E
:20663C0000000000000000000000000000000000000000000000000000000000000000003E
:20665C0000000000000000000000000000000000000000000000000000000000000000001E
:20667C000000000000000000000000000000000000000000000000000000000000000000FE
:20669C000000000000000000000000000000000000000000000000000000000000000000DE
:2066BC000000000000000000000000000000000000000000000000000000000000000000BE
:2066DC0000000000000000000000000000000000000000000000000000000000000000009E
:2066FC0000000000000000000000000000000000000000000000000000000000000000007E
:20671C0000000000000000000000000000000000000000000000000000000000000000005D
:20673C0000000000000000000000000000000000000000000000000000000000000000003D
:20675C0000000000000000000000000000000000000000000000000000000000000000001D
:20677C000000000000000000000000000000000000000000000000000000000000000000FD
:20679C000000000000000000000000000000000000000000000000000000000000000000DD
:2067BC000000000000000000000000000000000000000000000000000000000000000000BD
:2067DC0000000000000000000000000000000000000000000000000000000000000000009D
:2067FC0000000000000000000000000000000000000000000000000000000000000000007D
:20681C0000000000000000000000000000000000000000000000000000000000000000005C
:20683C0000000000000000000000000000000000000000000000000000000000000000003C
:20685C0000000000000000000000000000000000000000000000000000000000000000001C
:20687C000000000000000000000000000000000000000000000000000000000000000000FC
:20689C000000000000000000000000000000000000000000000000000000000000000000DC
:2068BC000000000000000000000000000000000000000000000000000000000000000000BC
:2068DC0000000000000000000000000000000000000000000000000000000000000000009C
:2068FC0000000000000000000000000000000000000000000000000000000000000000007C
:20691C0000000000000000000000000000000000000000000000000000000000000000005B
:20693C0000000000000000000000000000000000000000000000000000000000000000003B
:20695C0000000000000000000000000000000000000000000000000000000000000000001B
:02697C00000019
:020000040002F8
:0E4CC900141201FC5200000008A55E0000005D
:20200D00000102030405060708090A0B0C0D0E0F101112131415161718191A1B1C1D1E1FC3
:20202D00202122232425262728292A2B2C2D2E2F303132333435363738393A3B3C3D3E3FA3
:20204D00404142434445464748494A4B4C4D4E4F505152535455565758595A5B5C5D5E5F83
:20206D00606162636465666768696A6B6C6D6E6F707172737475767778797A7B7C7D7E7F63
:20208D00808182838485868788898A8B8C8D8E8F909192939495969798999A9B9C9D9E9F43
:2020AD00A0A1A2A3A4A5A6A7A8A9AAABACADAEAFB0B1B2B3B4B5B6B7B8B9BABBBCBDBEBF23
:2020CD00C0C1C2C3C4C5C6C7C8C9CACBCCCDCECFD0D1D2D3D4D5D6D7D8D9DADBDCDDDEDF03
:2020ED00E0E1E2E3E4E5E6E7E8E9EAEBECEDEEEFF0F1F2F3F4F5F6F7F8F9FAFBFCFDFEFFE3
:20210D00000102030405060708090A0B0C0D0E0F101112131415161718191A1B1C1D1E1FC2
:20212D00202122232425262728292A2B2C2D2E2F303132333435363738393A3B3C3D3E3FA2
:20214D00404142434445464748494A4B4C4D4E4F505152535455565758595A5B5C5D5E5F82
:08216D0060616263646566674E
:020000040000FA
:20697E006801000000000000808060E018F806FE01FF01000000000000000000000000003B
:20699E0080808080C0406020301018080C04060203010000000000000000000000000000DD
:2069BE000000000000000000000000000000000000000000000000000000000000000000B9
:2069DE00000000000000000000000000000000000000000000000000000000000000000099
:2069FE00000000000000000000000000000000000000000000000000000000000000000079
:206A1E00000000000000000000000000000000000000000000000000000000000000000058
:206A3E00000000000000000000000000000000000000000000000000000000000000000038
:206A5E00000000000000000000000000000000000000000000000000000000000000000018
:206A7E00000000000000000000000000000000000101030206040C08181030206040C0807B
:206A9E0080000000000000000000000000000000010100000000000001010607181F607F31
:206ABE0080FF00FF00FF00FF00FF00FF00FF00FF00FF60E018F806FE01FF00FF00FF00FFF0
:206ADE0000FF010000000000808060E018F806FE01FF8080C0406020301018080C0407034A
:206AFE008382000000000000000000000000FFFFFF00000000000000000000000000FFFF78
:206B1E00FF00000000000000000000000000FFFFFF00000000000000000000000000FFFF5D
:206B3E00FF00000000000000000000000000FFFFFF00000000000000000000000000FFFF3D
:206B5E00FF00000000000000000000000000FFFFFF00000000000000000000000000FFFF1D
:206B7E00FF00000000000000000000000000FFFFFF00000000000000000000000000FFFFFD
:206B9E00FF00000000000000000000000000FFFFFF00000000000000000000000000FFFFDD
:206BBE00FF00030206040C08181030206040C0C0C14100000000000001010607181F607FD6
:206BDE0080FF0607181F607F80FF00FF00FF00FF00FF00FF00FF00FF00FF00FF00FF00FF81
:206BFE0000FFE0FFFC1FFF03FF00FF00FF00FF00FF0000FF00FF80FFF07FFE0FFF01FF0089
:206C1E00FF0000FF00FF00FF00FF00FFC0FFF83FFF0762E21AFA06FE03FF00FF00FF00FF05
:206C3E0000FF000000000000FFFF00FF00FF00FF00FF000000000000FFFF00FF00FF00FF42
:206C5E0000FF000000000000FFFF00FF00FF00FF00FF000000000000FFFF00FF00FF00FF22
:206C7E0000FF000000000000FFFF00FF00FF00FF00FF000000000000FFFF00FF00FF00FF02
:206C9E0000FF000000000000FFFF00FF00FF00FF00FF000000000000FFFF00FF00FF00FFE2
:206CBE0000FF000000000000FFFF00FF00FF00FF00FF000000000000FFFF00FF00FF00FFC2
:206CDE0000FF000000000000FFFF00FF00FF00FF00FF000000000000FFFF00FF00FF00FFA2
:206CFE0000FF4647585F607FC0FF00FF00FF00FF00FF00FF00FF00FF00FF00FF03FF1FFC81
:206D1E00FFE000FF00FF01FF0FFE7FF0FF80FF00FF0007FF3FF8FFC0FF00FF00FF00FF0087
:206D3E00FF00FF00FF00FF00FF00FF00FF00FF00FF00FF00FF00FF00FF00FF00FF00FF0045
:206D5E00FF00FF00FF00FF00FF00FF00FF00FF00FF00FFFFFF80FF80FF80FF80FF80FF8026
:206D7E00FF80FFFFFF00FF00FF00FF00FF00FF00FF00FFFFFF00FF00FF00FF00FF00FF0087
:206D9E00FF00FFFFFF00FF00FF00FF00FF00FF00FF00FFFFFF00FF00FF00FF00FF00FF00E7
:206DBE00FF00FFFFFF00FF00FF00FF00FF00FF00FF00FFFFFF00FF00FF00FF00FF00FF00C7
:206DDE00FF00FFFFFF00FF00FF00FF00FF00FF00FF00FFFFFF00FF00FF00FF00FF00FF00A7
:206DFE00FF00FFFFFF00FF00FF00FF00FF00FF00FF00FFFFFF00FF00FF00FF00FF00FF0087
:206E1E00FF00FFFFFF00FF00FF00FF00FF00FF00FF00FFFFFF00FF00FF00FF00FF00FF0066
:206E3E00FF00FFFFFF01FF01FF01FF01FF01FF01FF01FF00FF00FF00FF00FF00FF00FF003E
:206E5E00FF00FF00FF00FF00FF00FF00FF00FF00FF00FF00FF00FF00FF00FF00FF00FF0024
:206E7E00FF00FF00FF00FF00FF00FF00FF00FF00FF00FF00FF00FF00FF00FF00FF00FF0004
:206E9E00FF00FF00FF00FF00FF00FF00FF00FF00FF00FF80FF80FF80FF80FF80FF80FF8064
:206EBE00FF80FF00FF00FF00FF00FF00FF00FF00FF00FF00FF00FF00FF00FF00FF00FF0044
:206EDE00FF00FF00FF00FF00FF00FF00FF00FF00FF00FF00FF00FF00FF00FF00FF00FF00A4
:206EFE00FF00FF00FF00FF00FF00FF00FFFFFFFFFFFFFF00FF00FF00FF00FF00FFFFFFFF89
:206F1E00FFFFFF00FF00FF00FF00FF00FFFFFFFFFFFFFF00FF00FF00FF00FF00FFFFE7E799
:206F3E00FBFBFF00FF00FF00FF00FF00FF00FF00FF00FF00FF00FF00FF00FF00FF00FF004C
:206F5E00FF00FF00FF00FF00FF00FF00FF00FF00FF00FF00FF00FF00FF00FF00FF00FF0023
:206F7E00FF00FF01FF01FF01FF01FF01FF01FF01FF01FF00FF00FF00FF00FF00FF00FF00FB
:206F9E00FF00FF00FF00FF00FF00FF00FF00FF00FF00FF00FF00FF00FF00FF00FF00FF00E3
:206FBE00FF00FF00FF00FF00FF00FF00FF00FF00FF00FF00FF00FF00FF00FF00FF00FF00C3
:206FDE00FF00FF00FF00FF00FF00FF00FF00FF00FF00FF80FF80FF80FF80FF80FF80FF8023
:206FFE00FF80FF00FF00FF00FF00FF00FF00FF00FF00FF00FF00FF00FF00FF00FF00FF0003
:20701E00FF00FF00FF00FF00FF00FF00FF00FF00FF00FF00FF00FF00FF00FF00FF00FF0062
:20703E00FF00FFFFFFFFFFFFFFFFFFFFFFFFFFFFFFFFFFFFFFFFFFFFFFFFFFFFFFFFFFFF51
:20705E00FFFFFFFFFFFFFFFFFFFFFFFFFFFFFFFFFFFFFDFDFDFDFFFFFFFFFFFFFFFFFFFF3A
:20707E00FFFFFF00FF00FF00FF00FF00FF00FF00FF00FF00FF00FF00FF00FF00FF00FF0003
:20709E00FF00FF00FF00FF00FF00FF00FF00FF00FF00FF00FF00FF00FF00FF00FF00FF00E2
:2070BE00FF00FF01FF01FF01FF01FF01FF01FF01FF01FF00FF00FF00FF00FF00FF00FF00BA
:2070DE00FF00FF00FF00FF00FF00FF00FF00FF00FF00FF00FF00FF00FF00FF00FF00FF00A2
:2070FE00FF00FF00FF00FF00FF00FF00FF00FF00FF00FF00FF00FF00FF00FF00FF00FF0082
:20711E00FF00FF00FF00FF00FF00FF00FF00FF00FF00FF80FF80FF80FF80FF80FF80FF80E1
:20713E00FF80FF00FF00FF00FF00FF00FF00FF00FF00FF00FF00FF00FF00FF00FF00FF00C1
:20715E00FF00FF00FF00FF00FF00FF00FF00FF00FF00FF00FF00FF00FF00FF00FF00FF0021
:20717E00FF00FFFFFFFFFFFFFFFFFFFFFFFFFFFF40FFFFFFFFFFFFFFFFFFFFFFFFFFFFFFCF
:20719E0000FFFFFFFFFFFFFFFFFFFFFFFFFFFFFF00FFFFFFFFFFFFFFFFFFFFFFFFFFFFFFEF
:2071BE0000FFFF00FF00FF00FF00FF00FF00FF00FF00FF00FF00FF00FF00FF00FF00FF00C1
:2071DE00FF00FF00FF00FF00FF00FF00FF00FF00FF00FF00FF00FF00FF00FF00FF00FF00A1
:2071FE00FF00FF01FF01FF01FF01FF01FF01FF01FF01FF00FF00FF00FF00FF00FF00FF0079
:20721E00FF00FF00FF00FF00FF00FF00FF00FF00FF00FF00FF00FF00FF00FF00FF00FF0060
:20723E00FF00FF00FF00FF00FF00FF00FF00FF00FF00FF00FF00FF00FF00FF00FF00FF0040
:20725E00FF00FF00FF00FF00FF00FF00FF00FF00FF00FF80FF80FF80FF80FF80FF80FF80A0
:20727E00FF80FF00FF00FF00FF00FF00FF00FF00FF00FF00FFFFC0C0A0A090908F8F8C8F63
:20729E00AB8FFF00FFFF000000000000FFFF00FFFFFFFF07FFFF0300F0000000FFFF00FFAA
:2072BE00FFFFFF80FFFF100000000000FFFF00FFFFFFFF00FFFF00003C000000FFFF00FFF4
:2072DE00FFFFFF00FFFF000010000000FFFF00FFFFFFFF00FFFF000002007000FFFF00FF1E
:2072FE00FFFFFF00FFFF070010000000FFFF00FFFFFFFF00FFFF800000000000FFFF00FFE9
:20731E00FFFFFF00FFFF030345050909F1F131F1D1F1FF00FF00FF00FF00FF00FF00FF0033
:20733E00FF00FF01FF01FF01FF01FF01FF01FF01FF01FF00FF00FF00FF00FF00FF00FF0037
:20735E00FF00FF00FF00FF00FF00FF00FF00FF00FF00FF00FF00FF00FF00FF00FF00FF001F
:20737E00FF00FF00FF00FF00FF00FF00FF00FF00FF00FF00FF00FF00FF00FF00FF00FF00FF
:20739E00FF00FF00FF00FF00FF00FF00FF00FF00FF00FF80FF80FF80FF80FF80FF80FF805F
:2073BE00FF80FF00FF00FF00FF00FF00FF00FF00FF00AB8EAA8E8A8E8A8E8A8ECA8ECA8ECF
:2073DE00CA8EFF000000000000000000000000000000FF00202070705050585848488C8C21
:2073FE008484FF00030306060C0C0808080808080E0EFF00888888888888484808080A0A0F
:20741E001C1CFF000000000000000000000000000707FF00000000000000000000005C5C52
:20743E007272FF000000000000000000000000000606FF0000000000000000000000000040
:20745E000000D3715371537153715371517155715571FF00FF00FF00FF00FF00FF00FF0073
:20747E00FF00FF01FF01FF01FF01FF01FF01FF01FF01FF00FF00FF00FF00FF00FF00FF00F6
:20749E00FF00FF00FF00FF00FF00FF00FF00FF00FF00FF00FF00FF00FF00FF00FF00FF00DE
:2074BE00FF00FF00FF00FF00FF00FF00FF00FF00FF00FF00FF00FF00FF00FF00FF00FF00BE
:2074DE00FF00FF00FF00FF00FF00FF00FF00FF00FF00FF80FF80FF80FF80FF80FF80FF801E
:2074FE00FF80FF00FF00FF00FF00FF00FF00FF00FF00CA8E8A8EAA8E8A8EAA8EAA8E8A8EAF
:20751E008A8E0000000001010101010101010101010186868E8E99996161C0C0000000008D
:20753E000000181808080C0C84848484444400000000282808080808080808080F0F00008F
:20755E0000000D0D1B1B1E1E5050D0D011110F0F0000606060602020202020202020000081
:20757E0000001C1C60600000000000000000000000000000000000000000000000000000F5
:20759E00000055715571557151715171517159715171FF00FF00FF00FF00FF00FF00FF00B0
:2075BE00FF00FF01FF01FF01FF01FF01FF01FF01FF01FF00FF00FF00FF00FF00FF00FF00B5
:2075DE00FF00FF00FF00FF00FF00FF00FF00FF00FF00FF00FF00FF00FF00FF00FF00FF009D
:2075FE00FF00FF00FF00FF00FF00FF00FF00FF00FF00FF00FF00FF00FF00FF00FF00FF007D
:20761E00FF00FF00FF00FF00FF00FF00FF00FF00FF00FF80FF80FF80FF80FF80FF80FF80DC
:20763E00FF80FF00FF00FF00FF00FF00FF00FF00FF008A8E8A8E8A8E8A8E8A8E8A8ECA8ECD
:20765E00CA8E010101010202000000000000000000000000010100000000000000000000AA
:20767E0000003838E0E0808080808080B8B8E0E0404000000000000000008C8C8888515142
:20769E0031310000000000007070D9D989899999393900000000000000001E1EF2F2A2A2BE
:2076BE000202000000000000000000000000000000000000000000000000000000000000A8
:2076DE00000051715171517153715371517155715171FF00FF00FF00FF00FF00FF00FF007B
:2076FE00FF00FF01FF01FF01FF01FF01FF01FF01FF01FF00FF00FF00FF00FF00FF00FF0074
:20771E00FF00FF00FF00FF00FF00FF00FF00FF00FF00FF00FF00FF00FF00FF00FF00FF005B
:20773E00FF00FF00FF00FF00FF00FF00FF00FF00FF00FF00FF00FF00FF00FF00FF00FF003B
:20775E00FF00FF00FF00FF00FF00FF00FF00FF00FF00FF80FF80FF80FF80FF80FF80FF809B
:20777E00FF80FF00FF00FF00FF00FF00FF00FF00FF00CA8E8A8E8A8E8A8E8A8E8A8E8B8F8A
:20779E008C8F000000000000000000000000FFFF00FF000000000000000000000000FFFFB5
:2077BE0000FF404041416F6F383830300000FFFF00FF313158584C4C000000000000FFFF57
:2077DE0000FFE4E400000000000000000000FFFF00FF828282820000000000000000FFFFC1
:2077FE0000FF000000000000000000000000FFFF00FF000000000000000000000000FFFF71
:20781E0000FF557155715571517151715171D1F131F1FF00FF00FF00FF00FF00FF00FF00D6
:20783E00FF00FF01FF01FF01FF01FF01FF01FF01FF01FF00FF00FF00FF00FF00FF00FF0032
:20785E00FF00FF00FF00FF00FF00FF00FF00FF00FF00FF00FF00FF00FF00FF00FF00FF001A
:20787E00FF00FF00FF00FF00FF00FF00FF00FF00FF00FF00FF00FF00FF00FF00FF00FF1FDB
:20789E00E020FF00FF00FF00FF00FF00FF00FFC03F20FF80FF80FF80FF80FF80FF80FF8039
:2078BE00FF80FF00FF00FF00FF00FF00FF00FF00FF00FFFFFFC080808080FFFF00FF00FF7A
:2078DE00FF00FFFFFF0000000000FFFF00FF00FFFF00FFFFFF0000000000FFFF00FF00FF9A
:2078FE00FF00FFFFFF0000000000FFFF00FF00FFFF00FFFFFF0000000000FFFF00FF00FF7A
:20791E00FF00FFFFFF0000000000FFFF00FF00FFFF00FFFFFF0000000000FFFF00FF00FF59
:20793E00FF00FFFFFF0000000000FFFF00FF00FFFF00FFFFFF0000000000FFFF00FF00FF39
:20795E00FF00FFFFFF0301010101FFFF00FF00FFFF00FF00FF00FF00FF00FF00FF00FF0012
:20797E00FF00FF01FF01FF01FF01FF01FF01FF01FF01FF00FF00FF00FF00FF00FF00FF00F1
:20799E00FF00FF00FF00FF00FF00FF00FF00FF00FF00FF00FF00FF00FF00FF00FF00FF00D9
:2079BE00FF00FF00FF00FF00FF00FF00FF00FF00FF00C04085858D8D9D959D959D959D95C6
:2079DE009D953F203F20BFA0BFA0BFA0BFA0BFA0BFA0FF80FF80FF80FF80FF80FF80FF80E6
:2079FE00FF80FF07FF04FF04FF07FF04FF04FF00FF00FFC0FF2BFF2CFFC8FF08FF08FF00EC
:207A1E00FF00FF00FF1CFFA2FF3EFF20FF1EFF00FF00FF00FF79FF82FF71FF08FFF3FF00B7
:207A3E00FF00FF00FFE1FF02FFC2FF22FFC1FF00FF00FF00FFEBFF2CFF28FF68FFA8FF0061
:207A5E00FF00FF00FF22FFA2FFA2FF94FF88FF30FF00FF20FF3CFF22FF22FF22FF3CFF0068
:207A7E00FF00FF02FF8AFF8BFF8AFF9AFF69FF00FF00FF10FF10FFDEFF10FF10FFCEFF0068
:207A9E00FF00FF00FF72FF8BFF8AFF8AFF72FF00FF00FF00FFC0FF20FF20FF20FF20FF0015
:207ABE00FF00FF01FF01FF01FF01FF01FF01FF01FF01FF00FF00FF00FF00FF00FF00FF00B0
:207ADE00FF00FF00FF00FF00FF00FF00FF00FF00FF00FF00FF00FF00FF00FF00FF00FF0098
:207AFE00FF00FF00FF00FF00FF00FF00FF00FF00FF009D959D959D959D959D959C94989817
:207B1E009090BFA0BFA0BFA0BFA03F203F3F00000000FF80FF80FF80FF80FF80FFE01F3025
:207B3E001F3FFF00FF00FF00FF00FF00FF00FF00FFFFFF00FF00FF00FF00FF00FF00FF00D9
:207B5E00FFFFFF00FF00FF00FF00FF00FF00FF00FFFFFF08FF08FF0FFF08FF08FF07FF00E3
:207B7E00FFFFFF00FF38FF44FF44FF44FF38FF00FFFFFF01FF3DFF41FF39FF05FF78FF0088
:207B9E00FFFFFF00FF07FFE8FF08FF09FFE6FF00FFFFFF00FFACFFB2FFA0FFA0FFA0FF00B5
:207BBE00FFFFFF80FF80FFF0FF80FF80FF70FF00FFFFFF00FF00FF00FF00FF00FF00FF0059
:207BDE00FFFFFF00FF00FF00FF00FF00FF00FF00FFFFFF00FF00FF00FF00FF00FF00FF0099
:207BFE00FFFFFF01FF01FF01FF01FF01FF01FF01FFFFFF00FF00FF00FF00FF00FF00FF0072
:207C1E00FF00FF00FF00FF00FF00FF00FF00FF00FF00FF00FF00FF00FF00FF00FF00FF0056
:207C3E00FF00FF00FF00FF00FF00FF00FF03FC1CE0E0808080908090808F808080808F8F05
:207C5E00989800000000000300FC00000000F0F0191910101090101010101F1F5656D8D82B
:207C7E0050500101060618186060FFFF0000000000008080000000000000FFFF000000004C
:207C9E0000000101020204040808FFFF2020404080800000000000000000FFFF00000000EC
:207CBE0000000000000000000000FFFF0101020202024040404080808080FFFF00000000A0
:207CDE0000000202020201010101FFFF0000000000000000000000000000FFFF80804040FE
:207CFE0040400000000000000000FFFF0000000000008080404020201010FFFF04040202FE
:207D1E0001010101000000000000FFFF0000000000008080606018180606FFFF0000000049
:207D3E00000000000E0001000000FFFF606018180606FFE01F1CC3030000FFFF000000003E
:207D5E000000FF00FF00FF807F70FFFE010100000000FF00FF00FF00FF00FF00FFC03F3869
:207D7E0007070000000000000000FFFF00000000000090909090909090909F9F96969898BF
:207D9E00F0F00909090919196969F9F9090909090E0ED0D0505060600000FFFF000000008D
:207DBE0000000000000000000000FFFF0000000000000101020204040808FFFF20204040CB
:207DDE0080800000000000000000FFFF0000000000000000000000000000FFFF0000000089
:207DFE0000000404040408080808FFFF1010202020200000000000000000FFFF0000000099
:207E1E0000000000000000000000FFFF0000000000002020202010101010FFFF0808040470
:207E3E0004040000000000000000FFFF0000000000000000000000000000FFFF0000000020
:207E5E0000008080404020201010FFFF0404020201010000000000000000FFFF000000001A
:207E7E0000000101000000000000FFFF0000000000008080606018180606FFFF00000000EA
:207E9E0000000000000000000000FFFF6060181806060000000000000000FFFF00000000CC
:207EBE000000010106061818606080800000000000008080000000000000000000000000A6
:207EDE00000000000000000000000000000000000000000000000000000000000000000084
:207EFE00000001010202040408081010202040408080000000000000000000000000000066
:207F1E0000000000000000000000000000000000000000000000000000000101010102023B
:207F3E0002024040404080808080000000000000000000000000000000000000000000001F
:207F5E000000000000000000000000000000000000000202020201010101000000000000F7
:207F7E000000000000000000000080808080404040400000000000000000000000000000E3
:207F9E000000000000000000000000000000000000008080404020201010080804040202C7
:207FBE000101000000000000000000000000000000000000000000000000000000000000A1
:207FDE00000001010000000000000000000000000000808060601818060601010000000083
:027FFE00000081
:020000040002F8
:0E4CD7001412017E69000000080D600000004C
:020000040001F9
:2052B8000000000000000000000000000000000000000000000000000000000000000000D6
:2052D8000000000000000000000000000000000000000000000000000000000000000001B5
:2052F80002000000000000010200000000000000000000000001020000000102000000018A
:2053180000000300000000000000000000000000000000000000000300000000000000006F
:20533800000000000000000000000000000000000004000000000000000000000000030549
:20535800060000000000000506000000000000000000000000050600000005060004000505
:20537800000000000000000000000000000000070800000000000000000000000000000006
:20539800000000000000000003000000000000000000000000090A0B0C00000000000001C7
:2053B8000D0E0F10000000010200000000030000000000000001020000000102000000018E
:2053D800000000000000000000000000000011121314150000000000000300000000000053
:2053F800001617000000000000000000000000000000000000000000000000000000000563
:205418000600000018191A1B1C0E0F10000000000018191A1D1B06000000051C0E0F0005F3
:2054380000000000000000030003000000000000000000000000000000000000000000004E
:20545800001E1F0B0C000000000000000000000000000400000000000000000018191A0190
:205478000200000000000005060000000000000400000000000102000000010200000005F8
:205498001415000000000000000000000000000000000000000300000000000000000000C8
:2054B8000000000000000000000000040000000000000000000000000000000000000005CB
:2054D80006000000000300010200000000000300000000000005060003000506000000206C
:2054F800000000000000000000000000000003000000000000000000000000000000000091
:2055180000000004000000000000000000000000000000000000030000000000000000016B
:20553800020000000000000506000000000000000000000000010200191A010200191A21B9
:2055580000000000040000000000000000000000000000000000000000000000000004002B
:2055780000000000000000000000000000000000000000000000000000000000000000050E
:20559800220F10000000000102000000000000000000002324250600000005060000002012
:2055B8000000000000000000030000000000000000000000000000000000000000000000D0
:2055D8000000000000000000000000000000000300000000000000000004000000000001AB
:2055F8000200000000000005220F100000040000000000000001020000000102000000261B
:2056180000030000000000000000000000000000000000000000000004002728292A0000C9
:2056380000000000000000000000000000000000000000000000000000000000000000054D
:205658002B000000000000050600000000000000000000000005220F100005220F10002050
:2056780000002C2D2E2F3031313233343435000000000000000300000000363738390000E7
:20569800000000000004000000000000000000000000000000000000000000000000003AB4
:2056B8003B000000000000263C000000000000000000000000263C000000010200000026AA
:2056D80000003D3E00003F00004041000042000000000000000000000000004344000000AE
:2056F800000000000000000000000000000000000000000000000000450000000000004607
:2057180047484548004848494A450048480000000000000000204A4500484B064500484C3C
:2057380000004D4E00004F3131505134343500000000000000000000000052535455000079
:205758000000000000000000000048000000000048565758595A5758595A57585B5C5D5E66
:205778005B5C5D5E5B5C5D5E5B5C5D5E5758595A5758595A5B5F605E5B5C5D5E5B5C5D6198
:205798000000626364656600006768696A6B0000454800000000000000006C6D6E6F0000AD
:2057B8000000450000565758595A5758595A5758595A7071727370717273707174757677CD
:2057D800747576777475767774757677707172737071727374757677747576777475767721
:2057F8005778795A7A78795A7A78795A7A78795A5758595A7B58595A5758595A5758595AF4
:205818005758595A577C707172737071727370717273707172737D7E7FB77D7EB87E7FB989
:20583800B87E7FB9B87E7FB9B87E7FB9B87E7FB97D7E7FB77D7E7FB7B87E7FB9B87E7FB95A
:20585800707172737071727370717273707172737071727370717273707172737071727300
:2058780070717273707170717273707172737D7E7FB77D7E7FB7BABBBCBDBABBBEBBBCBF24
:20589800BEBBBCBFBEBBBCBFBEBBBCBFBEBBBCBFBABBBCBDBABBBCBDBEBBBCBFBEBBBCBF5C
:2058B8007D7E7FB77D7E7FB77D7E7FB77D7E7FB77D7E7FB77D7E7FB77D7E7FB77D7E7FB748
:2058D8007D7E7FB77D7E7D7E7FB77D7E7FB7BABBBCBDBABBBCBD7D7E7FB77E7FB87E7FB9AA
:2058F800B87E7FB9B87E7FB9B87E7FB9B87E7FB9B87E7FB87E7FB9B87E7FB9B87E7FB9B920
:20591800BABBBCBDBABBBCBDBABBBCBDBABBBCBDBABBBCBDBABBBCBDBABBBCBDBABBBCBDFF
:20593800BABBBCBDBABBBABBBCBDBABBBCBDBABBBCBDBABBBCBDBABBBCBDBBBCBEBBBCBFDB
:20595800BEBBBCBFBEBBBCBFBEBBBCBFBEBBBCBFBEBBBCBEBBBCBFBEBBBCBFBEBBBCBFBF8F
:20597800890000FF00FF00FF00FF00FF00FF00FF00FFFE81BE819E819F809D82BD82BD82F5
:20599800F5CAFC07EC17EC17EC17CC37D82FB80F380F08FF18FF14F726E347C336F31CF794
:2059B80008FF00FF10FF18FF38EF64C728EF10FF00FF75CA67D86FD06FD07DC27CC378C773
:2059D80078C7380F780FDC27DC27DC27DC27DE23FE0300FF01FF07FF0CFC1BF837F07FE0EE
:2059F800DFC000FFE0FF303F181FCC0FE407F607FB0300FF00FF00FF00FF01FF03FF7FFF2F
:205A1800FFFF07FF1FFF3FF87FF0FFEEF3B3F800FFFF80FFF8FFFC7F8F0FE303F981F8E056
:205A3800FFFF00FF00FF00FF00FF80FFC0FF7E7FFFFFFF07EC17EF14EC14CD34DF2FB80F39
:205A5800380FFFFF4780F30F7E0FF01FE0FF00FF00FFFFFFFF38C7FF00FF00FF00FF00FFB0
:205A780000FFFEFFF101FEE31CFF06FF03FF00FF00FF03FF07FF0FFC1FFC7FF8FFFE0FFF6F
:205A980000FFFF80FF0EFB3BE161FC00FF00FFF07FFFF901FC00FF00FFC07F708F00FF0F43
:205AB800FCFFF0FF1C1FCF0FE101F000FF0FF8FF00FF00FF00FFC0FFF0FF3F3FF8FF00FFD5
:205AD80000FF03FF0FFF1EFE3AF873F063E0E0E0C0C0C0FFF0FF787F7C1F3E0F1E071F0793
:205AF80003033FFF7FE0F7FF00FF00FF00FF00FF00FFFFFF1F1FCF01FECF30FF00FF00FFF4
:205B180000FFFFFFFFC070F01FFC03FE01FF00FF00FFF5CAE7586F50EF507DC2FCC378C7FE
:205B380078C73F0F780FDF24DC24DD24DF27DE23FE03FFFFC03F7C03C70023C0FFFF00FF0A
:205B580000FFC2C0E0E06DE07CF03DF91FFF7FFFFFFF07071F1F3F387F70FFEEF3B3F80026
:205B7800FFFF27F827F867D86FD0FB80DBA0D3A0F380FFC0F7407542E54225E2E5E22FE0C6
:205B980027F83F0F7F08DF27DE27DC27DC27DE23FE037FFF8F807FC738FF60FFC0FF00FFBF
:205BB80000FFFFFFFF1CE3FF00FF00FF00FF00FF00FFF5CAE758EFD06FD07DC27CC378C71F
:205BD80078C77FC077C075C265C225E225E22FE027F800FF00FF00FF00FF00FF00FF03FF62
:205BF8000EFE00FF00FF00FF00FF0FFF70FCC0FF00F700FF00FF00FF00FFF0FF0EFF03E773
:205C180000C300FF00FF00FF00FF00FF00FFC0FF707F3E0B7E0BDC27DC27DC27DE27DE2320
:205C3800FE0300F005E20AC5158A2A9515AA2A9515AA000055AAAA5555AAAA5555AA80404F
:205C5800009F000055AAAA5555AAAA5555AA000000FF000154A9A85554A9A85554A90001A0
:205C780000FF00802ABF15BF2ABF15BF2ABF008000FF0000AAFF55FFAAFF55FFAAFF000008
:205C980000FF000FA0E750F3A8F954FDA8FD547D287D00F007E00FC01F803F803F803E8086
:205CB8003E800000FF00FF00FF00FF00FF00000000FF0001FC01FC01FC01FC01FC017C01A5
:205CD8007C0130FF40DB40DF7FFF00FF00FF00FF00FF00FF00FE00DFFFFF07FC0EF90FF861
:205CF8000FF800C300E700FFFFFFE03FE03FB05FF01F0C9F02FF023BFEFF00FF00FF00FF9F
:205D180000FF7FC077C075C265C2E5A2E5A2EFA0E7B8FE03FE03FE07EF15EF15EF13F70B49
:205D3800B70BFE03FE03FC07EC17EC17EE13F60BB60B2A9514AA2A9414AA2A9414AA2A9488
:205D580014AA003F007F00FF00FF00FF00FF00FF00FF00FF00FF00FF008014BE2ABE14BEAC
:205D78002ABE547D287D547D287D547D287D547D287D3E803E803E803E803E803E803E8019
:205D98003E80000100FF00FF00FF00FF00FF00FF00FF0DFA0FF80FF806FD07FC0FF80FF80A
:205DB8000EF9F01FB05FF01FF01FF01F709FE03FE03F00FF10FF10FF18FF38EF38E77CD75F
:205DD800FE93E7B8E7B8E7F86FF4FFC4FFD6FF8AFF89BF233B273B277F657F45FF57FF8BC3
:205DF800FF8920FF20FF20FF64FF64DF76DFFE8BFF8927F837F877D87FD8FBA8FBA0FFD495
:205E1800FF92BE031A071A073F017B05F907F907DD0375EA67F86FF06FF47DC67ED7FE8B95
:205E3800FF8927F827F867F86FF4FFC4FFD6FF8AFF892A9414AA2A9414AA2A9414AA2A94E7
:205E580015AA00FF00FF00FF00FF00FF00FF007F003F14BE2ABF15BF2ABF15BF2ABF14BEAC
:205E78002ABE547DA8FD54FDA8FD54FDA8FD547D287D3E803F803F803F803F803F80008051
:205E980000FF00FF00FF00FF00FF07FF08FB08FB07FF0DFA0FF81FF81FF0FFFF00DF008F3D
:205EB800FFFFF01FF01FB05FF81FFFFF00EF007BFFFF00FF00FF00FF00FFE0FF103F10FFE9
:205ED800E0FF01FF03FF03FE07FE07FC0EF90EF90EF9F8FFCF3FE11E619E03FC38C73EC1AB
:205EF8007F80F9FFFF1FFE0DFF18FF007A8520DF00FFF1FF3EDF7C833EC118E743BC00FF4F
:205F18009E61FFFF3FC00FF0C23DF00FE01FC43B0CF3FFFF00FF00FF40FF20FF23FF03FFF5
:205F38000FFF8FFF70FF02FF04FF04FF04FF81FFE1FFFEFF01FF00FF00FF80FFC0FFC0FFDC
:205F5800F0FF77FF88FF28FF30FF10FF10FF00FF00FFFF8F70FF02FF04FF04FF04FF81FF44
:205F7800E1FFFFFF01FF00FF00FF80FFC0FFC0FFF0FFF7F788FF28FF30FF10FF10FF00FF59
:205F980000FF2A9515AA2A9515AA0A9505CA02E500F0801F4080AA5555AAAA5555AAAA554F
:205FB800000000FF1010BA555DBABA6D7DA2FE55FE9220FF2021A87574EDEC5576DFFE8B5E
:205FD800FF8914BE2ABE14BE2ABE14BE2ABE14BE0080547D287D547D287D547D287D547D6E
:205FF800000100FF00803F803F803F803F803F80008020FF2020FF20FF64FF44FF56FF8ACC
:20601800FF8900FF1010FF10FF18FF28FF20FF54FE927C017C01FC01FC01FC01F801F00395
:20603800000703FE0FFF10FF1FFF08FE08FF08FB08F9BF40FDF20F38FFF81F101D321EF13B
:206058001FF0BF40FF0F709BFF1FF80ED82CF80EB84FC07FF0FF08CFF8FF10FF107F10FF23
:2060780010FF7C83798633CC817E804362891CE3003F738CF807F00DE01800F2000081208B
:206098006681DF20CE3100DF4D8230CF807A887007D81EE108B7001C1409629C01F6402336
:2060B80080643FFFBFFFFFFFFFFFFFFF7B7B33332121F3FFFBFFFFFFFFFFFFFFCFCF8E86B8
:2060D800968CFEFFFFFFFFFFFFFFFFFFFDFDE0E0606102FF43FF63FFF3FFF6FEF6FEBCBC1F
:2060F8001818FFFFFF1FFE0DFF18FF007A8520DF00FFFFFF3EDF7C833EC118E743BC00FF08
:206118009E61FFFFCF3FE11E619E03FC38C73EC17F80FFF8CF3FE11E619E03FC38C73EC162
:206138007F80FFF9FF1FFE0DFF18FF007A8520DF00FF008300010009E2093CC3807F00D8C6
:20615800000818E7003C428429C610EF00FE02C42146000F1804300CE01E01F2007300C07A
:20617800618010E008310798700FC03110E04C3086780003000100096209BC4300FF009876
:20619800000818E9083007987007C03010E04C3086780428730CC13E00E70807308EC038E0
:2061B80000E21867807C30C110E00C30031C000F000416E10C33011E00010E01E81630CCBC
:2061D800007803CC00070001C00860891EE1003F00310428730CC13E00E70807300EC03862
:1261F80000E203CC00070001C00860881EE0003F0031BE
:020000040002F8
:0E4CE500601205785900000005B8520000006A
:020000040001F9
:208B58000001010101020001010101020001010200010101010101010101010101010101DE
:208B78000101010101010101010101010101010101010101010101010101010101010101BD
:208B9800030101010102000104010105030101050301010101010101010106010101010187
:208BB800010101010101010101010601010101010101010101010101010101010101060173
:208BD80003010601010503010101010503010102000101010101010101010101010101014A
:208BF80001010101010101010101010101010101010101010101010101010101010101013D
:208C18000001010101070801060101050301010503010101010101010101010101010101FF
:208C3800010601010101010101010101010101010101010101010101010101010101090AE6
:208C580003010B0C0D0E0F0101010102000101100F01010101010101010101010101010181
:208C78000101010101010101010101010101010101010101010101010401010101010101B9
:208C98000801010101070801010B0C110301010712131415010101010101161718191A1986
:208CB8001A171B0101010101010101010101010101010401090A1C1D0101010106010101E3
:208CD8000F01010101100F0101010102000101100F0101010104010101011E1F2021222156
:208CF800221F230101010106010101010101010101010101010101010101010101010101D6
:208D18002425262701072401010101282914150708010101010101010101012A2B01012C5F
:208D3800012C010101010101010101010101010101010101010101010101010101010106CB
:208D58000F01010101102D2526270102000101100F010101161718191A1B01010101010179
:208D7800010101010101010101010101010101010401010101010101010101010101012E8B
:208D980008010101010708010101010503010107080101011E1F20212223010101010101B7
:208DB8000101161718191A1B01010101010101010101010101010101010101012F30313230
:208DD8000F01013334350F0101010102000101100F01010101012B0136010101010101012A
:208DF80001011E1F20212223010101010101010101010101010101012F3031323738393AE2
:208E1800082E01013B07083C01013B053D3C0107082E010101010101010101010101010175
:208E38000101012B012C2C010101010101010101010101013E3031323738393A3F404142D1
:208E58004344454643474519191A4546434445484918191B0101010101010101010101018D
:208E7800010401010101010101010101010101012F3031323738393A3F4041424A4B4C4DF3
:208E98004E4F50514E4F5021212250514E4F50511F202123010101010101010101010101BD
:208EB80001010101010101010101012E2F3031323738393A3F4041424A4B4C4D3F4041428B
:208ED8005240415352404153524041535240415354404155010101010101010101010101AC
:208EF80001010101010101161718191A3738393A3F4041424A4B4C4D3F4041424A4B4C4D99
:208F18004A4B4C4D4A4B4C4D4A4B4C4D4A4B4C4D564B4C570101040101010101010101012E
:208F3800010101010101011E1F2021223F4041424A4B4C4D1F2021224A4B4C4D4A4B4C4D64
:208F5800524041535240415352404153564B4C58544041550101010101010101010101010C
:208F780001010101010101595440415A4A4B4C4D5440415A5440415A4A4B4C4D5440415A61
:208F98004A4B4C4D4A4B4C4D4A4B4C4D4A4B4C4D564B4C57010101010101010101010101B1
:208FB800010101010101015B564B4C58564B4C58564B4C58564B4C58564B4C58564B4C5899
:20620A005C00FC07EC17EC17EC17CC37D82FB80F380F00FF00FF00FF00FF00FF00FF00FFFB
:20622A0000FFFE81BE819E819F809D82BD82BD82F5CA380F780FDC27DC27DC27DC27DE2322
:20624A00FE0308FF18FF14F726E347C336F31CF708FF75CA67D86FD06FD07DC27CC378C7FB
:20626A0078C700FF10FF18FF38EF64C728EF10FF00FF27F827F867D86FD0FB80DBA0D3A014
:20628A00F380BE031A071A073F017B05F907F907DD0300FF00FF00FF00FF01FF03FF7FFF62
:2062AA00FFFF07FF1FFF3FF87FF0FFEEF3B3F800FFFF7FFF8F807FC738FF60FFC0FF00FF5C
:2062CA0000FFFFFFFF1CE3FF00FF00FF00FF00FF00FFFFFFE201CFF07EF00FF807FF00FFA5
:2062EA0000FFFFC077C0F5426542A522E5E22FE027F8FE03FE03FC07EC17EC17EE13F60BF8
:20630A00B60B7FC077C075C265C225E225E22FE027F8F5CAE758EFD06FD07DC27CC378C7E9
:20632A0078C7BF031B061A063F017B05F907F907DD03FFFFFF030E0FF83FC07F80FF00FF60
:20634A0000FFFFFFF8F8F3807FF30CFF00FF00FF00FFFCFFFE07EFFF00FF00FF00FF00FF6F
:20636A0000FF01FF03FF03FE07FE07FC0EF90EF90EF9F8FFCF3FE11E619E03FC38C73EC1F4
:20638A007F80F9FFFF1FFE0DFF18FF007A8520DF00FFF1FF3EDF7C833EC118E743BC00FFB8
:2063AA009E61FFFF3FC00FF0C23DF00FE01FC43B0CF380FFE0FFE03FF03F18FF04FF748F14
:2063CA00F40F80FFF8FFFC7F8F0FE303F981F8E0FFFF00FF00FF00FF00FF80FFC0FF7E7FB4
:2063EA00FFFF07FC03FC03FC01FE00FF00FE00FE00FC7C83798633CC817E804362891CE3F5
:20640A00003F738CF807F00DE01800F2000081206681DF20CE3100DF4D8230CF807A887029
:20642A0007D81EE108B7001C1409629C01F640238064E41F48BF10FF003F003F007F009F8B
:20644A00003FBF031A071B063F017B05F907F907DD03FFFF4780F30F7E0FF01FE0FF00FF0E
:20646A0000FFFFFFFF38C7FF00FF00FF00FF00FF00FFFEFFF101FEE31CFF06FF03FF00FF2C
:20648A0000FFF5CA67D86FD0EF50FD42FCC378C778C73F0F7F0BDE27DC27DC27DC27DE2314
:2064AA00FE03FF917FD16EFB26FB26FF04FF04FF04FFFE937CD738E738EF18FF10FF10FFDA
:2064CA0000FFFF89FE8B76DF64DF64FF20FF20FF20FFFF03FE03FF04EC14ED14EF13F60B40
:2064EA00B60B20FF20FF20FF64FF64DF76DFFE8BFF8900FF00FF00FF00FF1EFF7FF3FFC01E
:20650A007E8100FF00FF03FF3FFE7FE1FCC33CC311EE00FF1EFFBFF1F8E783FC0FF0DF20F0
:20652A00CF307FFFFC83F98673CC03FC9966DC2389763FFF7FE0F7FF00FF00FF00FF00FF0C
:20654A0000FFFFFF1F1FCF01FECF30FF00FF00FF00FFFFC0F7C075C265C225E225E22FE03C
:20656A0027F87FC93EEB1CE71CF718FF08FF08FF00FF3CC311EE03FC817E804362891CE39E
:20658A00003F807FF807F00DE01800F200008120668141BE00FF00DF4D8230CF807A8870A8
:2065AA0007D802FC06B80618130C619E01F64023806404FF04FF04FF26FF26FB6EFB7FD1B4
:2065CA00FF9100FF08FF08FF18FF1CF71CE73EEB7FC93C0F7C0FDC27FE27FE23FE6BFF519E
:2065EA00FF9100FF10FF10FF18FF3EEF7FE3FFD4FE93008300010009E2093CC3007F00D80C
:20660A00000818E7003C428429C610EF00FE02C42146000F1804300CE01E01F2007300C0C3
:20662A00618010E008300798700FC03010E04C308678FFFF00FF00FF40FF20FF23FF03FF51
:20664A000FFF8FFF70FF02FF04FF04FF04FF81FFE1FFFEFF01FF00FF00FF80FFC0FFC0FFC3
:20666A00F0FF77FF88FF28FF30FF10FF10FF00FF00FF8F8F70FF02FF04FF04FF04FF81FF9B
:20668A00E1FFF7F788FF28FF30FF10FF10FF00FF00FFFFF9CF3FE11E619E03FC38C73EC128
:2066AA007F800428730CC13E00E70807300EC03800E21867807C30C110E00C30031C000F53
:2066CA00000416E10C33011E00010E01E81630CC007803CC00070001C00860881EE0003F11
:2066EA0000313FFFBFFFFFFFFFFFFFFF7B7B33332121F3FFFBFFFFFFFFFFFFFFCFCF8E8633
:20670A00968CFEFFFFFFFFFFFFFFFFFFFDFDE0E0606102FF43FF63FFF3FFF6FEF6FEBCBCE6
:20672A0018180003000100096209BC4300FF0098000818E9083007987007C03010E04C305E
:20674A008678008300010009E2093CC3807F00D80008403FC03FC03FC03F609F007F003FA2
:20676A00007F0428730CC13E00E70807308EC03800E2007F007F00FF00BF003F601FC03FDF
:20678A0000FF03CC00070001C00860891EE1003F003100FC00FE00FE00FF00FD00FC03FC0A
:2067AA0000FF10E008310798700FC03110E04C30867800FE00FE00FE00FF00FE00FC00FC3F
:0267CA0000FFCE
:020000040002F8
:0E4CF3004012050A6200000006584B00000047
:020000040001F9
:20DEE30000000000000000010000000000000000000000000000000000000000000000001E
:20DF03000000020000000000000000000000010000000000000000000000000001000000FA
:20DF23000000000000000000000000000000000000000000020000000000000000000002DA
:20DF43000000000000010000000000000000030400000000000000000000000000000000B6
:20DF6300000000000000000000000000000506070809000000000002000000000000000079
:20DF83000A0B0C00000000000000000000000000000000000000000000000000000000005D
:20DFA3000000000000000002000000000000000000000000000000000D0A0B0C000000002E
:20DFC30000000000000000000000000000000000000000000000000000000000000000003E
:20DFE3000E000000000000000000000002000000000000000200000000000000000000000C
:20E003000F1011120E000000000000000000000000000000000000000000020000000000AB
:20E02300131415160F10111200000000000000000000000000000000000000000000020047
:20E043001718191A131415161B0000000E00000000000000000000000000000000000000E0
:20E063001C1D1E1F1718191A200021220F1011120000000000000000000000000000000020
:20E083001718191A1C1D1E1F23002425131415161B00000000000000000000000E26000098
:20E0A3001C1D1E1F1718191A270028291718191A200021222A2B2C2D222E2F302231323333
:20E0C3001C1D1E1F1C1D1E1F230034351C1D1E1F2300242536373839253A3B3C253D3E3F50
:20E0E300401819411C1D1E1F270028414018194127002829401819412942434429454243A4
:20E10300461D1E47461D1E4727003447461D1E4727003435461D1E473548494A354B484989
:208FD8004C0000FF00FF00FF00FF00FF00FF00FF00FF00FF10FF18FF38EF64C728EF10FF98
:208FF80000FF08FF18FF14F726E347C336F31CF708FF00FF01FF07FF0CFC1BF837F07FE035
:20901800DFC000FFE0FF303F181FCC0FE407F607FB0303FF07FF0FFC1FFC7FF8FFFE0FFFA4
:2090380000FFFF80FF0EFB3BE161FC00FF00FFF07FFFF901FC00FF00FFC07F708F00FF0F6D
:20905800FCFFF0FF1C1FCF0FE101F000FF0FF8FF00FF00FF00FFC0FFF0FF3F3FF8FF00FFFF
:2090780000FF07FF1FFF3FF87FF0FFEEF3B3F800FFFF80FFF8FFFC7F8F0FE303F981F8E0BF
:20909800FFFF00FF00FF00FF00FF80FFC0FF7E7FFFFF00FF00FF00FF00FF01FF03FF7FFF09
:2090B800FFFF00FF10FF10FF18FF38EF38E77CD7FE93FEFF3FC19F61CE33C03F99663BC441
:2090D800916E00FF78FFFD8F1FE7C13FF00FFB04F30C00FF00FFC0FFFC7FFE873FC33CC3B6
:2090F800887700FF00FF00FF00FF78FFFECFFF037E81403F601D6018C8308679806F02C4F8
:209118000126827D00FF00FBB2410CF3015E110EE01B01FE1FE00FB00718004F00008104FC
:2091380066813CC38877C03F817E01C2469138C700FC0807100CE0190EF0030C0807320C21
:20915800611E00F018200C300778804F00CE0003860118E7003C4221946308F7007F4023F8
:20917800846200C10080009047903CC300FE001B001080FFE0FFE03FF03F18FF04FF748F58
:20919800F40FC03300E0008003100611780700FC008C688730CC80780080708017680C331F
:2091B800001E18E6013E0C830807300CC03800F000202014CE30837C00E710E00C70031CB7
:2091D8000047E41F48BF10FF003F003F007F009F003F01FF03FF03FE07FE07FC0EF90EF923
:2091F8000EF9F8FFCF3FE11E619E03FC38C73EC17F80403FC03FC03FC03F609F007F003F18
:20921800007F07FC03FC03FC01FE00FF00FE00FE00FC7C83798633CC817E804362891CE317
:20923800003F20FF20FF20FF64FF64DF76DFFE8BFF89007F007F00FF00BF003F601FC03FF5
:2092580000FF00FC00FE00FE00FF00FD00FC03FC00FF008300010009E2093CC3807F00D8BB
:209278000008FFFFFC03F00F43BC0FF007F823DC30CF8FFF7CFB3EC17C8318E7C23D00FFD7
:2092980079869FFFFFF87FB0FF18FF005EA104FB00FF1FFFF3FC87788679C03F1CE37C83D8
:2092B800FE01F9FFFF1FFE0DFF18FF007A8520DF00FFF1FF3EDF7C833EC118E743BC00FF5B
:2092D8009E61FFFF3FC00FF0C23DF00FE01FC43B0CF3FFFF00FF00FF40FF20FF23FF03FF02
:2092F8000FFF8FFF70FF02FF04FF04FF04FF81FFE1FFFEFF01FF00FF00FF80FFC0FFC0FFE9
:20931800F0FF00FE00FE00FE00FF00FE00FC00FC00FF0428730CC13E00E70807308EC03802
:2093380000E2788710ED003828904639806F02C40126FB04738C00FBB2410CF3015E110E83
:20935800E01BCE311FE00FB00718004F0000810466813EC19E61CC33817E01C2469138C7CE
:2093780000FC738CF807F00DE01800F2000081206681DF20CE3100DF4D8230CF807A8870CF
:2093980007D81EE108B7001C1409629C01F6402380643FFFBFFFFFFFFFFFFFFF7B7B333351
:2093B8002121F3FFFBFFFFFFFFFFFFFFCFCF8E86968CFEFFFFFFFFFFFFFFFFFFFDFDE0E0EA
:2093D80060610807108CE0190EF0038C0807320C611E00C10080009047903CC301FE001BF6
:2093F800001018E7003C428429C610EF00FE02C42146000F1804300CE01E01F2007300C0A0
:20941800618010E008310798700FC03110E04C3086780003000100096209BC4300FF0098A3
:209438000008C03300E0008003100691788700FC008C2014CE30837C00E710E00C71031CE4
:2094580000471867807C30C110E00C30031C000F000416E10C33011E00010E01E81630CC84
:20947800007803CC00070001C00860891EE1003F00310428730CC13E00E70807300EC0388F
:0294980000E2F0
:020000040002F8
:0E4D0100201206D84F00000007E35E000000FD
:020000040001F9
:20949A000000000000000000000102000000000000000000000000000000000000000000AF
:2094BA0000000000000000000000000000000000000102000000000001020000000000008C
:2094DA00000000000000000000030400000000000000000000000000000000050000000066
:2094FA0000000000000000000000000000000000000304000000000003040500000000003F
:20951A0000000000000000000006070000080000000000000000000000000000000000001C
:20953A000000000000000000000000000000000000030400050000000304000000080000F6
:20955A00000000000000000000090A000000000000000000000000000000000000000000DE
:20957A000000000000000000000500000000000000010200000000000102000000000000C6
:20959A00000000000000000000060B0C0D0E0F00000000000000000000000000000000006A
:2095BA00000000000000000000000000000000000003100E0F00000003040000000000005A
:2095DA00000000000000000000090A0000000000000000000000000000000000000000005E
:2095FA00000000000000000000000000000000050001020000000000010200000000000046
:20961A0000000000000000000006070000000000000000000000080000000000000000001B
:20963A0000000000000000000000000000000011121304000000111213040000000000009C
:20965A00000000000000111214150A0000000000000000000000001600000000000008007C
:20967A000000000000000000000000000000000000010200000000000102000000000000CA
:20969A000000000000000000000607000000000000001718191A1718000000000000000012
:2096BA000000000000000000000000000000000000030400000000001B1C1D1E1F200800D0
:2096DA00000000000000000000090A00000000000000212223242122000000000000000090
:2096FA00000000000000000000000000001112142501020000080000010200002627000099
:20971A00000000000000000000060B0D0E0F000000000028002900000000000000000000A3
:20973A00000000000000001600000000000000002A032B000000000003042C002D2E0016FD
:20975A00000000000000000000090A000000000000000000000000000000000000000000DC
:20977A0000000000002F30311718191A171819323334353600000037333435323839191AE8
:20979A000000000000000000000607000000000000000000000000000000000000000000A2
:2097BA0000000005373A3B3C212223242122233D3E3F4041000000423E3F403D21222324B1
:2097DA0000002C00002A000043440A2A0000000000000000000000000000002A452F30365A
:2097FA0000000000424647484946474A4946474B46474C4D0000004E46474C4B4946474A3F
:20981A003233343532333435323334351718191A1718191A1718191A1718191A4F3A3B4137
:20983A00000000004E5051525350515453505155505152560000005750515255535051540C
:20985A003D3E3F403D3E3F403D3E3F40212223242122232421222324212223245846474DA6
:20987A00000000005746474A4946474A4946474A4946474D0000004E4946474A4946474AAF
:20989A004B46474C4B46474C4B46474C4946474A4946474A4946474A4946474A5550515676
:2098BA00000000000050515453505154535051545350514D0000004E5350515453505154EA
:2098DA00555051525550515255505152535051545350515453505154535051545350510082
:2098FA00000000000053505154535051545350515450515600000057535051545350515498
:20991A00590000FF00FF00FF00FF00FF00FF00FF00FFFE81BE819E819F809D82BD82BD8243
:20993A00F5CAFC07EC17EC17EC17CC37D82FB80F380F75CA67D86FD06FD07DC27CC378C771
:20995A0078C7380F780FDC27DC27DC27DC27DE23FE0308FF18FF14F726E347C336F31CF75A
:20997A0008FF7FC077C075C265C225E225E22FE027F8FE03FE03FC07EC17EC17EE13F60BA9
:20999A00B60B00FF10FF18FF38EF64C728EF10FF00FF27F827F867D86FD0FB80DBA0D3A02B
:2099BA00F380BE031A071A073F017B05F907F907DD03FF03FE03FF04EC14ED14EF13F60B6D
:2099DA00B60BFFFF00FF03FCC000E100FFFF00FF00FFFFFF4780F30F7E0FF01FE0FF00FFD2
:2099FA0000FFFFFFFF38C7FF00FF00FF00FF00FF00FFFEFFF101FEE31CFF06FF03FF00FF67
:209A1A0000FF3F0F7F08DF27DE27DC27DC27DE23FE037FFF8F807FC738FF60FFC0FF00FF1E
:209A3A0000FFFFFFFF1CE3FF00FF00FF00FF00FF00FFF5CAE758EFD06FD07DC27CC378C75E
:209A5A0078C7FFFFE201CFF07EF00FF807FF00FF00FFE7F827F8E7586F50FB80DBA0D3A02F
:209A7A00F38000FF10FF10FF18FF38EF38E77CD7FE93F8FFCF3FE11E619E03FC38C73EC1FB
:209A9A007F80F9FFFF1FFE0DFF18FF007A8520DF00FFF1FF3EDF7C833EC118E743BC00FF71
:209ABA009E61FFFF3FC00FF0C23DF00FE01FC43B0CF3F5CA67D86FD0EF50FD42FCC378C7DD
:209ADA0078C73F0F7F0BDE27DC27DC27DC27DE23FE03FFFFF8F8F3807FF30CFF00FF00FF69
:209AFA0000FFFCFFFE07EFFF00FF00FF00FF00FF00FF00FF00FF00FF00FF00FF3BFF5FC40C
:209B1A003FF000FF00FF00FF00FF00FFDCFFF223FC0F7C83798633CC817E804362891CE35D
:209B3A00003F738CF807F00DE01800F2000081206681DF20CE3100DF4D8230CF807A8870C2
:209B5A0007D81EE108B7001C1409629C01F640238064FFFF00FFC03F03008700FFFF00FF56
:209B7A0000FF1FF81FF218F01DF514FC30FE38E738E0F81F784F180FB8AF283F0C7F1CE7B4
:209B9A001C07FE937CD738E738EF18FF10FF10FF00FF7FC93EEB1CE71CF718FF08FF08FF7E
:209BBA0000FF00FF08FF08FF18FF1CF71CE73EEB7FC9382F782FFC27FC67FC47FE57FE8B2C
:209BDA00FF8920FF20FF20FF64FF64DF76DFFE8BFF893CE03EE03EE03FF1FEF3BEB3BEB31F
:209BFA007AF33C073C073C07FC8F7CCF5CCF5CCF4CCF00FF00FF03FF3FFE7FE1FCC33CC373
:209C1A0011EE00FF1EFFBFF1F8E783FC0FF0DF20CF307FFFFC83F98673CC03FC9966DC234C
:209C3A008976FFFF00FF00FF40FF20FF23FF03FF0FFF8FFF70FF02FF04FF04FF04FF81FFF8
:209C5A00E1FFFEFF01FF00FF00FF80FFC0FFC0FFF0FF77FF88FF28FF30FF10FF10FF00FFB3
:209C7A0000FF80FFE0FFE03FF03F18FF04FF748FF40F01FF03FF03FE07FE07FC0EF90EF9E6
:209C9A000EF9FFFFCF3FE11E619E03FC38C73EC17F80FFFFFF1FFE0DFF18FF007A8520DF62
:209CBA0000FF807FF807F00DE01800F200008120668141BE00FF00DF4D8230CF807A887081
:209CDA0007D802FC06B80618130C619E01F6402380643FFFBFFFFFFFFFFFFFFF7B7B333303
:209CFA002121F3FFFBFFFFFFFFFFFFFFCFCF8E86968CFEFFFFFFFFFFFFFFFFFFFDFDE0E09F
:209D1A00606102FF43FF63FFF3FFF6FEF6FEBCBC1818E41F48BF10FF003F003F007F009F8C
:209D3A00003F07FC03FC03FC01FE00FF00FE00FE00FC04FF04FF04FF26FF26FB6EFB7FD1CB
:209D5A00FF9127FC27FC67DC6FF6FFA2FFEAFFD1FF9100FF08FF08FF18FF1EF77FE7FFEAF9
:209D7A007FC918E7003C428429C610EF00FE02C42146000F1804300CE01E01F2007300C0DC
:209D9A00618010E008300798700FC03010E04C308678008300010009E2093CC3807F00D8DA
:209DBA00000810E008310798700FC03110E04C3086780003000100096209BC4300FF0098D1
:209DDA00000818E9083007987007C03010E04C308678403FC03FC03FC03F609F007F003F7F
:209DFA00007F00FC00FE00FE00FF00FD00FC03FC00FF3CC311EE03FC817E804362891CE333
:209E1A00003F1867807C30C110E00C30031C000F000416E10C33011E00010E01E81630CCC0
:209E3A00007803CC00070001C00860881EE0003F00310428730CC13E00E70807308EC03845
:209E5A0000E203CC00070001C00860891EE1003F00310428730CC13E00E70807300EC03839
:209E7A0000E2007F007F00FF00BF003F601FC03F00FF00FE00FE00FE00FF00FE00FC00FC7F
:129E9A0000FF008300010009E2093CC3007F00D80008E1
:020000040002F8
:0E4D0F004012061A59000000069A54000000D7
:020000040001F9
:209EAC00000000000000000000000000000000000000000000010203000000000000000090
:209ECC0000000000000000000000000000040000000000000000000103000000000000006E
:209EEC00000000000000000000000000000000000000000000050206000000000000000049
:209F0C0000000000000000000000000000000000000000000000000506000000000000002A
:209F2C000000000000000000000700000004000000000000000102030700000000000000FD
:209F4C000000000000000000000000000000000000000000000000010300000004000000ED
:209F6C000000070000000000000000000000000000000000000502030000000000000000C4
:209F8C0000000000040000000000000000000000000000000008090A06000000000B0C0D6C
:209FAC00000000000000000E0F00000000000000000809101101020600000000000000003D
:209FCC00000000000000000000000000000000000000000000000005121314150000000022
:209FEC0000000000000B0C1617000000000000000000000000050203000000000000000007
:20A00C00000000000000000000000000000007000000000000000005060000000000000022
:20A02C0000000000000000000000000000000000000000000001020600000000000000000B
:20A04C00070000000018191A1B1C0000000000000000000000000001030000000000000760
:20A06C0000000000000000000000000000000700000000000005021D13141500000018193C
:20A08C001A1E0000001F202122230000000018191A1B1E0008091024060000000000000008
:20A0AC000000000000070000000000000000000000000000000102060000000000001F2045
:20A0CC0021230000000000000000000000001F202122230000000001030000000007000080
:20A0EC0000000000000000000000000000000000000000000005020300000000000000004A
:20A10C00000000000000000000000000000000000000000000000005060000000000000028
:20A12C0000000025000000000000002500000000000809101101020600000000000004008A
:20A14C000000000000000000000000000000000000000000000000010300000000000000EF
:20A16C00191A1B26191A1B191A1B262728292A0000000000000502030000000000000000F1
:20A18C000000000000000000000000070000000000000000000000050600000000002B0076
:20A1AC002021222C2021222021222C2D2E2F302728292A250001020300000000000000008B
:20A1CC00000000000000000000000000000000000000000000000031320000333435361925
:20A1EC003738393A3738393738393A3B3C3D3E2D2E2F3027283F404100000000000000002C
:20A20C00000000000000000000000000000000000000000000002B424335364445464720E1
:20A22C0048494A4B48494A48494A4B4C4D4E4F3B3C3D3E2D2E2F302728292A002500000042
:20A24C00000000250000000000002B000000000000002B3334353644454647503839513746
:20A26C003738393A3738393738393A3738393A4C4D4E4F3B3C3D3E2D2E2F30191A1B261E10
:20A28C00000018191A1E0000181B26191E0000181A1B26444546475038395152494A53489E
:20A2AC0048494A4B48494A48494A4B48494A4B3738393A4C4D4E4F3B3C3D3E2021222C2389
:20A2CC0000001F20212300001F222C202300001F21222C5038395152494A533738393A374E
:20A2EC0048494A4B48494A48494A4B48494A4B48494A4B48494A4B4C4D4E4F3738393A544D
:20A30C00000055373854000055393A375400005538393A52494A5348494A4B48494A4B48FA
:20A32C00560000FF00FF00FF00FF00FF00FF00FF00FFFE81BE819E819F809D82BD82BD822A
:20A34C00F5CAFF00FF00FF00FF00FF00FF00FF00FF00FC07EC17EC17EC17CC37D82FB80F5D
:20A36C00380F00FF10FF18FF38EF64C728EF10FF00FF75CA67D86FD06FD07DC27CC378C735
:20A38C0078C7380F780FDC27DC27DC27DC27DE23FE0308FF18FF14F726E347C336F31CF71E
:20A3AC0008FF3FFF7FE0F7FF00FF00FF00FF00FF00FFFFFF1F1FCF01FECF30FF00FF00FFF6
:20A3CC0000FFF5CAE7D86FD06FD07DC27CC378C778C700FF00FF00FF00FF01FF03FF7FFFFE
:20A3EC00FFFF07FF1FFF3FF87FF0FFEEF3B3F800FFFF80FFF8FFFC7F8F0FE303F981F8E039
:20A40C00FFFF03FF0FFF1EFE3AF873F063E0E0E0C0C0C0FFF0FF787F7C1F3E0F1E071F0716
:20A42C000303FFFFFFC070F01FFC03FE01FF00FF00FFFFFFC03F7C03C70023C0FFFF00FFB0
:20A44C0000FF3F0F780FDF24DC24DD24DF27DE23FE03FFFF4780F30F7E0FF01FE0FF00FFCF
:20A46C0000FFFFFFFF38C7FF00FF00FF00FF00FF00FFFEFFF101FEE31CFF06FF03FF00FFEA
:20A48C0000FFC2C0F8F8FD7C8F0FE303F981F8E0FFFF0303170706070E0F9C9FF8FF7E7F75
:20A4AC00FFFF01FF03FF03FE07FE07FC0EF90EF90EF9F8FFCF3FE11E619E03FC38C73EC172
:20A4CC007F80F9FFFF1FFE0DFF18FF007A8520DF00FFF1FF3EDF7C833EC118E743BC00FF35
:20A4EC009E6188FFF8FFF437F6331FFB06FF748FF40FFF07EC17EF14EC14CD34DF2FB80F78
:20A50C00380F80FFE0FFE03FF03F18FF04FF748FF40F07FC03FC03FC01FE00FF00FE00FE21
:20A52C0000FC7C83798633CC817E804362891CE3003F738CF807F00DE01800F200008120A5
:20A54C006681DF20CE3100DF4D8230CF807A887007D8E41F48BF10FF003F003F007F009FD7
:20A56C00003FF5CAE7586F50EF507DC2FCC378C778C700FF10FF10FF18FF38EF38E77CD74B
:20A58C00FE93FFFF3FC00FF0C23DF00FE01FC43B0CF3FEFF3FC19F61CE33C03F99663BC42C
:20A5AC00916E00FF78FFFD8F1FE7C13FF00FFB04F30C00FF00FFC0FFFC7FFE873FC33CC3CD
:20A5CC00887700FF00FF00FF00FF78FFFECFFF037E8120FF20FF20FF64FF64DF76DFFE8B4E
:20A5EC00FF891EE108B7001C1409629C01F640238064403F601D6018C8308679806F02C474
:20A60C000126827D00FF00FBB2410CF3015E110EE01B01FE1FE00FB00718004F00008104F3
:20A62C0066813CC38877C03F817E01C2469138C700FC7FC077C075C265C225E225E22FE0A5
:20A64C0027F8FE03FE03FC07EC17EC17EE13F60BB60B00FF00FF00FF00FF1EFF7FF3FFC0B7
:20A66C007E8100FF00FF03FF3FFE7FE1FCC33CC311EE00FF1EFFBFF1F8E783FC0FF0DF204D
:20A68C00CF307FFFFC83F98673CC03FC9966DC238976008300010009E2093CC3807F00D8AA
:20A6AC00000818E7003C428429C610EF00FE02C42146000F1804300CE01E01F2007300C0E1
:20A6CC00618010E008310798700FC03110E04C3086780807100CE0190EF0030C0807320C6D
:20A6EC00611E00F018200C300778804F00CE0003860118E7003C4221946308F7007F40234F
:20A70C00846200C10080009047903CC300FE001B001075CA67D8EFD0FF7CFF863FC33CC339
:20A72C008877FF00FF00FF00FF00FF78FFCEFF037E81382F782FFC27FC67FC47FE57FE8B18
:20A74C00FF8927F827F867D86FD0FF9EFFF3FFC07E81BE031A071B073F3E7F61FCC33CC33D
:20A76C0011EE3CC311EE03FC817E804362891CE3003F807FF807F00DE01800F20000812060
:20A78C00668141BE00FF00DF4D8230CF807A887007D802FC06B80618130C619E01F64023F8
:20A7AC0080640428730CC13E00E70807308EC03800E21867807C30C110E00C30031C000FAB
:20A7CC00000416E10C33011E00010E01E81630CC007803CC00070001C00860891EE1003FCC
:20A7EC000031C03300E0008003100611780700FC008C688730CC80780080708017680C3387
:20A80C00001E18E6013E0C830807300CC03800F000202014CE30837C00E710E00C70031C4C
:20A82C000047008300010009E2093CC3007F00D8000810E008300798700FC03010E04C304D
:20A84C0086780428730CC13E00E70807300EC03800E203CC00070001C00860881EE0003F72
:20A86C000031403FC03FC03FC03F609F007F003F007F00FC00FE00FE00FF00FD00FC03FCF4
:02A88C0000FFCB
:020000040002F8
:0E4D1D004012062C6300000006AC5E00000091
:020000040001F9
:20A88E0000010101010101010101010101010101010101010101010101010101010101018B
:20A8AE00010101010101010101010101010101010203040101010101010101010101010164
:20A8CE0001010101010101010101010101010101010101010101010101010101010101014A
:20A8EE00010101010101010101010101050101010603070101010101010501010101010115
:20A90E0001010101010101010101000101010101010101010101010101010001010101010B
:20A92E000101010101010101010101010101010108030901010101010100010101010101D9
:20A94E000101010101010101010101010A0B0C0D010101010101010101010101010101019F
:20A96E00010101010100010101010101010101010E030F010101010101010101010101018D
:20A98E00010101010101050101010101010101010101010101010101010101010101010185
:20A9AE0001010101010101010101010101010101080310111213010101010101010105011A
:20A9CE000A0B0C0D010101010101010101010101010100010101010101010105010101011C
:20A9EE00010101010101010101010001010101010E03090101010101010A0B0C0D010101E9
:20AA0E00010101010101010101010101010101010101010101010101010101010101010108
:20AA2E000101010001010101010101010101010108030F01010101010101010101010101D2
:20AA4E000101010101010101010101010101010101010101010101010101010101010101C8
:20AA6E0001010101010101010101010101141516170309010101010101010101010101014C
:20AA8E00010101010101010101010101010101010101010101010101180101010101010171
:20AAAE000118010101010119010101010101010108030F0101010101010101010101010122
:20AACE00010101010101010101010101010101010101010101051A1B1C1D1E1F01011A1B6C
:20AAEE001C1D1E1F01011A1B1C1D1E1F010101010E030901010101050101010101010101F6
:20AB0E000101010101010101010101010101010101010101010120212223242501012021FF
:20AB2E00222324250101202122232425010101010803261112130101010101010101010133
:20AB4E00190101010101010101010100010101010101010101012728292A2B2C0101272870
:20AB6E00292A2B2C01012728292A2B2C010105012D2E090101010101010101182F303132D4
:20AB8E003334333435363718010101010101010101010101010138393A3B3C3D010138393F
:20ABAE003A3B3C3D010138393A3B3C3D010101013E3F0F01010101012F30313240414243DB
:20ABCE00444544454647484935360101010101190101010101012728292A2B4A0101272840
:20ABEE00292A2B2C19012728292A2B2C010101194B4C4D4E2F303132404142434F292A5082
:20AC0E0028292A515253545546471F01011A1E1B1C1D1F01011A1C561E57581D1E1B1C5690
:20AC2E001E57581D1E1B1C561E57581D1F011A333334341B404142434F292A50593A3B5A44
:20AC4E00393A3B5B5C5D5E515253250101202421222325010120222324212223242122235F
:20AC6E0024212223242122232421222325012044444545214F292A50593A3B5A28292A2BEF
:20AC8E0028292A2B28292A5B5C5D2C0101272B28292A2C010127292A2B28292A2B28292A82
:20ACAE002B28292A2B28292A2B28292A2C01275F292A2B28593A3B5A28292A2B393A3B3C83
:20ACCE00393A3B3C393A3B393A3B3D0101383C393A3B3D0101383A3B3C393A3B3C393A3BFF
:20ACEE003C393A3B3C393A3B3C393A3B3D0138593A3B3C393A3B3C28292A2B3C28292A2B96
:2067CC00600000FF10FF18FF38EF64C728EF10FF00FF00FF00FF00FF00FF00FF00FF00FFB8
:2067EC0000FFFE81BE819E819F809D82BD82BD82F5CAFF00FF00FF00FF00FF00FF00FF003D
:20680C00FF00FC07EC17EC17EC17CC37D82FB80F380F08FF18FF14F726E347C336F31CF7D1
:20682C0008FF75CA67D86FD06FD07DC27CC378C778C7380F780FDC27DC27DC27DC27DE2372
:20684C00FE037FC077C075C265C225E225E22FE027F8BE031A071A073F017B05F907F90758
:20686C00DD0300FF00FF00FF00FF01FF03FF7FFFFFFF07FF1FFF3FF87FF0FFEEF3B3F8005D
:20688C00FFFF80FFF8FFFC7F8F0FE303F981F8E0FFFF00FF00FF00FF00FF80FFC0FF7E7FF2
:2068AC00FFFF27F827F867D86FD0FB80DBA0D3A0F380FE03FE03FC07EC17EC17EE13F60B29
:2068CC00B60BBF031A071B063F017B05F907F907DD03FFFF4780F30F7E0FF01FE0FF00FF06
:2068EC0000FFFFFFFF38C7FF00FF00FF00FF00FF00FFFEFFF101FEE31CFF06FF03FF00FFA6
:20690C0000FF7FFF8F807FC738FF60FFC0FF00FF00FFFFFFFF1CE3FF00FF00FF00FF00FF4F
:20692C0000FFFFFFE201CFF07EF00FF807FF00FF00FFE7F827F8E7586F50FB80DBA0D3A0CE
:20694C00F38000FF08FF08FF18FF1CF71CE73EEB7FC904FF04FF04FF26FF26FB6EFB7FD105
:20696C00FF9101FF03FF03FE07FE07FC0EF90EF90EF9F8FFCF3FE11E619E03FC38C73EC15B
:20698C007F80F9FFFF1FFE0DFF18FF007A8520DF00FFF1FF3EDF7C833EC118E743BC00FFB0
:2069AC009E61FFFF3FC00FF0C23DF00FE01FC43B0CF380FFE0FFE03FF03F18FF04FF748F0C
:2069CC00F40F07FC03FC03FC01FE00FF00FE00FE00FC7C83798633CC817E804362891CE308
:2069EC00003F738CF807F00DE01800F2000081206681DF20CE3100DF4D8230CF807A887042
:206A0C0007D81EE108B7001C1409629C01F640238064E41F48BF10FF003F003F007F009FA3
:206A2C00003FFF03FE03FF04EC14ED14EF13F60BB60B00FC00FE00FE00FF00FD00FC03FC51
:206A4C0000FF008300010009E2093CC3807F00D8000818E7003C428429C610EF00FE02C422
:206A6C002146000F1804300CE01E01F2007300C0618010E008310798700FC03110E04C3093
:206A8C008678403FC03FC03FC03F609F007F003F007F27F827F867D86FD0FB80FBBBDFC4A4
:206AAC00FFB0FF00FF00FF00FF00FF00FFDCF322FF0C00FF00FF00FF00FF1EFF7FF3FFC0DB
:206ACC007E8100FF00FF03FF3FFE7FE1FCC33CC311EE00FF1EFFBFF1F8E783FC0FF0DF2029
:206AEC00CF307FFFFC83F98673CC03FC9966DC238976FFFF00FF00FF40FF20FF23FF03FF56
:206B0C000FFF8FFF70FF02FF04FF04FF04FF81FFE1FF00FF78FFFD8F1FE7C13FF00FFB04EE
:206B2C00F30C00FF00FFC0FFFC7FFE873FC33CC3887700FF00FF00FF00FF78FFFECFFF034B
:206B4C007E8100FE00FE00FE00FF00FE00FC00FC00FF0428730CC13E00E70807308EC038E6
:206B6C0000E21867807C30C110E00C30031C000F000416E10C33011E00010E01E81630CCFE
:206B8C00007803CC00070001C00860891EE1003F0031007F007F00FF00BF003F601FC03F01
:206BAC0000FF7FD87FD278D07DD534FC30FE38E738E0FF187F481F08BFA82F380F7C1FE492
:206BCC001F043CC311EE03FC817E804362891CE3003F807FF807F00DE01800F20000812018
:206BEC00668141BE00FF00DF4D8230CF807A887007D802FC06B80618130C619E01F64023D4
:206C0C0080643FFFBFFFFFFFFFFFFFFF7B7B33332121F3FFFBFFFFFFFFFFFFFFCFCF8E8658
:206C2C00968C827D00FF00FBB2410CF3015E110EE01B01FE1FE00FB00718004F0000810412
:206C4C0066813CC38877C03F817E01C2469138C700FCFEFF3FC19F61CE33C03F99663BC4B5
:206C6C00916E443FC43FC43FE63F66BB6E7B7F51FF913CE03EE07EE07FF1FEF3BEB3BEB316
:206C8C00FAF33F043F043F04FF8C7FCC5FCC5FCC4FCCBE233A273A277F657F45FF57FF8BC0
:206CAC00FF8920FF20FF20FF64FF64DF76DFFE8BFF89008300010009E2093CC3007F00D809
:206CCC00000810E008300798700FC03010E04C3086780807100CE0190EF0030C0807320C82
:206CEC00611E00F018200C300778804F00CE0003860118E7003C4221946308F7007F402389
:206D0C00846200C10080009047903CC300FE001B0010403F601D6018C8308679806F02C491
:206D2C000126F5F93EDF7C833EC118E743BC00FF9E61FEF9CF3FE11E619E03FC38C73EC11B
:206D4C007F80FBFDFF1FFE0DFF18FF007A8520DF00FF0428730CC13E00E70807300EC0381E
:206D6C0000E203CC00070001C00860881EE0003F0031C03300E0008003100611780700FC38
:206D8C00008C688730CC80780080708017680C33001E18E6013E0C830807300CC03800F02D
:206DAC0000202014CE30837C00E710E00C70031C00470003000100096209BC4300FF0098AF
:026DCC000008BD
:020000040002F8
:0E4D2B00401205CC67000000068E68000000F4
:020000040001F9
:20AD0E00000000000000000000000000000000000000000000010000000000000000000024
:20AD2E000000000002030304000000000000000000000000000000000000000000000000F9
:20AD4E000000000000000000000000000000000000000000000000000000000000000000E5
:20AD6E000000000005030306000000000000000000000000000000000000000000000700AD
:20AD8E0000000000000007000000000000000000000000000000000000000000000000009E
:20ADAE00000000000203030400000000000000000000000000000700000000000000000072
:20ADCE00000000000000000000000000000000010000000000000000000008090A0B00003E
:20ADEE00000000000503030600000100000000000000000000000000000000000000000033
:20AE0E00000000000000000000000000000000000000000000000000000000000000000024
:20AE2E00000000000203030C00000000000000000000000000000000000000000D0E0000D5
:20AE4E000000000000000000000000000000000000000F101112000000000000070000009B
:20AE6E00000000000503031300000000000000000700000000000000000000141516171831
:20AE8E0008090A0B0000000000000000000000000000191A1B1C0000000000000000000014
:20AEAE00000000000203030C0000000000000000000000001D000000000000000000000053
:20AECE0000000000000000001E1F12000000000000000000200000000000000000000000F5
:20AEEE0000000000050303130000000000000000000F1011211200000000000000000700BC
:20AF0E000000000000001E1F22231C00000000000000000000000000000000000000000085
:20AF2E002425262702030328292A2B000000000000191A1B2C1C0000000000000000000029
:20AF4E00000000001E1F22232D2E2F000F10111200000700000000000F111200000000005C
:20AF6E0000000100050303130000000000000000000030000000000F1121120000313200BE
:20AF8E0000001E1F22232D2E33343500191A1B1C0000000000000000191B1C000000000070
:20AFAE00000000000203030C000000000000000000000000000000191B2C1C000036370086
:20AFCE00381F22232D2E333439332F00003A000000000F2112000000000700000F111200B5
:20AFEE0000000000050303130000000000000000000000000000000030000000003B3C007E
:20B00E003D232D2E33343933333E3500000000000000192C1C00000000000000191B1C003D
:20B02E00000000000203030C0000003F4041101121120000000000000000001E42434445AE
:20B04E00462E33343933333E47332F00000000000000000000000000000000000000000081
:20B06E00000000480549034A1D000000004B1A1B2C1C000000000000000000224C4D4E4FA2
:20B08E003E34333E47502D46512D35000000000000000000000000070000000000000000FB
:20B0AE0042434445424352454243444500000000530000000000480000010050542D465542
:20B0CE0051502D465139333E47332F000000000001000000000000000000000000000000A9
:20B0EE004C4D4E4F4C4D4E4F4C4D4E4F000000000000000F101121120000003956333E3409
:20B10E004739333E47502D46512D2F00000000000000000000000000000000000000000079
:20B12E0000000000000000000000000000000000000000191A1B2C1C00000050542D4655FF
:20B14E005139333E4739333E47333500000000000000000000000000000000000000000046
:20B16E000000000000000000000000070000000000000000300000000000003956333E3456
:20B18E00570000FF00FF00FF00FF00FF00FF00FF00FF00FF10FF18FF38EF64C728EF10FFB5
:20B1AE0000FFFE81BE819E819F809D82BD82BD82F5CAFF00FF00FF00FF00FF00FF00FF0031
:20B1CE00FF00FC07EC17EC17EC17CC37D82FB80F380F75CA67D86FD06FD07DC27CC378C785
:20B1EE0078C7380F780FDC27DC27DC27DC27DE23FE0308FF18FF14F726E347C336F31CF7AE
:20B20E0008FF00FF00FF00FF00FF01FF03FF7FFFFFFF07FF1FFF3FF87FF0FFEEF3B3F8004A
:20B22E00FFFF80FFF8FFFC7F8F0FE303F981F8E0FFFF00FF00FF00FF00FF80FFC0FF7E7F06
:20B24E00FFFFFE03FE03FC07EC17EC17EE13F60BB60B00FF01FF07FF0CFC1BF837F07FE06E
:20B26E00DFC000FFE0FF303F181FCC0FE407F607FB0301FF03FF03FE07FE07FC0EF90EF9C3
:20B28E000EF9F9FFFF1FFE0DFF18FF007A8520DF00FFF1FF3EDF7C833EC118E743BC00FF5D
:20B2AE009E6180FFE0FFE03FF03F18FF04FF748FF40FBE031A071A073F017B05F907F907F2
:20B2CE00DD0303FF07FF0FFC1FFC7FF8FFFE0FFF00FFFF80FF0EFB3BE161FC00FF00FFF0E3
:20B2EE007FFFF901FC00FF00FFC07F708F00FF0FFCFFF0FF1C1FCF0FE101F000FF0FF8FFA8
:20B30E0000FF00FF00FFC0FFF0FF3F3FF8FF00FF00FF07FC03FC03FC01FE00FF00FE00FE06
:20B32E0000FC738CF807F00DE01800F2000081206681DF20CE3100DF4D8230CF807A8870F9
:20B34E0007D8E41F48BF10FF003F003F007F009F003F20FF20FF20FF64FF64DF76DFFE8B2B
:20B36E00FF8900FF00FF03FF3FFE7FE1FCC33CC311EE7FFFFC83F98673CC03FC9966DC2325
:20B38E008976FF89FE8B76DF64DF64FF20FF20FF20FFFFFF3FC00FF0C23DF00FE01FC43B3F
:20B3AE000CF3807FF807F00DE01800F200008120668102FC06B80618130C619E01F64023C1
:20B3CE0080647FFF8F807FC738FF60FFC0FF00FF00FFFFFFFF1CE3FF00FF00FF00FF00FF5E
:20B3EE0000FFFFFFE201CFF07EF00FF807FF00FF00FFFFFF00FFC03F03008700FFFF00FFA4
:20B40E0000FFFF03FE03FF04EC14ED14EF13F60BB60BFFFF4780F30F7E0FF01FE0FF00FF13
:20B42E0000FFFFFFFF38C7FF00FF00FF00FF00FF00FFFEFFF101FEE31CFF06FF03FF00FF18
:20B44E0000FF1EE108B7001C1409629C01F64023806418E7003C428429C610EF00FE02C4F9
:20B46E00214610E008300798700FC03010E04C308678403FC03FC03FC03F609F007F003F7E
:20B48E00007FFF917FD16EFB26FB26FF04FF04FF04FF00FF00FF00FF00FF00FF3BFF5FC42F
:20B4AE003FF000FF00FF00FF00FF00FFDCFFF223FC0F1867807C30C110E00C30031C000F93
:20B4CE00000403CC00070001C00860881EE0003F0031007F007F00FF00BF003F601FC03FEC
:20B4EE0000FF1FF81FF218F01DF514FC30FE38E738E0F81F784F180FB8AF283F0C7F1CE727
:20B50E001C0700FF1EFFBFF1F8E783FC0FF0DF20CF300428730CC13E00E70807308EC0387D
:20B52E0000E2FE937CD738E738EF18FF10FF10FF00FF3CE03EE03EE03FF1FEF3BEB3BEB362
:20B54E007AF33C273C273C27FCEF7CCF7EDFFE8BFF8941BE00FF00DF4D8230CF807A887006
:20B56E0007D816E10C33011E00010E01E81630CC00783FFF7FE0F7FF00FF00FF00FF00FF78
:20B58E0000FFFFFF1F1FCF01FECF30FF00FF00FF00FFFFFFCF3FE11E619E03FC38C73EC192
:20B5AE007F80FFFF00FF00FF40FF20FF23FF03FF0FFF8FFF70FF02FF04FF04FF04FF81FF6B
:20B5CE00E1FFFEFF01FF00FF00FF80FFC0FFC0FFF0FF77FF88FF28FF30FF10FF10FF00FF26
:20B5EE0000FF000F1804300CE01E01F2007300C0618003CC00070001C00860891EE1003F0C
:20B60E00003100FF10FF10FF18FF38EF38E77CD7FE93FF20FF20FF20FF64FF44FF56FF8AAC
:20B62E00FF89BE031A0F1A0F3F197F15FD07FF2BFF497C83798633CC817E804362891CE356
:20B64E00003F3FFFBFFFFFFFFFFFFFFF7B7B33332121F3FFFBFFFFFFFFFFFFFFCFCF8E8671
:20B66E00968CFEFFFFFFFFFFFFFFFFFFFDFDE0E0606102FF43FF63FFF3FFF6FEF6FEBCBC33
:20B68E001818008300010009E2093CC3807F00D8000810E008310798700FC03110E04C3072
:20B6AE008678FFFF01FF00FF00FF80FFC0FFC0FFF0FF7FC93EEB1CE71CF718FF08FF08FFEA
:20B6CE0000FF0003000100096209BC4300FF0098000818E9083007987007C03010E04C309C
:12B6EE0086780428730CC13E00E70807300EC03800E294
:020000040002F8
:0E4D39004012068E71000000060E6D00000094
:20217500000102030405060708090A0B0C0D0E0F101112131415161718191A1B1C1D1E1F5A
:20219500202122232425262728292A2B2C2D2E2F303132333435363738393A3B3C3D3E3F3A
:2021B500404142434445464748494A4B4C4D4E4F505152535455565758595A5B5C5D5E5F1A
:2021D500606162636465666768696A6B6C6D6E6F707172737475767778797A7B7C7D7E7FFA
:2021F500808182838485868788898A8B8C8D8E8F909192939495969798999A9B9C9D9E9FDA
:20221500A0A1A2A3A4A5A6A7A8A9AAABACADAEAFB0B1B2B3B4B5B6B7B8B9BABBBCBDBEBFB9
:20223500C0C1C2C3C4C5C6C7C8C9CACBCCCDCECFD0D1D2D3D4D5D6D7D8D9DADBDCDDDEDF99
:20225500E0E1E2E3E4E5E6E7E8E9EAEBECEDEEEFF0F1F2F3F4F5F6F7F8F9FAFBFCFDFEFF79
:20227500000102030405060708090A0B0C0D0E0F101112131415161718191A1B1C1D1E1F59
:20229500202122232425262728292A2B2C2D2E2F303132333435363738393A3B3C3D3E3F39
:2022B500404142434445464748494A4B4C4D4E4F505152535455565758595A5B5C5D5E5F19
:0822D5006061626364656667E5
:020000040000FA
:20830E006801000000000000000000000000000000000000000000000000000000000000E6
:20832E0000000000000000000000000000000000000000000000000000000000000000002F
:20834E0000000000000000000000000000000000000000000000000000000000000000000F
:20836E000000000000000000000000000000000000000000000000000000000000000000EF
:20838E000000000000000000000000000000000000000000000000000000000000000000CF
:2083AE000000000000000000000000000000000000000000000000000000000000000000AF
:2083CE0000000000000000000000000000000000000000000000000000000000000000008F
:2083EE0000000000000000000000000000000000000000000000000000000000000000006F
:20840E0000000000000000000000000000000000000000000000000000000000000000004E
:20842E0000000000000000000000000000000000000000000000000000000000000000002E
:20844E0000000000000000000000000000000000000000000000000000000000000000000E
:20846E000000000000000000000000000000000000000000000000000000000000000000EE
:20848E000000000000000000000000000000000000000000000000000000000000000000CE
:2084AE000000000000000000000000000000000000000000000000000000000000000000AE
:2084CE0000000000000000000000000000000000000000000000000000000000000000008E
:2084EE0000000000000000000000000000000000000000000000000000000000000000006E
:20850E0000000000000000000000000000000000000000000000000000000000000000004D
:20852E0000000000000000000000000000000000000000000000000000000000000000002D
:20854E0000000000000000000000000000000000000000000000000000000000000000000D
:20856E000000000000000000000000000000000000000000000000000000000000000000ED
:20858E000000000000000000000000000000000000000000000000000000000000000000CD
:2085AE000000000000000000000000000000000000000000000000000000000000000000AD
:2085CE0000000000000000000000000000000000000000000000000000000000000000008D
:2085EE0000000000000000000000000000000000000000000000000000000000000000006D
:20860E0000000000000000000000000000000000000000000000000000000000000000004C
:20862E0000000000000000000000000000000000000000000000000000000000000000002C
:20864E0000000000000000000000000000000000000000000000000000000000000000000C
:20866E000000000000000000000000000000000000000000000000000000000000000000EC
:20868E000000000000000000000000000000000000000000000000000000000000000000CC
:2086AE000000000000000000000000000000000000000000000000000000000000000000AC
:2086CE0000000000000000000000000000000000000000000000000000000000000000008C
:2086EE0000000000000000000000000000000000000000000000000000000000000000006C
:20870E0000000000000000000000000000000000000000000000000000000000000000004B
:20872E0000000000000000000000000000000000000000000000000000000000000000002B
:20874E0000000000000000000000000000000000000000000000000000000000000000000B
:20876E000000000000000000000000000000000000000000000000000000000000000000EB
:20878E000000000000000000000000000000000000000000000000000000000000000000CB
:2087AE000000000000000000000000000000000000000000000000000000000000000000AB
:2087CE0000000000000000000000000000000000000000000000000000000000000000008B
:2087EE0000000000000000000000000000000000000000000000000000000000000000006B
:20880E0000000000000000000000000000000000000000000000000000000000000000004A
:20882E0000000000000000000000000000000000000000000000000000000000000000002A
:20884E00000000000000000000000000000000000000C1C1C1C1C1C1C1C1C1C1C1C1C1C17C
:20886E00E3E383838F8F9E9EB8B8B8B8B0B0B0B0B0B0C1C1F1F179791D1D1D1D0D0D0D0DC6
:20888E000D0D83838383838383838383838383838383000000000000000000000000000080
:2088AE000000303030303030303030303030303030301B1B1B1B181818181818181818184E
:2088CE001818FEFEFEFE707070707070707070707070C0C0C0C0F0F0F0F0F8F8D8D8DCDC0A
:2088EE00CCCC636363636363636363636363636363630000000000000000000000000000A2
:20890E00000000000000000000000000000000000000000000000000000000000000000049
:20892E00000000000000000000000000000000000000000000000000000000000000000029
:20894E00000000000000000000000000000000000000000000000000000000000000000009
:20896E000000000000000000000000000000000000000000000000000000000000000000E9
:20898E0000000000000000000000000000000000000077773E3E1C1C1C1C1C1C1C1C1C1C47
:2089AE001C1C303030303030383838381E1E0F0F03030D0D0D0D0D0D1D1D1D1D7979F0F07D
:2089CE00C0C083838383838383838383C7C7FEFE7C7C000000000000000000000000000069
:2089EE000000313131313333333337373F3F1F1F0C0C1818181898989898D8D8F8F8F3F351
:208A0E006363707070707070707070707070FEFEFEFECECEC7C7C3C3C3C3C1C1C1C1C0C090
:208A2E00C0C0636363636363E3E3E3E3E0E06363636300000000000000000000000000007E
:208A4E00000000000000000000000000000000000000000000000000000000000000000008
:208A6E000000000000000000000000000000000000000000000000000000000000000000E8
:208A8E000000000000000000000000000000000000000000000000000000000000000000C8
:208AAE000000000000000000000000000000000000000000000000000000000000000000A8
:208ACE00000000000000000000000000000000000000000000000000000000000000000088
:208AEE00000000000000000000000000000000000000000000000000000000000000000068
:208B0E00000000000000000000000000000000000000000000000000000000000000000047
:208B2E00000000000000000000000000000000000000000000000000000000000000000027
:208B4E00000000000000000000000000000000000000000000000000000000000000000007
:208B6E000000000000000000000000000000000000000000000000000000000000000000E7
:208B8E000000000000000000000000000000000000000000000000000000000000000000C7
:208BAE000000000000000000000000000000000000000000000000000000000000000000A7
:208BCE00000000000000000000000000000000000000000000000000000000000000000087
:208BEE00000000000000000000000000000000000000000000000000000000000000000067
:208C0E00000000000000000000000000000000000000000000000000000000000000000046
:208C2E00000000000000000000000000000000000000000000000000000000000000000026
:208C4E00000000000000000000000000000000000000000000000000000000000000000006
:208C6E000000000000000000000000000000000000000000000000000000000000000000E6
:208C8E000000000000000000000000000000000000000000000000000000000000000000C6
:208CAE000000000000000000000000000000000000000000000000000000000000000000A6
:208CCE00000000000000000000000000000000000000000000000000000000000000000086
:208CEE00000000000000000000000000000000000000000000000000000000000000000066
:208D0E00000000000000000000000000000000000000000003030404030300000404030323
:208D2E0000000000E0E00808C8C828282929C6C6000000002020BCBCA2A2A2A2A2A2BCBC9B
:208D4E000101000040400E0E51515F5F50504F4F8080000001013D3D4141414141413C3C4F
:208D6E000000000000000000E0E000000000E0E0000000000202020202020202020201014F
:208D8E000000000010101515161614141414E4E40000000014148484575754545454535363
:208DAE000000000000001E1EA0A01C1C0202BCBC0000000000000000000000000000000075
:208DCE00000000001F1F101010101F1F101010100000000040401616595951515151515145
:208DEE000000000001013D3D454545454D4D3535000000001E1E21212020272721211F1F45
:208E0E0000000000000058586565414141414040000000000000F3F3141414143434D3D302
:208E2E00000000004040CECE51515F5F5050CFCF000000000000000000000000000000006A
:208E4E00000000000000000000000000000000000000000000000000000000000000000004
:208E6E000000000000000000000000000000000000000000000000000000000000000000E4
:208E8E000000000000000000000000000000000000000000000000000000000000000000C4
:208EAE000000000000000000000000000000000000000000000000000000000000000000A4
:208ECE00000000000000000000000000000000000000000000000000000000000000000084
:208EEE00000000000000000000000000000000000000000000000000000000000000000064
:208F0E00000000000000000000000000000000000000000000000000000000000000000043
:208F2E00000000000000000000000000000000000000000000000000000000000000000023
:208F4E00000000000000000000000000000000000000000000000000000000000000000003
:208F6E000000000000000000000000000000000000000000000000000000000000000000E3
:208F8E0000000000000000000000000000000000000000003D3D41414141414141413D3DC7
:208FAE000000000009099A9A696908080A0A090900000000F3F30404E4E414141414E3E389
:208FCE0000000000C3C32525010101012121C7C7000000003E3E0101060601010101BFBFD3
:208FEE00000000003030505010101010101078780000000000000000000000000000000013
:20900E00000000001F1F00000303000000001F1F0000000007078C8C0A0A89898888A7A716
:20902E00000000008080404040404040C0C080800000000000000000000000000000000022
:20904E00000000000000000000000000000000000000000000000000000000000000000002
:20906E000000000000000101000000000000010100000000C1C14343424242424242E9E978
:20908E0000000000E0E01010909050503030E0E00000000000000000000000000000000002
:2090AE000000000000000000000000000000000000000000000000000000000000000000A2
:2090CE00000000000000000000000000000000000000000000000000000000000000000082
:2090EE00000000000000000000000000000000000000000000000000000000000000000062
:20910E00000000000000000000000000000000000000000000000000000000000000000041
:20912E00000000000000000000000000000000000000000000000000000000000000000021
:20914E00000000000000000000000000000000000000000000000000000000000000000001
:20916E000000000000000000000000000000000000000000000000000000000000000000E1
:20918E000000000000000000000000000000000000000000000000000000000000000000C1
:2091AE000000000000000000000000000000000000000000000000000000000000000000A1
:2091CE00000000000000000000000000000000000000000000000000000000000000000081
:2091EE00000000000000000000000000000000000000000000000000000000000000000061
:20920E00000000000000000000000000000000000000000000000000000000000000000040
:20922E00000000000000000000000000000000000000000000000000000000000000000020
:20924E00000000000000000000000000000000000000000000000000000000000000000000
:20926E000000000000000000000000000000000000000000000000000000000000000000E0
:20928E000000000000000000000000000000000000000000000000000000000000000000C0
:2092AE000000000000000000000000000000000000000000000000000000000000000000A0
:2092CE00000000000000000000000000000000000000000000000000000000000000000080
:2092EE00000000000000000000000000000000000000000000000000000000000000000060
:20930E0000000000000000000000000000000000000000000000000000000000000000003F
:20932E0000000000000000000000000000000000000000000000000000000000000000001F
:20934E000000000000000000000000000000000000000000000000000000000000000000FF
:20936E000000000000000000000000000000000000000000000000000000000000000000DF
:20938E000000000000000000000000000000000000000000000000000000000000000000BF
:2093AE0000000000000000000000000000000000000000000000000000000000000000009F
:2093CE0000000000000000000000000000000000000000000000000000000000000000007F
:2093EE0000000000000000000000000000000000000000000000000000000000000000005F
:20940E0000000000000000000000000000000000000000000000000000000000000000003E
:20942E0000000000000000000000000000000000000000000000000000000000000000001E
:20944E000000000000000000000000000000000000000000000000000000000000000000FE
:20946E000000000000000000000000000000000000000000000000000000000000000000DE
:20948E000000000000000000000000000000000000000000000000000000000000000000BE
:2094AE0000000000000000000000000000000000000000000000000000000000000000009E
:2094CE0000000000000000000000000000000000000000000000000000000000000000007E
:2094EE0000000000000000000000000000000000000000000000000000000000000000005E
:20950E0000000000000000000000000000000000000000000000000000000000000000003D
:20952E0000000000000000000000000000000000000000000000000000000000000000001D
:20954E000000000000000000000000000000000000000000000000000000000000000000FD
:20956E000000000000000000000000000000000000000000000000000000000000000000DD
:20958E000000000000000000000000000000000000000000000000000000000000000000BD
:2095AE0000000000000000000000000000000000000000000000000000000000000000009D
:2095CE0000000000000000000000000000000000000000000000000000000000000000007D
:2095EE0000000000000000000000000000000000000000000000000000000000000000005D
:20960E0000000000000000000000000000000000000000000000000000000000000000003C
:20962E0000000000000000000000000000000000000000000000000000000000000000001C
:20964E000000000000000000000000000000000000000000000000000000000000000000FC
:20966E000000000000000000000000000000000000000000000000000000000000000000DC
:20968E000000000000000000000000000000000000000000000000000000000000000000BC
:2096AE0000000000000000000000000000000000000000000000000000000000000000009C
:2096CE0000000000000000000000000000000000000000000000000000000000000000007C
:2096EE0000000000000000000000000000000000000000000000000000000000000000005C
:20970E0000000000000000000000000000000000000000000000000000000000000000003B
:20972E0000000000000000000000000000000000000000000000000000000000000000001B
:20974E000000000000000000000000000000000000000000000000000000000000000000FB
:20976E000000000000000000000000000000000000000000000000000000000000000000DB
:20978E000000000000000000000000000000000000000000000000000000000000000000BB
:2097AE0000000000000000000000000000000000000000000000000000000000000000009B
:2097CE0000000000000000000000000000000000000000000000000000000000000000007B
:2097EE0000000000000000000000000000000000000000000000000000000000000000005B
:20980E0000000000000000000000000000000000000000000000000000000000000000003A
:20982E0000000000000000000000000000000000000000000000000000000000000000001A
:20984E000000000000000000000000000000000000000000000000000000000000000000FA
:20986E000000000000000000000000000000000000000000000000000000000000000000DA
:20988E000000000000000000000000000000000000000000000000000000000000000000BA
:2098AE0000000000000000000000000000000000000000000000000000000000000000009A
:2098CE0000000000000000000000000000000000000000000000000000000000000000007A
:2098EE0000000000000000000000000000000000000000000000000000000000000000005A
:20990E00000000000000000000000000000000000000000000000000000000000000000039
:20992E00000000000000000000000000000000000000000000000000000000000000000019
:20994E000000000000000000000000000000000000000000000000000000000000000000F9
:20996E000000000000000000000000000000000000000000000000000000000000000000D9
:02998E000000D7
:020000040002F8
:1E4D47001412020E4300000008756100000000003E3EC1C1CE8ECC84C484F8F8000015
:2022DD0000001F1F3F223F293F243F243F243F293F223F24233C1D1E0203010100000000E4
:2022FD000000F8F8FC44FC94FC24FC24FC24FC94FC44FC44C43CB87840C080800000000061
:204D650000001F1F3F203F263F2F3F2F3F2F3F273F233F21233C1D1E020301010000000019
:204D85000000F8F8FC04FC64FCF4FCF4FCF4FCE4FCC4FC84C43CB87840C08080000000009E
:204DA500000000000F0F1F102F302F304F7047784F7E4F7E273E213E181F040705070303B3
:204DC50000000000F8F8FC04FE02FE02FF01FF01FF39FF39FE32FE82FC8CF010F050E0E036
:020000040001F9
:2019F9000000000000000000000000000000000000000000000000000000000000000000CE
:201A1900000102030405060708090A0B0C0D0E0F101112131415161718191A1B1C1D1E1FBD
:201A3900202122232425262728292A2B2C2D2E2F303132333435363738393A3B3C3D3E3F9D
:201A5900404142434445464748494A4B4C4D4E4F505152535455565758595A5B5C5D5E5F7D
:201A7900605F0C6162636465666768696A5F6B5F5F6C076D026E6F7071726873745F6B7563
:201A99005F49767778797A7B7C7D7E7F805F8182838485868788898A8B8C838D5F5F5F8ED4
:201AB9008F909192939495969798999A9B9C9D9E9FA0A1A2A3A4A5A6A7A8A9AAABACADAE3D
:201AD900AFB0B1B2B3B4B5B6B7B8B9BA9B9C9D9EBBBCBDBEBFC0C1C2C3C4C5C6C7C8C9CADD
:201AF900040307080706070404040707040703080808080808080808080804040707070600
:201B19000808080808080808080707070808080808080808070807080807070408040506C0
:201B39000407070707070607070305070307070707070707060707070707070503050808C1
:201B590008080707050508080808080804070608080808080807080808080808080808087C
:201B790008080808080808080808080808080808080808080808080808080808080808084C
:201B9900080808080808080808080808070607070707070707080707070707070707070740
:201BB9000707070707080808080808000000000000000000000000000000000000404040F9
:201BD900404040404000004040000000006C6C242448480000000000000000000024247EB6
:201BF9007E242424247E7E24240000101038385454505038381414545438380000000048AA
:201C1900481010202048480000000000003030484850502020545448483434000060602023
:201C39002040400000000000000000000020204040404040404040202000000000404020CB
:201C59002020202020202040400000000000001010545438385454101000000000000010FB
:201C79001010107C7C10101010000000000000000000006060202040400000000000000063
:201C9900007C7C0000000000000000000000000000000000000000404000000000020204AB
:201CB900040808101020204040000000003C3C626252524A4A46463C3C0000000018182847
:201CD900280808080808083C3C000000003C3C424202023C3C40407E7E000000007C7C022D
:201CF900020C0C020202027E7E000000004040404048487E7E08080808000000007E7E40C5
:201D1900407C7C020202027C7C000000003C3C40407C7C424242423C3C000000007E7E0204
:201D3900020404080810102020000000003C3C42423C3C424242423C3C000000003C3C4262
:201D59004242423E3E02023C3C00000000606060600000000060606060000000006060608C
:201D79006000006060606020204040000000000C0C3030404030300C0C000000000000003A
:201D9900007C7C00007C7C00000000000000006060181804041818606000000000303048AA
:201DB900480808303000002020000000001C1C22224D4D555555552E2E000000003C3C4292
:201DD9004242427E7E42424242000000007C7C42427C7C424242427C7C000000003C3C42F2
:201DF900424040404042423C3C000000007C7C42424242424242427C7C000000007E7E4050
:201E1900407C7C404040407E7E000000007E7E404040407C7C40404040000000003C3C42C7
:201E39004240404E4E42423E3E000000004242424242427E7E42424242000000007C7C1093
:201E5900101010101010107C7C000000007C7C1010101010101010606000000000444448F9
:201E790048505070704848444400000000404040404040404040407E7E0000000042426603
:201E9900665A5A424242424242000000004242626252524A4A46464242000000003C3C4239
:201EB900424242424242423C3C000000007C7C424242427C7C40404040000000003C3C4211
:201ED9004242424A4A44443A3A000000007C7C424242427C7C42424242000000003E3E40D7
:201EF900403C3C020242423C3C000000007C7C1010101010101010101000000000424242B3
:201F1900424242424242423C3C000000004444444444442828282810100000000042424244
:201F39004242425A5A66664242000000004242242418181818242442420000000044442816
:201F5900281010101010101010000000007C7C04040808101020207C7C0000000060604058
:201F79004040404040404060600000000040402020101008080404020200000000606020EC
:201F99002020202020202060600000000020205050000000000000000000000000000000A8
:201FB900000000000000007878000000004040202000000000000000000000000000003C1C
:201FD9003C444444444C4C3434000000004040787844444444444478780000000000003C68
:201FF9003C4040404040403C3C0000000004043C3C4444444444443C3C00000000000038CC
:202019003844447C7C40403C3C00000000383840404040787840404040000000000000385F
:2020390038444444443C3C04047878000040407878444444444444444400000000404000BF
:20205900004040404040404040000000001010000010101010101010106060000040404443
:20207900444848707048484444000000004040404040404040404040400000000000006C0F
:202099006C5454444444444444000000000000585864644444444444440000000000003833
:2020B900384444444444443838000000000000787844444444444478784040000000003C93
:2020D9003C4444444444443C3C040400000000585864644040404040400000000000003C5F
:2020F9003C40403838040478780000000040404040787840404040383800000000000044FF
:2021190044444444444C4C343400000000000044444444282828281010000000000000443E
:20213900444444444454546C6C00000000000044442828101028284444000000000000449E
:202159004444444444282810106060000000007C7C0808101020207C7C0000000010102042
:20217900202020404020202020101040404040404040404040404040404040000040402026
:202199002020201010202020204040000000000000000032324C4C000000005555AAAA5557
:2021B90055AAAA5555AAAA5555AAAA00003838404070707070404038380000000000000CB5
:2021D9000C1010383810106060000000000000000000006C6C2424484800000000000000BA
:2021F90000000000000000545400000000000020207070202020200000000000000000205E
:2022190020707020207070202000000000101028280000000000000000000000000000488D
:2022390048101020204A4A00000000282810103C3C40403838040478780000000000000871
:20225900081010202010100808000000003E3E48484E4E484848483E3E0000282810107C9D
:202279007C0808101020207C7C00000000606040402020000000000000000000006C6C48C1
:202299004824240000000000000000000000000000303078787878303000000000000000F5
:2022B900000000383800000000000000000000000000007C7C000000000000000000001489
:2022D9001428280000000000000000000000007A7A2E2E2A2A0000000000000000000020BD
:2022F90020101008081010202000000000000000003C3C4A4A4C4C3E3E00000000282800A5
:202319000044442828101010101010000010103C3C5050505050503C3C10100000383844A8
:20233900444040F0F040407C7C000000000000444438382828383844440000444428281040
:20235900107C7C10107C7C10100000101010101010000000001010101010101C1C20207874
:202379007844443838080870700000000024240000000000000000000000003C3C42429907
:2023990099A1A1A1A1999942423C3C38384848585868680000000000000000000000001445
:2023B900142828505028281414000000000000000000003C3C0404000000003C3C4242B953
:2023D900B9A5A5B9B9A5A542423C3C00000000000078780000000000000000000030304891
:2023F90048484830300000000000000000000010103838101000003838000030304848106C
:202419001020207878000000000000707008083838080870700000000000000404080800FB
:2024390000000000000000000000000000404048484848484874744040000000003A3A7AFD
:202459007A7A7A3A3A0A0A0A0A0000000000000000181818180000000000000000000000F9
:202479000000000000080804040808000060602020202070700000000000000000000028D3
:202499002814140A0A141428280000000010100000303040404848303000002020101000F7
:2024B900003C3C42427E7E424200000404080800003C3C42427E7E4242000018182424007B
:2024D900003C3C42427E7E424200001414282800003C3C42427E7E4242000000002424002B
:2024F900003C3C42427E7E424200001818181800003C3C42427E7E4242000000001E1E1817
:202519001828283E3E48484E4E000000003C3C42424040404042423C3C080820201010002A
:20253900007E7E40407C7C40407E7E0404080800007E7E40407C7C40407E7E141428280012
:20255900007E7E40407C7C40407E7E0000242400007E7E40407C7C40407E7E2020101000DA
:20257900001010101010101010101008081010000010101010101010101010101028280062
:2025990000101010101010101010100000282800001010101010101010101000007C7C4258
:2025B900424242F2F242427C7C0000141428280000626252524A4A4646000020201010007C
:2025D900003C3C424242423C3C00000404080800003C3C424242423C3C0000181824240062
:2025F900003C3C424242423C3C00001414282800003C3C424242423C3C0000000024240012
:20261900003C3C424242423C3C00000000000044442828101028284444000000003E3E4617
:20263900464A4A525262627C7C00002020101042424242424242423C3C0000040408084205
:20265900424242424242423C3C00001818242400004242424242423C3C0000000024240057
:20267900004242424242423C3C0000040408084444282810101010101000000000404070FD
:20269900704848484870704040000000007878444448484444444458580000202010100009
:2026B900003C3C44444C4C343400000404080800003C3C44444C4C34340000181824240071
:2026D900003C3C44444C4C343400001414282800003C3C44444C4C34340000000024240021
:2026F900003C3C44444C4C343400001818181800003C3C44444C4C34340000000000000061
:20271900003C3C4A4A5C5C2E2E0000000000003C3C4040404040403C3C08082020101000A0
:2027390000383844447C7C40403C3C040408080000383844447C7C40403C3C181824240020
:2027590000383844447C7C40403C3C000024240000383844447C7C40403C3C00000A0A0430
:20277900043A3A4444444438380000141428280000585864644444444400002020101000E8
:202799000038384444444438380000080810100000383844444444383800001010282800A0
:2027B900003838444444443838000014142828000038384444444438380000000028280058
:2027D900003838444444443838000000000000101000007C7C000010100000000000003C7C
:2027F9003C4C4C5454646478780000202010100000444444444C4C34340000000000000814
:20281900081C1C3E3E7F7F00000000000000007F7F3E3E1C1C08080000000004040C0C1CE7
:202839001C3C3C1C1C0C0C040400002020303038383C3C3838303020200000003C187E2405
:20285900FF3CFF25FE25FE027C3C00003C387E24FF38FF25FE39FE027C3C0003FFF959F978
:032879005AC45BE3
:020000040002F8
:204DE5003F007F3FC040DF5FF050D050F050F050FF00FFFF0000FFFF000000000000000098
:204E0500FC00FEFC0302FBFA0F0A0B0A0F0A0F0AF050F050F050F050F050F050F050F0503D
:204E2500000000000000000000000000000000000F0A0F0A0F0A0F0A0F0A0F0A0F0A0F0AA5
:204E4500D070F050D070F050DF7FC07F7F3F3F000000000000000000FFFF00FFFFFFFF00B9
:104E65000B0E0F0A0B0E0F0AFBFE03FEFEFCFC00E9
:020000040000FA
:0405600026CF57BD8E
:209990003E1C3E1C3E1C3E1C3E1C3E1C3E1C3E1C3E1C3E1C3E1C3E1C3E1C3E1C3E1C3E1C17
:2099B0000A1D20005A00002020005A00002020005A00001D20005A00002020005A00002071
:2099D00020005A00001D20005A00001C20005A00001B20005A00001820005A00001B20006E
:2099F0005A00001820005A00001B20005A00001D20005A00001D20005A00001820005A0016
:209A1000001620005A00001420005A00001120005A00001420005A00001620005A00001857
:209A300020005A00001620005A00001420005A00001920005A00005A00005A0000182000FF
:209A50005A00005A00005A00001120005A00005A00005A00005A00005A00005A00005A0041
:209A7000005A00005A00005A00005A00005A00005A00005A00005A00005A00005A00005AF8
:209A900000005A00005A00005A00005A00005A00005A00005A00005A00005A00005A000032
:209AB0005A00005A00005A00005A00005A00005A00005A00005A00005A00005A00005A00B8
:209AD000005A00005A00005A00005A00005A00005A00005A00005A00005A00005A00005A98
:209AF00000005A00005A00005A00005A00005A00005A00005A00005A00005A00005A0000D2
:209B10005A00005A00005A00005A00005A00005A00005A00005A00005A00005A00005A0057
:209B3000001140005A00005A00005A00005A00005A00005A00005A00005A00005A00001387
:209B500040005A00001140005A00000F40005A00000C40005A00005A00005A00005A000053
:209B70005A00005A00005A00005A00005A00005A00005A00005A00005A00000E40005A0003
:209B9000000F40005A00005A00005A00005A00005A00005A00005A00005A00005A0000112B
:209BB00040005A00000F40005A00000E40005A00000A40005A00005A00005A00005A0000F8
:209BD0005A00005A00005A00005A00005A00000840005A00000A40005A00000840005A00CB
:209BF000005A00001140005A00001140005A00005A00005A00005A00005A00005A00005A89
:209C100000005A00005A00005A00005A00005A00005A00000C40005A00000C40005A0000CC
:209C30005A00005A00005A00005A00005A00005A00005A00005A00005A00005A00005A0036
:209C5000005A00000F40005A00000F40005A00005A00005A00005A00005A00005A00005A2C
:209C700000005A00005A00005A00005A00005A00005A00005A00005A00005A00005A000050
:209C90005A00005A00005A00005A00005A00005A00005A00005A00005A00005A00005A00D6
:209CB000001140005A00005A00005A00005A00005A00005A00005A00005A00005A00001306
:209CD00040005A00001140005A00000F40005A00000C40005A00005A00005A00005A0000D2
:209CF0005A00005A00005A00005A00005A00005A00005A00005A00005A00000E40005A0082
:209D1000000F40005A00005A00005A00005A00005A00005A00005A00005A00005A000011A9
:209D300040005A00000F40005A00000E40005A00001450001650001650001650001A500028
:209D50001650001650001650001A50001650001B50001650001A5000165000165000165084
:209D70000014C0005A00005A00005A000014C0005A00005A00005A000014C0005A00005A87
:209D900000005A000014C0005A00005A00005A000014C0005A00005A00005A000014C000C1
:209DB0005A00005A00005A000014C0005A00005A00005A000014C0005A00005A00005A00C1
:209DD0000014C0005A00005A00005A000014C0005A00005A00005A000014C0005A00005A27
:209DF00000005A000014C0005A00005A00005A000014C0005A00005A00005A000014C00061
:209E10005A00005A00005A000014C0005A00005A00005A00001380005A00005A00005A00A1
:209E3000000F5000115000115000115000145000115000115000115000145000115000162E
:209E500050001150001450001150001150001150000B40000C50000C50000C50000F5000FC
:209E70000C50000C50000C50000F50000C50001150000C50000F50000C50000C50000C50D3
:209E9000000C50000F50000F50000F50001350000F50000F50000F50001350000F500014E3
:209EB00050000F50001350000F50000F50000F50001450001650001650001650001A500063
:209ED0001650001650001650001A50001650001B50001650001A5000165000165000165003
:209EF0000014C0001090005A000017100014C0005A000018100017100014C0001090005A12
:209F100000001710001380005A00001810005A000014C0000F90005A000017100014C000D3
:209F30005A000018300017100014C0001090005A00001710001380005A00001830005A00C4
:209F50000014C0001090005A000017100014C0005A00005A00001810001710001090005A2B
:209F7000000017100014C0005A00001810005A000014C0000F90005A000017100014C00032
:209F90005A000018100017100014C0001090005A00001710001380005A00001810005A00A4
:209FB000002920005A00002C20005A00003020005A00003520005A00002920005A00002C20
:209FD00020005A00003020005A00003820005A00002920005A00002C20005A000030200002
:209FF0005A00003520005A00002920005A00002C20005A00003020005A00003320005A00A8
:20A01000002920005A00002C20005A00003020005A00003520005A00002920005A00002CBF
:20A0300020005A00003020005A00003820005A00002920005A00002C20005A0000302000A1
:20A050005A00003520005A00002920005A00002C20005A00003020005A00003320005A0047
:20A07000000F500011500011500011500014500011500011500011500014500011500016EC
:20A0900050001150001450001150001150001150000B40005A00005A00005A00005A0000C5
:20A0B0005A00005A00005A00005A00005A00005A00005A00005A00005A00000E40005A00BE
:20A0D000000F40005A00005A00005A00005A00005A00005A00005A00005A00005A000011E6
:20A0F00040005A00000F40005A00000E40005A00000A40005A00005A00005A00005A0000B3
:20A110005A00005A00005A00005A00005A00000840005A00000A40005A00000840005A0085
:20A13000005A01015A01015A01015A01015A02015A02015A02015A12015A00005A00005A0D
:20A1500000005A00005A00005A00005A00005A00005A00005A00005A00005A00005A00006B
:20A170005A00005A00005A00005A00005A00005A00005A00005A00005A00005A00005A10E1
:20A19000004400004420005A00005A00005A00005A00005A00005A00005A00005A00005ADD
:20A1B00000005A00005A00005A00005A00005A00005A00005A00005A00005A00005A00000B
:20A1D0005A00005A00005A00005A00005A00005A00005A00005A00005A00005A00005A1081
:20A1F000004300004320005A00005A00005A00005A00005A00005A00005A00005A00005A7F
:20A2100000005A00005A00005A00005A00005A00005A00005A00005A00005A00005A0000AA
:20A230005A00005A00005A00005A00005A00005A00005A00005A00005A00005A00005A1020
:20A25000004200004100004000004040005A00005A00005A00005A00005A00005A00005A35
:20A2700000005A00005A00005A00005A00005A00005A00005A00005A00005A00005A00004A
:20A290005A00005A00005A00005A00005A00005A00005A00005A00005A00005A00005A10C0
:20A2B000004400004420005A00005A00005A00005A00005A00005A00005A00005A00005ABC
:20A2D00000005A00005A00005A00005A00005A00005A00005A00005A00005A00005A0000EA
:20A2F0005A00005A00005A00005A00005A00005A00005A00005A00005A00005A00005A1060
:20A31000003C00003C20005A00005A00005A00005A00005A00005A00005A00005A00005A6B
:20A3300000005A00005A00005A00005A00005A00005A00005A00005A00005A00005A000089
:20A350005A00005A00005A00005A00005A00005A00005A00005A00005A00005A00005A10FF
:20A37000003400003420005A00005A00005A00005A00005A00005A00005A00005A00005A1B
:20A3900000005A00005A00005A00005A00005A00005A00005A00005A00005A00005A000029
:20A3B0005A00005A00005A00005A00005A00005A00005A00005A00005A00005A00005A109F
:20A3D000003C00003C20005A00005A00005A00005A00005A00005A00005A00005A00005AAB
:20A3F00000005A00005A00005A00005A00005A00005A00005A00005A00005A00005A0000C9
:20A410005A00005A00005A00005A00005A00005A00005A00005A00005A00005A00005A103E
:20A43000003C00003C20005A00005A00005A00005A00005A00005A00005A00005A00005A4A
:20A4500000005A00005A00005A00005A00005A00005A00005A00005A00005A00005A000068
:20A470005A00005A00005A00005A00005A00005A00005A00005A00005A00005A00005A10DE
:20A49000003400003320005A00005A00005A00005A00005A00005A00005A00005A00005AFB
:20A4B00000005A00005A00005A00005A00005A00005A00005A00005A00005A00005A000008
:20A4D0005A00005A00005A00005A00005A00005A00005A00005A00005A00005A00005A107E
:20A4F000004400004420005A00005A00005A00005A00005A00005A00005A00005A00005A7A
:20A5100000005A00005A00005A00005A00005A00005A00005A00005A00005A00005A0000A7
:20A530005A00005A00005A00005A00005A00005A00005A00005A00005A00005A00005A101D
:20A55000003400003320005A00005A00005A00005A00005A00005A00005A00005A00005A3A
:20A5700000005A00005A00005A00005A00005A00005A00005A00005A00005A00005A000047
:20A590005A00005A00005A00005A00005A00005A00005A00005A00005A00005A00005A10BD
:20A5B000003F00003200003500002200002400002460005A00005A00005A00005A00005A59
:20A5D00000005A00005A00005A00005A00005A00005A00005A00005A00005A00005A0000E7
:20A5F0005A00005A00005A00005A00005A00005A00005A00005A00005A00005A00005A105D
:20A61000003100002F00002D00002B00002B00002B60005A00005A00005A00005A00005AFA
:20A6300000005A00005A00005A00005A00005A00005A00005A00005A00005A00005A000086
:20A650005A00005A00005A00005A00005A00005A00005A00005A00005A00005A00005A10FC
:20A67000002C00002B00002A00002900002800002860005A00005A00005A00005A00005AAE
:20A6900000005A00005A00005A00005A00005A00005A00005A00005A00005A00005A000026
:20A6B0005A00005A00005A00005A00005A00005A00005A00005A00005A00005A00005A109C
:20A6D000002400002400002400002400002400002460005A00005A00005A00005A00005A70
:20A6F00000005A00005A00005A00005A00005A00005A00005A00005A00005A00005A0000C6
:20A710005A00005A00005A00005A00005A00005A00005A00005A00005A00005A00005A103B
:20A7300000B159B159B159B159B15F715A715AF15BF15B715A715A315BB15C315E716071A3
:20A750005A715A715DF15EF15E0040B50000800080450000800000090000C00030B00000F5
:20A77000C00070B00000C000B0B00000C00000B00000800040B00000800080B000008000B9
:20A79000C0B03161801C80B20000C01980B50000804700B70000801560B70000C000800061
:20A7B0000000808020010000C08020020000C08020030000C08060040000C080600500005A
:20A7D000C08020060000C000200700008000200800008000200900008000200A00008000A1
:20A7F000200B00008000200C00008000600D00008000200E00008000200F00008051916165
:20A8100070000091F16160000091516200000092B16200000094116300000094716300001C
:20A8300000B1D163000000B13164800000B1916480000091F164800000B2516540000051D8
:20A85000B165560000B71166000000B7716680000000D16600000088888888888888888841
:20A8700088888888888888FFFF0000000000000000000000000000FFFFFFFF000000000016
:20A8900000000000000000FFFFFFFFFF0000000000000000000000FFFFFFFFFFFF000000B3
:20A8B00000000000000000FFFFFFFFFFFFFF000000000000000000FFFFFFFFFFFFFFFF0097
:20A8D00000000000000000CCCCCCCCCCCCCCCC3333333333333333AAAAAAAAAAAAAAAA55CB
:20A8F0005555555555555588888888888888887777777777777777FFFFCCCCFFFFCCCC00D1
:20A9100000333300003333FEDCBA98765432100123456789ABCDEFFFFFBA98A9873210346D
:20A93000564567BCDECDEFFFEEDDCCBBAA99887766554433221100FFFEFDFCFBFAF9F8E7F4
:20A95000D6C5B4A39281700000000000000000000000000000000007B05931673B6745677C
:0CA970004F675967B3670D68905967681E
:20E9F4003E1C3E1C3E1C3E1C3E1C3E1C3E1C3E1C3E1C3E1C3E1C3E1C3E1C3E1C3E1C3E1C63
:20EA1400121C10005A00005A00005A00002810005A00005A00005A00001C10005A00005A70
:20EA340000005A00002810005A00005A00005A00001C10005A00005A00005A0000281000B0
:20EA54005A00005A00005A00001C10005A00005A00005A00002810005A00005A00005A0014
:20EA7400003410002E10002C10002E10003410002E10002C10002E10003410002E10002CDC
:20EA940010002E10003410002E10002C10002E10003410002E10002C10002E1000341000D8
:20EAB4002E10002C10002E10003410002E10002C10002E10003410002E10002C10002E1092
:20EAD4000010D0005A00005A00005A000004D0005A00005A00005A000010D0005A00005ABE
:20EAF40000005A000004D0005A00005A00005A000010D0005A00005A00005A000004D00004
:20EB14005A00005A00005A000010D0005A00005A00005A000004D0005A00005A00005A0003
:20EB3400005A00005A00005A00005A00005A00005A00005A00005A00005A00005A00005AE3
:20EB540000005A00005A00005A00005A00005A00005A00005A00005A00005A00005A00001D
:20EB74005A00005A00005A00005A00005A00005A00005A00005A00005A00005A00005A00A3
:20EB9400005A00005A00005A00005A00005A00005A00005A00005A00005A00005A00005A83
:20EBB40000005A00005A00005A00005A00005A00005A00005A00005A00005A00005A0000BD
:20EBD4005A00005A00005A00005A00005A00005A00005A00005A00005A00005A00005A0043
:20EBF400005A00005A00005A00005A00005A00005A00005A00005A00005A00005A00005A23
:20EC140000005A00005A00005A00005A00005A00005A00005A00005A00005A00005A00005C
:20EC34005A00005A00005A00005A00005A00005A00005A00005A00005A00005A00005A00E2
:20EC5400002110002110005A00005A00002110002110005A00005A000021100021100020F2
:20EC740010002010002110002110005A00005A00002110005A00002110005A0000221000E2
:20EC94002210002210005A00002110005A00002110005A00002210002210002210005A009C
:20ECB400002110002110005A00005A00002110002110005A00005A00002110002110002092
:20ECD40010002010002110002110005A00005A00002110005A00002110005A000022100082
:20ECF4002210002210005A00002110005A00002110005A00002210002210002210005A003C
:20ED1400001AD0001AD0005A00005A00001AD0001AD0005A00005A00001AD0001AD0005AA1
:20ED340000005A00001AD0001AD0005A00005A00001AD0005A00001AD0005A000019D0006C
:20ED540019D00019D0005A00001AD0005A00001AD0005A000019D00019D00019D0005A00D6
:20ED74000026D00026D0005A00005A000026D00026D0005A00005A000026D00026D0005AF9
:20ED940000005A000026D00026D0005A00005A000026D0005A000026D0005A000027D000CE
:20EDB40027D00027D0005A000026D0005A000026D0005A000027D00027D00027D0005A0018
:20EDD400005A00005A00005A00005A00005A00005A00005A00005A00005A00005A00005A41
:20EDF40000005A00005A00005A00005A00005A00005A00005A00005A00005A00005A00007B
:20EE14005A00005A00005A00005A00005A00005A00005A00005A00005A00005A00005A0000
:20EE3400000E10005A00005A00005A00000E10005A00005A00005A00000E10005A00005A94
:20EE540000005A00000E10005A00005A00005A00000E10005A00005A00005A00000F1000CD
:20EE74005A00005A00005A00000E10005A00005A00005A00000F10005A00005A00005A0017
:20EE9400002910005A00002910005A00002610005A00005A00005A00002610002610002662
:20EEB40010002610002610005A00002610002610002610005A00002610005A0000261000A6
:20EED4005A00002610005A00002610005A00005A00005A00002910005A00002910005A00CA
:20EEF400002610005A00005A00005A00002610002610002610002610002610005A0000262C
:20EF140010002610002610005A00002610005A00002610005A00002610005A000026100021
:20EF34005A00005A00005A00002110002110005A00005A00002110002110005A00005A0083
:20EF54000024D0005A000024D0005A00001AD0005A00005A00005A00002DD0005A00002D85
:20EF7400D0005A00002DD0005A00002BD0005A00002BD0005A00002ED0005A00002ED000FC
:20EF94005A00002DD0005A00002DD0002BD0002ED0005A000030D0005A000030D0005A00A8
:20EFB400001AD0005A00005A00005A00002DD0005A00002DD0005A00002DD0005A00002B15
:20EFD400D0005A00002BD0005A00002ED0005A00002ED0005A00002DD0005A00002DD0009A
:20EFF4002BD0002ED0005A00001AD0001AD0005A00005A00001AD0001AD0005A00005A009A
:20F01400005A00005A00005A00005A00005A00005A00005A00005A00001510005A00001578
:20F0340010005A00001510005A00001310005A00001310005A00001610005A000016100033
:20F054005A00001510005A00001510001310001610005A00005A00005A00005A00005A0093
:20F07400005A00005A00005A00005A00001510005A00001510005A00001510005A00001384
:20F0940010005A00001310005A00001610005A00001610005A00001510005A0000151000D1
:20F0B4001310001610005A00005A00005A00005A00005A00005A00005A00005A00005A00C9
:20F0D400002310005A00001F10005A00002810005A00002310005A00002B10005A0000232F
:20F0F40010005A00002E10005A00002B10005A00005A00005A00005A00005A00005A0000A3
:20F114002F10002F10005A00003010005A00002F10005A00002E10005A00002F10002F10BA
:20F13400005A00005A00005A00003010005A00002F10005A00003210005A00005A00003153
:20F1540010005A00005A00003010005A00005A00002F10002F10002F10005A00005A000072
:20F174005A00005A00005A00005A00005A00002E10005A00002B10005A00002E10005A00F4
:20F19400001CD0005A00001CD0005A00001CD0005A00001CD0005A00001CD0005A00001CE1
:20F1B400D0005A00001CD0005A00001CD0005A00001CD0005A00001CD0005A00001CD0000D
:20F1D40017D00017D0005A000018D0005A000017D0005A000016D0005A000017D00017D062
:20F1F400005A000017D0005A000017D0005A000017D0005A000017D0005A000017D0005A5C
:20F21400000017D0005A000017D0005A000017D0005A000017D0005A000017D0005A000095
:20F2340017D0005A000017D0005A00005A000018D0005A000018D0005A000018D0005A0018
:20F25400000B10005A00000710005A00005A00001010000B10005A00001310005A00000B3D
:20F2740010005A00001610005A00001310005A00005A00005A00005A00005A00005A000051
:20F294000B10000B10005A00005A00005A00000B10000B10005A00005A00005A00000B10B7
:20F2B400000B10005A00005A00005A00000B10000B10005A00005A00005A00000B10000BA7
:20F2D40010005A00005A00005A00000B10000B10005A00005A00005A00000B10000B100082
:20F2F4005A00005A00000B10005A00005A00000C10005A00000C10005A00000C10005A0015
:20F31400002B10005A00002E10002D10002B10005A00002A10005A00002B10005A00002EDD
:20F3340010002D10002B10005A00002A10005A00002B10005A00002D10005A00002B1000DC
:20F354005A00002E10005A00002B10005A00002F10005A00002B10005A00002F10005A004B
:20F37400002B10005A00002F10002D10002B10005A00002A10005A00002B10005A00002F7B
:20F3940010002D10002B10005A00002A10005A00002B10005A00002D10005A00002B10007C
:20F3B4005A00002F10005A00002B10005A00002E10005A00002B10005A00002E10005A00EC
:20F3D4000018D0005A000018D0005A000018D0005A000018D0005A000018D0005A000018B7
:20F3F400D0005A000018D0005A000018D0005A000018D0005A000018D0005A000018D000DF
:20F414005A000018D0005A000018D0005A000023D0005A000023D0005A000023D0005A0013
:20F434000023D0005A000023D0005A000023D0005A000023D0005A000023D0005A00002314
:20F45400D0005A000023D0005A000023D0005A000023D0005A000023D0005A000023D00047
:20F474005A000023D0005A000023D0005A000018D0005A000018D0005A000018D0005A00BE
:20F49400000C10005A00000C10005A00000C10005A00000C10005A00000C10005A00000CFE
:20F4B40010005A00000C10005A00000C10005A00000C10005A00000C10005A00000C1000DA
:20F4D4005A00000C10005A00000C10005A00001710005A00001710005A00001710005A004F
:20F4F400001710005A00001710005A00001710005A00001710005A00001710005A0000175C
:20F5140010005A00001710005A00001710005A00001710005A00001710005A000017100042
:20F534005A00001710005A00001710005A00000C10005A00000C10005A00000C10005A00F9
:20F55400002B10005A00002E10002D10002B10005A00002A10005A00002B10005A00002E9B
:20F5740010002D10002B10005A00002A10005A00002B10005A00002D10005A00002B10009A
:20F594005A00002E10005A00002B10005A00002F10005A00002B10005A00002F10005A0009
:20F5B400002B10005A00002F10002D10002B10005A00002A10005A00002B10005A00002F39
:20F5D40010002D10002B10005A00002A10005A00002B10005A00002D10005A00002B10003A
:20F5F4005A00002F10005A00002B10005A00002F10005A00002B10005A00002810005A00AF
:20F614000018D0005A000018D0005A000018D0005A000018D0005A000018D0005A00001874
:20F63400D0005A000018D0005A000018D0005A000018D0005A000018D0005A000018D0009C
:20F654005A000018D0005A000018D0005A000023D0005A000023D0005A000023D0005A00D1
:20F674000023D0005A000023D0005A000023D0005A000023D0005A000023D0005A000023D2
:20F69400D0005A000023D0005A000023D0005A000023D0005A000023D0005A000023D00005
:20F6B4005A000023D0005A000018D0005A000018D0005A00005A00005A00005A00005A00A3
:20F6D400000C10005A00000C10005A00000C10005A00000C10005A00000C10005A00000CBC
:20F6F40010005A00000C10005A00000C10005A00000C10005A00000C10005A00000C100098
:20F714005A00000C10005A00000C10005A00001710005A00001710005A00001710005A000C
:20F73400001710005A00001710005A00001710005A00001710005A00001710005A00001719
:20F7540010005A00001710005A00001710005A00001710005A00001710005A000017100000
:20F774005A00001710005A00000C10005A00000C10005A00005A00005A00005A00005A0046
:20F79400005A01015A01015A01015A01015A02015A02015A02015A12015A00005A00005A53
:20F7B40000005A00005A00005A00005A00005A00005A00005A00005A00005A00005A0000B1
:20F7D4005A00005A00005A00005A00005A00005A00005A00005A00005A00005A00005A1027
:20F7F400004400004420005A00005A00005A00005A00005A00005A00005A00005A00005A23
:20F8140000005A00005A00005A00005A00005A00005A00005A00005A00005A00005A000050
:20F834005A00005A00005A00005A00005A00005A00005A00005A00005A00005A00005A10C6
:20F85400004300004320005A00005A00005A00005A00005A00005A00005A00005A00005AC4
:20F8740000005A00005A00005A00005A00005A00005A00005A00005A00005A00005A0000F0
:20F894005A00005A00005A00005A00005A00005A00005A00005A00005A00005A00005A1066
:20F8B400004200004100004000004040005A00005A00005A00005A00005A00005A00005A7B
:20F8D40000005A00005A00005A00005A00005A00005A00005A00005A00005A00005A000090
:20F8F4005A00005A00005A00005A00005A00005A00005A00005A00005A00005A00005A1006
:20F91400004400004420005A00005A00005A00005A00005A00005A00005A00005A00005A01
:20F9340000005A00005A00005A00005A00005A00005A00005A00005A00005A00005A00002F
:20F954005A00005A00005A00005A00005A00005A00005A00005A00005A00005A00005A10A5
:20F97400003C00003C20005A00005A00005A00005A00005A00005A00005A00005A00005AB1
:20F9940000005A00005A00005A00005A00005A00005A00005A00005A00005A00005A0000CF
:20F9B4005A00005A00005A00005A00005A00005A00005A00005A00005A00005A00005A1045
:20F9D400003400003420005A00005A00005A00005A00005A00005A00005A00005A00005A61
:20F9F40000005A00005A00005A00005A00005A00005A00005A00005A00005A00005A00006F
:20FA14005A00005A00005A00005A00005A00005A00005A00005A00005A00005A00005A10E4
:20FA3400003C00003C20005A00005A00005A00005A00005A00005A00005A00005A00005AF0
:20FA540000005A00005A00005A00005A00005A00005A00005A00005A00005A00005A00000E
:20FA74005A00005A00005A00005A00005A00005A00005A00005A00005A00005A00005A1084
:20FA9400003C00003C20005A00005A00005A00005A00005A00005A00005A00005A00005A90
:20FAB40000005A00005A00005A00005A00005A00005A00005A00005A00005A00005A0000AE
:20FAD4005A00005A00005A00005A00005A00005A00005A00005A00005A00005A00005A1024
:20FAF400003400003320005A00005A00005A00005A00005A00005A00005A00005A00005A41
:20FB140000005A00005A00005A00005A00005A00005A00005A00005A00005A00005A00004D
:20FB34005A00005A00005A00005A00005A00005A00005A00005A00005A00005A00005A10C3
:20FB5400004400004420005A00005A00005A00005A00005A00005A00005A00005A00005ABF
:20FB740000005A00005A00005A00005A00005A00005A00005A00005A00005A00005A0000ED
:20FB94005A00005A00005A00005A00005A00005A00005A00005A00005A00005A00005A1063
:20FBB400003400003320005A00005A00005A00005A00005A00005A00005A00005A00005A80
:20FBD40000005A00005A00005A00005A00005A00005A00005A00005A00005A00005A00008D
:20FBF4005A00005A00005A00005A00005A00005A00005A00005A00005A00005A00005A1003
:20FC1400003F00003200003500002200002400002460005A00005A00005A00005A00005A9E
:20FC340000005A00005A00005A00005A00005A00005A00005A00005A00005A00005A00002C
:20FC54005A00005A00005A00005A00005A00005A00005A00005A00005A00005A00005A10A2
:20FC7400003100002F00002D00002B00002B00002B60005A00005A00005A00005A00005A40
:20FC940000005A00005A00005A00005A00005A00005A00005A00005A00005A00005A0000CC
:20FCB4005A00005A00005A00005A00005A00005A00005A00005A00005A00005A00005A1042
:20FCD400002C00002B00002A00002900002800002860005A00005A00005A00005A00005AF4
:20FCF40000005A00005A00005A00005A00005A00005A00005A00005A00005A00005A00006C
:20FD14005A00005A00005A00005A00005A00005A00005A00005A00005A00005A00005A10E1
:20FD3400002400002400002400002400002400002460005A00005A00005A00005A00005AB5
:20FD540000005A00005A00005A00005A00005A00005A00005A00005A00005A00005A00000B
:20FD74005A00005A00005A00005A00005A00005A00005A00005A00005A00005A00005A1081
:20FD940000156A556C956E556C956ED57015735575156AD56A156D556F156D556F9571D58C
:20FDB400731576D56A956BD56D1570D56D157055729574D576956B956B956B956B956B95B4
:20FDD4006B956B956B956B956B0040650000800080B50000800000090000C00030B0000021
:20FDF400C00070B00000C000B0B00000C00000B00000800040B00000800080B000008000DF
:20FE1400C0B09577801C80B20000C01980B50000804700670000801560B70000C00080005C
:20FE34000000808060010000C08020020000C08020030000C08020040000C08020050000BF
:20FE5400C08020060000C000200700008000200800008000200900008000200A00008000C6
:20FE7400200B00008000200C00008000200D00008000600E00008000200F00008091F577D0
:20FE940070000091557860000091B57800000092157900000094757900000094D5790000DE
:20FEB40000B1357A000000B1957A800000B1F57A80000091557B800000B2B57B400000B13A
:20FED400157C560000B7757C000000B7D57C80000000357D0000008888888888888888887D
:20FEF40088888888888888FFFF0000000000000000000000000000FFFFFFFF00000000003C
:20FF140000000000000000FFFFFFFFFF0000000000000000000000FFFFFFFFFFFF000000D8
:20FF340000000000000000FFFFFFFFFFFFFF000000000000000000FFFFFFFFFFFFFFFF00BC
:20FF540000000000000000CCCCCCCCCCCCCCCC3333333333333333AAAAAAAAAAAAAAAA55F0
:20FF74005555555555555588888888888888887777777777777777FFFFCCCCFFFFCCCC00F6
:20FF940000333300003333FEDCBA98765432100123456789ABCDEFFFFFBA98A98732103493
:20FFB400564567BCDECDEFFFEEDDCCBBAA99887766554433221100FFFEFDFCFBFAF9F8E71A
:20FFD400D6C5B4A39281700000000000000000000000000000000008146A957DA77DB97DA6
:0CFFF400CB7DDD7D377E917EF469EB7ED5
:020000040001F9
:20287C003E1C3E1C3E1C3E1C3E1C3E1C3E1C3E1C3E1C3E1C3E1C3E1C3E1C3E1C3E1C3E1C9C
:20289C00065A00000910005A00005A00005A00000C10005A00005A00005A00000E10005AF3
:2028BC0000005A00005A00000F10005A00001010005A00005A00005A00000910005A00002E
:2028DC000C10005A00005A00005A00000E10005A00005A00000F10005A00005A00001010ED
:2028FC00005A00000910005A00005A00005A00000C10005A00005A00005A00000E10005A99
:20291C0000005A00005A00000F10005A00001010005A00005A00005A00000910005A0000CD
:20293C000C10005A00005A00005A00000E10005A00005A00000F10005A00005A000010108C
:20295C00005A00005A00005A00005A00005A00005A00005A00005A00005A00005A00005A7D
:20297C0000005A00005A00005A00005A00005A00005A00005A00005A00005A00005A0000B7
:20299C005A00005A00005A00005A00005A00005A00005A00005A00005A00005A00005A003D
:2029BC00005A00005A00005A00005A00005A00005A00005A00005A00005A00005A00005A1D
:2029DC0000005A00005A00005A00005A00005A00005A00005A00005A00005A00005A000057
:2029FC005A00005A00005A00005A00005A00005A00005A00005A00005A00005A00005A00DD
:202A1C00005A000015D0005A00005A00005A000018D0005A00005A00005A00001AD0005A13
:202A3C0000005A00005A00001BD0005A00001CD0005A00005A00005A000015D0005A000048
:202A5C0018D0005A00005A00005A00001AD0005A00005A00001BD0005A00005A00001CD03B
:202A7C00005A000015D0005A00005A00005A000018D0005A00005A00005A00001AD0005AB3
:202A9C0000005A00005A00001BD0005A00001CD0005A00005A00005A000015D0005A0000E8
:202ABC0018D0005A00005A00005A00001AD0005A00005A00001BD0005A00005A00001CD0DB
:202ADC00005A000009D0005A00005A00005A00000CD0005A00005A00005A00000ED0005A77
:202AFC0000005A00005A00000FD0005A000010D0005A00005A00005A000009D0005A0000AC
:202B1C000CD0005A00005A00005A00000ED0005A00005A00000FD0005A00005A000010D0AA
:202B3C00005A000009D0005A00005A00005A00000CD0005A00005A00005A00000ED0005A16
:202B5C0000005A00005A00000FD0005A000010D0005A00005A00005A000009D0005A00004B
:202B7C000CD0005A00005A00005A00000ED0005A00005A00000FD0005A00005A000010D04A
:202B9C00005A01015A01015A01015A01015A02015A02015A02015A12015A00005A00005A17
:202BBC0000005A00005A00005A00005A00005A00005A00005A00005A00005A00005A000075
:202BDC005A00005A00005A00005A00005A00005A00005A00005A00005A00005A00005A10EB
:202BFC00004400004420005A00005A00005A00005A00005A00005A00005A00005A00005AE7
:202C1C0000005A00005A00005A00005A00005A00005A00005A00005A00005A00005A000014
:202C3C005A00005A00005A00005A00005A00005A00005A00005A00005A00005A00005A108A
:202C5C00004300004320005A00005A00005A00005A00005A00005A00005A00005A00005A88
:202C7C0000005A00005A00005A00005A00005A00005A00005A00005A00005A00005A0000B4
:202C9C005A00005A00005A00005A00005A00005A00005A00005A00005A00005A00005A102A
:202CBC00004200004100004000004040005A00005A00005A00005A00005A00005A00005A3F
:202CDC0000005A00005A00005A00005A00005A00005A00005A00005A00005A00005A000054
:202CFC005A00005A00005A00005A00005A00005A00005A00005A00005A00005A00005A10CA
:202D1C00004400004420005A00005A00005A00005A00005A00005A00005A00005A00005AC5
:202D3C0000005A00005A00005A00005A00005A00005A00005A00005A00005A00005A0000F3
:202D5C005A00005A00005A00005A00005A00005A00005A00005A00005A00005A00005A1069
:202D7C00003C00003C20005A00005A00005A00005A00005A00005A00005A00005A00005A75
:202D9C0000005A00005A00005A00005A00005A00005A00005A00005A00005A00005A000093
:202DBC005A00005A00005A00005A00005A00005A00005A00005A00005A00005A00005A1009
:202DDC00003400003420005A00005A00005A00005A00005A00005A00005A00005A00005A25
:202DFC0000005A00005A00005A00005A00005A00005A00005A00005A00005A00005A000033
:202E1C005A00005A00005A00005A00005A00005A00005A00005A00005A00005A00005A10A8
:202E3C00003C00003C20005A00005A00005A00005A00005A00005A00005A00005A00005AB4
:202E5C0000005A00005A00005A00005A00005A00005A00005A00005A00005A00005A0000D2
:202E7C005A00005A00005A00005A00005A00005A00005A00005A00005A00005A00005A1048
:202E9C00003C00003C20005A00005A00005A00005A00005A00005A00005A00005A00005A54
:202EBC0000005A00005A00005A00005A00005A00005A00005A00005A00005A00005A000072
:202EDC005A00005A00005A00005A00005A00005A00005A00005A00005A00005A00005A10E8
:202EFC00003400003320005A00005A00005A00005A00005A00005A00005A00005A00005A05
:202F1C0000005A00005A00005A00005A00005A00005A00005A00005A00005A00005A000011
:202F3C005A00005A00005A00005A00005A00005A00005A00005A00005A00005A00005A1087
:202F5C00004400004420005A00005A00005A00005A00005A00005A00005A00005A00005A83
:202F7C0000005A00005A00005A00005A00005A00005A00005A00005A00005A00005A0000B1
:202F9C005A00005A00005A00005A00005A00005A00005A00005A00005A00005A00005A1027
:202FBC00003400003320005A00005A00005A00005A00005A00005A00005A00005A00005A44
:202FDC0000005A00005A00005A00005A00005A00005A00005A00005A00005A00005A000051
:202FFC005A00005A00005A00005A00005A00005A00005A00005A00005A00005A00005A10C7
:20301C00003F00003200003500002200002400002460005A00005A00005A00005A00005A62
:20303C0000005A00005A00005A00005A00005A00005A00005A00005A00005A00005A0000F0
:20305C005A00005A00005A00005A00005A00005A00005A00005A00005A00005A00005A1066
:20307C00003100002F00002D00002B00002B00002B60005A00005A00005A00005A00005A04
:20309C0000005A00005A00005A00005A00005A00005A00005A00005A00005A00005A000090
:2030BC005A00005A00005A00005A00005A00005A00005A00005A00005A00005A00005A1006
:2030DC00002C00002B00002A00002900002800002860005A00005A00005A00005A00005AB8
:2030FC0000005A00005A00005A00005A00005A00005A00005A00005A00005A00005A000030
:20311C005A00005A00005A00005A00005A00005A00005A00005A00005A00005A00005A10A5
:20313C00002400002400002400002400002400002460005A00005A00005A00005A00005A79
:20315C0000005A00005A00005A00005A00005A00005A00005A00005A00005A00005A0000CF
:20317C005A00005A00005A00005A00005A00005A00005A00005A00005A00005A00005A1045
:20319C00009D689D689D685D691D6A1D6A5D69DD6ADD6A5D695D695D690040640000800066
:2031BC0080B50000800000090000C00030B00000C00070B00000C000B0B00000C00000B025
:2031DC000000800040B00000800080B000008000C0B09D6B801C80B20000C01980B50000DF
:2031FC00804700670000801560B70000C00080000000808020010000C08020020000C080D6
:20321C0020030000C08020040000C08020050000C08020060000C0002007000080002008B1
:20323C0000008000200900008000200A00008000200B00008000200C00008000400D0000FB
:20325C008000200E00008000200F00008091FD6B700000915D6C60000091BD6C0000009206
:20327C001D6D000000947D6D00000094DD6D000000B13D6E000000B19D6E800000B1FD6E98
:20329C00800000915D6F800000B2BD6F400000B11D70560000B77D70000000B7DD708000DB
:2032BC0000003D7155000088888888888888888888888888888888FFFF0000000000000071
:2032DC0000000000000000FFFFFFFF000000000000000000000000FFFFFFFFFF00000000DB
:2032FC0000000000000000FFFFFFFFFFFF00000000000000000000FFFFFFFFFFFFFF0000BF
:20331C0000000000000000FFFFFFFFFFFFFFFF0000000000000000CCCCCCCCCCCCCCCC3306
:20333C0033333333333333AAAAAAAAAAAAAAAA55555555555555558888888888888888775D
:20335C0077777777777777FFFFCCCCFFFFCCCC0000333300003333FEDCBA987654321001DF
:20337C0023456789ABCDEFFFFFBA98A987321034564567BCDECDEFFFEEDDCCBBAA99887791
:20339C0066554433221100FFFEFDFCFBFAF9F8E7D6C5B4A392817000000000000000000074
:1C33BC0000000000000000089C689D71A371A971AF71B5710F7269727C68C372F2
:206DCE003E1C3E1C3E1C3E1C3E1C3E1C3E1C3E1C3E1C3E1C3E1C3E1C3E1C3E1C3E1C3E1C05
:206DEE00065A00005A00000D10005A00000B10005A00000D10005A00001010005A000012DC
:206E0E0010005A00000D10005A00005A00005A00005A00005A00000D10005A00000B100089
:206E2E005A00000D10005A00001010005A00001210005A00000D10005A00005A00000D108F
:206E4E00005A00005A00000D10005A00000B10005A00000D10005A00001010005A00001281
:206E6E0010005A00000D10005A00005A00005A00005A00005A00000D10005A00000B100029
:206E8E005A00000D10005A00001010005A00001210005A00000D10005A00005A00005A00F2
:206EAE00005A00005A00005A00005A00005A00005A00005A00005A00005A00005A00005AE6
:206ECE0000005A00005A00005A00005A00005A00005A00005A00005A00005A00005A000020
:206EEE005A00005A00005A00005A00005A00005A00005A00005A00005A00005A00005A00A6
:206F0E00005A00005A00005A00005A00005A00005A00005A00005A00005A00005A00005A85
:206F2E0000005A00005A00005A00005A00005A00005A00005A00005A00005A00005A0000BF
:206F4E005A00005A00005A00005A00005A00005A00005A00005A00005A00005A00005A0045
:206F6E00005A00005A00005A00005A00005A00005A00005A00005A00005A00005A00005A25
:206F8E0000005A000001B0005A000001B00001B0005A000001B0005A00005A00005A000003
:206FAE005A00005A00005A00005A00005A00005A00005A000001B0005A000001B00001B0E0
:206FCE00005A000001B0005A00005A00005A00005A00005A00005A00005A00005A00005A6E
:206FEE0000005A000001B0005A000001B00001B0005A000001B0005A00005A00005A0000A3
:20700E005A00005A00005A00005A00005A00005A00005A000001B0005A000001B00001B07F
:20702E00001380005A00005A00005A00005A00005A00005A00005A00005A00005A00005A2B
:20704E0000005A00005A00005A00005A00005A00001380005A00005A00005A00005A000065
:20706E005A00005A00005A00005A00005A00005A00005A00005A00005A00005A00005A0024
:20708E00001380005A00005A00005A00005A00005A00005A00005A00005A00005A00005ACB
:2070AE0000005A00005A00005A00005A00005A00001380005A00005A00005A00005A000005
:2070CE005A00005A00005A00005A00005A00005A00005A00005A00005A00005A00005A00C4
:2070EE00005A01015A01015A01015A01015A02015A02015A02015A12015A00005A00005A80
:20710E0000005A00005A00005A00005A00005A00005A00005A00005A00005A00005A0000DD
:20712E005A00005A00005A00005A00005A00005A00005A00005A00005A00005A00005A1053
:20714E00004400004420005A00005A00005A00005A00005A00005A00005A00005A00005A4F
:20716E0000005A00005A00005A00005A00005A00005A00005A00005A00005A00005A00007D
:20718E005A00005A00005A00005A00005A00005A00005A00005A00005A00005A00005A10F3
:2071AE00004300004320005A00005A00005A00005A00005A00005A00005A00005A00005AF1
:2071CE0000005A00005A00005A00005A00005A00005A00005A00005A00005A00005A00001D
:2071EE005A00005A00005A00005A00005A00005A00005A00005A00005A00005A00005A1093
:20720E00004200004100004000004040005A00005A00005A00005A00005A00005A00005AA7
:20722E0000005A00005A00005A00005A00005A00005A00005A00005A00005A00005A0000BC
:20724E005A00005A00005A00005A00005A00005A00005A00005A00005A00005A00005A1032
:20726E00004400004420005A00005A00005A00005A00005A00005A00005A00005A00005A2E
:20728E0000005A00005A00005A00005A00005A00005A00005A00005A00005A00005A00005C
:2072AE005A00005A00005A00005A00005A00005A00005A00005A00005A00005A00005A10D2
:2072CE00003C00003C20005A00005A00005A00005A00005A00005A00005A00005A00005ADE
:2072EE0000005A00005A00005A00005A00005A00005A00005A00005A00005A00005A0000FC
:20730E005A00005A00005A00005A00005A00005A00005A00005A00005A00005A00005A1071
:20732E00003400003420005A00005A00005A00005A00005A00005A00005A00005A00005A8D
:20734E0000005A00005A00005A00005A00005A00005A00005A00005A00005A00005A00009B
:20736E005A00005A00005A00005A00005A00005A00005A00005A00005A00005A00005A1011
:20738E00003C00003C20005A00005A00005A00005A00005A00005A00005A00005A00005A1D
:2073AE0000005A00005A00005A00005A00005A00005A00005A00005A00005A00005A00003B
:2073CE005A00005A00005A00005A00005A00005A00005A00005A00005A00005A00005A10B1
:2073EE00003C00003C20005A00005A00005A00005A00005A00005A00005A00005A00005ABD
:20740E0000005A00005A00005A00005A00005A00005A00005A00005A00005A00005A0000DA
:20742E005A00005A00005A00005A00005A00005A00005A00005A00005A00005A00005A1050
:20744E00003400003320005A00005A00005A00005A00005A00005A00005A00005A00005A6D
:20746E0000005A00005A00005A00005A00005A00005A00005A00005A00005A00005A00007A
:20748E005A00005A00005A00005A00005A00005A00005A00005A00005A00005A00005A10F0
:2074AE00004400004420005A00005A00005A00005A00005A00005A00005A00005A00005AEC
:2074CE0000005A00005A00005A00005A00005A00005A00005A00005A00005A00005A00001A
:2074EE005A00005A00005A00005A00005A00005A00005A00005A00005A00005A00005A1090
:20750E00003400003320005A00005A00005A00005A00005A00005A00005A00005A00005AAC
:20752E0000005A00005A00005A00005A00005A00005A00005A00005A00005A00005A0000B9
:20754E005A00005A00005A00005A00005A00005A00005A00005A00005A00005A00005A102F
:20756E00003F00003200003500002200002400002460005A00005A00005A00005A00005ACB
:20758E0000005A00005A00005A00005A00005A00005A00005A00005A00005A00005A000059
:2075AE005A00005A00005A00005A00005A00005A00005A00005A00005A00005A00005A10CF
:2075CE00003100002F00002D00002B00002B00002B60005A00005A00005A00005A00005A6D
:2075EE0000005A00005A00005A00005A00005A00005A00005A00005A00005A00005A0000F9
:20760E005A00005A00005A00005A00005A00005A00005A00005A00005A00005A00005A106E
:20762E00002C00002B00002A00002900002800002860005A00005A00005A00005A00005A20
:20764E0000005A00005A00005A00005A00005A00005A00005A00005A00005A00005A000098
:20766E005A00005A00005A00005A00005A00005A00005A00005A00005A00005A00005A100E
:20768E00002400002400002400002400002400002460005A00005A00005A00005A00005AE2
:2076AE0000005A00005A00005A00005A00005A00005A00005A00005A00005A00005A000038
:2076CE005A00005A00005A00005A00005A00005A00005A00005A00005A00005A00005A10AE
:2076EE0000EF6DEF6DEF6DAF6E6F6F6F6FAF6EAF6EAF6EAF6EAF6E2F70004055000080004A
:20770E0080B50000800000090000C00030B00000C00070B00000C000B0B00000C00000B08D
:20772E000000800040B00000800080B000008000C0B0EF70801C80620000C01980B5000040
:20774E00804700B70000801560B70000C00080000000808020010000C08020020000C080EE
:20776E0020030000C08020040000C08020050000C08020060000C00020070000800020081A
:20778E0000008000200900008000200A00008000200B00008000200C00008000200D000084
:2077AE008000200E00008000200F000080914F7170000091AF71600000910F720000009268
:2077CE006F7200000094CF72000000942F73000000B18F73000000B1EF73800000B14F74F5
:2077EE0080000091AF74800000B20F75400000B16F75560000B7CF75000000B72F7680008F
:20780E0000008F7600000088888888888888888888888888888888FFFF00000000000000D7
:20782E0000000000000000FFFFFFFF000000000000000000000000FFFFFFFFFF0000000043
:20784E0000000000000000FFFFFFFFFFFF00000000000000000000FFFFFFFFFFFFFF000027
:20786E0000000000000000FFFFFFFFFFFFFFFF0000000000000000CCCCCCCCCCCCCCCC336F
:20788E0033333333333333AAAAAAAAAAAAAAAA5555555555555555888888888888888877C6
:2078AE0077777777777777FFFFCCCCFFFFCCCC0000333300003333FEDCBA98765432100148
:2078CE0023456789ABCDEFFFFFBA98A987321034564567BCDECDEFFFEEDDCCBBAA998877FA
:2078EE0066554433221100FFFEFDFCFBFAF9F8E7D6C5B4A3928170000000000000000000DD
:1C790E000000000000000008EE6DEF76F576FB76017707776177BB77CE6D1578F1
:2033D8003E1C3E1C3E1C3E1C3E1C3E1C3E1C3E1C3E1C3E1C3E1C3E1C3E1C3E1C3E1C3E1C35
:2033F800041310005A00005A00001810005A00005A00001C10005A00005A00001F10005A95
:2034180000005A00002410005A00005A00002810005A00005A00005A00002B10005A000077
:203438005A00005A00005A00005A00005A00002810005A00005A00005A00005A00005A00B8
:20345800005A00005A00001410005A00005A00001910005A00005A00001B10005A00005A0C
:2034780000002010005A00002410005A00005A00002710005A00005A00005A00002C100041
:203498005A00005A00005A00005A00005A00005A00002710005A00005A00005A00005A0059
:2034B800000CC0005A00005A00000CC0005A00005A00000CC0005A00005A00000CC0005A4E
:2034D80000005A00000CC0005A00005A00000CC0005A00005A00005A00000CC0005A0000FA
:2034F8005A00005A00005A00005A00005A00000CC0005A00005A00005A00005A00005A0064
:20351800005A00005A000014C0005A00005A000014C0005A00005A000014C0005A00005A47
:20353800000014C0005A000014C0005A00005A000014C0005A00005A00005A000014C00007
:203558005A00005A00005A00005A00005A00005A000014C0005A00005A00005A00005A00FB
:20357800005A00005A00005A00005A00005A00005A00005A00005A00005A00005A00005A55
:2035980000005A00005A00005A00005A00005A00005A00005A00005A00005A00005A00008F
:2035B8005A00005A00005A00005A00005A00005A00005A00005A00005A00005A00005A0015
:2035D800005A00005A00005A00005A00005A00005A00005A00005A00005A00005A00005AF5
:2035F80000005A00005A00005A00005A00005A00005A00005A00005A00005A00005A00002F
:203618005A00005A00005A00005A00005A00005A00005A00005A00005A00005A00005A00B4
:20363800001610005A00005A00001A10005A00005A00001D10005A00005A00002210005A4D
:2036580000005A00002610005A00005A00005A00002910005A00005A00002E10005A00002F
:203678005A00002E10005A00002E10005A00002E10005A00005A00002E10005A00005A00C4
:20369800005A00005A00005A00005A00003010005A00005A00005A00005A00005A00005A4E
:2036B80000005A00005A00005A00005A00005A00005A00005A00005A00005A00005A00006E
:2036D8005A00005A00005A00005A00005A00005A00005A00005A00005A00005A00005A00F4
:2036F8000016C0005A00005A000016C0005A00005A000016C0005A00005A000016C0005AE4
:2037180000005A000016C0005A00005A00005A000016C0005A00005A000016C0005A000099
:203738005A000016C0005A000016C0005A000016C0005A00005A000016C0005A00005A00A3
:20375800005A00005A00005A00005A000018C0005A00005A00005A00005A00005A00005AF5
:2037780000005A00005A00005A00005A00005A00005A00005A00005A00005A00005A0000AD
:203798005A00005A00005A00005A00005A00005A00005A00005A00005A00005A00005A0033
:2037B800005A01015A01015A01015A01015A02015A02015A02015A12015A00005A00005AEF
:2037D80000005A00005A00005A00005A00005A00005A00005A00005A00005A00005A00004D
:2037F8005A00005A00005A00005A00005A00005A00005A00005A00005A00005A00005A10C3
:20381800004400004420005A00005A00005A00005A00005A00005A00005A00005A00005ABE
:2038380000005A00005A00005A00005A00005A00005A00005A00005A00005A00005A0000EC
:203858005A00005A00005A00005A00005A00005A00005A00005A00005A00005A00005A1062
:20387800004300004320005A00005A00005A00005A00005A00005A00005A00005A00005A60
:2038980000005A00005A00005A00005A00005A00005A00005A00005A00005A00005A00008C
:2038B8005A00005A00005A00005A00005A00005A00005A00005A00005A00005A00005A1002
:2038D800004200004100004000004040005A00005A00005A00005A00005A00005A00005A17
:2038F80000005A00005A00005A00005A00005A00005A00005A00005A00005A00005A00002C
:203918005A00005A00005A00005A00005A00005A00005A00005A00005A00005A00005A10A1
:20393800004400004420005A00005A00005A00005A00005A00005A00005A00005A00005A9D
:2039580000005A00005A00005A00005A00005A00005A00005A00005A00005A00005A0000CB
:203978005A00005A00005A00005A00005A00005A00005A00005A00005A00005A00005A1041
:20399800003C00003C20005A00005A00005A00005A00005A00005A00005A00005A00005A4D
:2039B80000005A00005A00005A00005A00005A00005A00005A00005A00005A00005A00006B
:2039D8005A00005A00005A00005A00005A00005A00005A00005A00005A00005A00005A10E1
:2039F800003400003420005A00005A00005A00005A00005A00005A00005A00005A00005AFD
:203A180000005A00005A00005A00005A00005A00005A00005A00005A00005A00005A00000A
:203A38005A00005A00005A00005A00005A00005A00005A00005A00005A00005A00005A1080
:203A5800003C00003C20005A00005A00005A00005A00005A00005A00005A00005A00005A8C
:203A780000005A00005A00005A00005A00005A00005A00005A00005A00005A00005A0000AA
:203A98005A00005A00005A00005A00005A00005A00005A00005A00005A00005A00005A1020
:203AB800003C00003C20005A00005A00005A00005A00005A00005A00005A00005A00005A2C
:203AD80000005A00005A00005A00005A00005A00005A00005A00005A00005A00005A00004A
:203AF8005A00005A00005A00005A00005A00005A00005A00005A00005A00005A00005A10C0
:203B1800003400003320005A00005A00005A00005A00005A00005A00005A00005A00005ADC
:203B380000005A00005A00005A00005A00005A00005A00005A00005A00005A00005A0000E9
:203B58005A00005A00005A00005A00005A00005A00005A00005A00005A00005A00005A105F
:203B7800004400004420005A00005A00005A00005A00005A00005A00005A00005A00005A5B
:203B980000005A00005A00005A00005A00005A00005A00005A00005A00005A00005A000089
:203BB8005A00005A00005A00005A00005A00005A00005A00005A00005A00005A00005A10FF
:203BD800003400003320005A00005A00005A00005A00005A00005A00005A00005A00005A1C
:203BF80000005A00005A00005A00005A00005A00005A00005A00005A00005A00005A000029
:203C18005A00005A00005A00005A00005A00005A00005A00005A00005A00005A00005A109E
:203C3800003F00003200003500002200002400002460005A00005A00005A00005A00005A3A
:203C580000005A00005A00005A00005A00005A00005A00005A00005A00005A00005A0000C8
:203C78005A00005A00005A00005A00005A00005A00005A00005A00005A00005A00005A103E
:203C9800003100002F00002D00002B00002B00002B60005A00005A00005A00005A00005ADC
:203CB80000005A00005A00005A00005A00005A00005A00005A00005A00005A00005A000068
:203CD8005A00005A00005A00005A00005A00005A00005A00005A00005A00005A00005A10DE
:203CF800002C00002B00002A00002900002800002860005A00005A00005A00005A00005A90
:203D180000005A00005A00005A00005A00005A00005A00005A00005A00005A00005A000007
:203D38005A00005A00005A00005A00005A00005A00005A00005A00005A00005A00005A107D
:203D5800002400002400002400002400002400002460005A00005A00005A00005A00005A51
:203D780000005A00005A00005A00005A00005A00005A00005A00005A00005A00005A0000A7
:203D98005A00005A00005A00005A00005A00005A00005A00005A00005A00005A00005A101D
:203DB80000F9733976B974F97679757975797579750040B50000800080B500008000000949
:203DD8000000C00030B00000C00070B00000C000B0B00000C00000B00000800040B000004B
:203DF800800080B000008000C0B0B977801C80B20000C01980B50000804700B700008015EC
:203E180060B70000C00080000000808020010000C08020020000C08020030000C0802004E9
:203E38000000C08020050000C08020060000C0002007000080002008000080002009000067
:203E58008000200A00008000200B00008000200C00008000200D00008000200E000080006E
:203E7800200F00008091197870000091797860000091D9780000009239790000009499793B
:203E980000000094F979000000B1597A000000B1B97A800000B1197B80000091797B800052
:203EB80000B2D97B400000B1397C560000B7997C000000B7F97C80000000597D0000008812
:203ED800888888888888888888888888888888FFFF0000000000000000000000000000FFD5
:203EF800FFFFFF000000000000000000000000FFFFFFFFFF0000000000000000000000FFB3
:203F1800FFFFFFFFFF00000000000000000000FFFFFFFFFFFFFF000000000000000000FF96
:203F3800FFFFFFFFFFFFFF0000000000000000CCCCCCCCCCCCCCCC3333333333333333AACE
:203F5800AAAAAAAAAAAAAA555555555555555588888888888888887777777777777777FF04
:203F7800FFCCCCFFFFCCCC0000333300003333FEDCBA98765432100123456789ABCDEFFF39
:203F9800FFBA98A987321034564567BCDECDEFFFEEDDCCBBAA99887766554433221100FFC3
:203FB800FEFDFCFBFAF9F8E7D6C5B4A39281700000000000000000000000000000000003AD
:143FD800F873B97DBD7DC17DC57DC97D237E7D7ED873D77EF8
:020000040002F8
:064E7500FFE400FFD0E0A5
:20231D00A08024800503FF0EF707000000000F0800000000000000000000000000000000B2
:20233D000000089678099745091946000000000400000000200015000600040BFA070000CE
:20235D0000000F1000000000000000000000000000000000000009645F090948000000001B
:20237D000000000800000000A0002D800503FF0EF707000000000F080000000000000000C1
:20239D000000000000000000000008967809334809B54800000000040000000002800100F9
:2023BD000100000FF80700000000FF1000000000000000000000000000000000000008CE0C
:1023DD00750000000000000000000000000000007B
:020000040001F9
:20792A0000000000000000000000000000000000000000000000000000000000000000003D
:20794A0000000000000000000000000000000000000000000000000000000000000000100D
:20796A0010000000000000101000000000000000000000000010100000001010000000008D
:20798A000000000000000000000000000000000000000000000000000000000000000000DD
:2079AA000000000000000000000000000000000000000000000000000000000000000010AD
:2079CA0010000000000000101000000000000000000000000010100000001010000000002D
:2079EA0000000000000000000000000000000000000000000000000000000000000000007D
:207A0A0000000000000000000000000000000000000000000000000000000000000000104C
:207A2A001001010100000010100000000000000000000000001010000000101000000000C9
:207A4A0000000000000000000000000000000000000000000000000000000000000000001C
:207A6A000000000000000000000000000000000000000000000000000000000000000010EC
:207A8A00100000000101011010010101000000000001010101101000000010100101000060
:207AAA000000000000000000000000000000000000000000000000000000000000000000BC
:207ACA00000000000000000000000000000000000000000000000000000000000101011089
:207AEA0010000000000000101000000000000000000000000010100000001010000000000C
:207B0A0000000000000000000000000000000000000000000000000000000000000000005B
:207B2A0000000000000000000000000000000000000000000000000000000000000000102B
:207B4A001000000000000010100000000000000000000000001010000000101000000000AB
:207B6A000000000000000000000000000000000000000000000000000000000000000000FB
:207B8A000000000000000000000000000000000000000000000000000000000000000010CB
:207BAA00100000000000001010000000000000000000000000101000010110100001010047
:207BCA0000000000000000000000000000000000000000000000000000000000000000009B
:207BEA0000000000000000000000000000000000000000000000000000000000000000106B
:207C0A001001010000000010100000000000000000000001011010000000101000000000E6
:207C2A0000000000000000000000000000000000000000000000000000000000000000003A
:207C4A0000000000000000000000000000000000000000000000000000000000000000100A
:207C6A00100000000000001010010100000000000000000000101000000010100000000088
:207C8A000000000000000000000000000000000000000000000000000000000000000000DA
:207CAA000000000000000000000000000000000000000000000000000000000000000010AA
:207CCA00100000000000001010000000000000000000000000101001010010100101000026
:207CEA00000000000000000000000000000000000000000000000000000001010101000076
:207D0A00000000000000000000000000000000000000000000000000000000000000001049
:207D2A001000000000000010100000000000000000000000001010000000101000000000C9
:207D4A00000000000000000000000000000000000000000000000000000000000000000019
:207D6A000000000000000000000000000000000000000000000000000000000000000000F9
:207D8A00100000000000001010000000000000000000000000101000000010100000000069
:207DAA000000000000000000000000000000000000000000000000000000000000000000B9
:207DCA000000000000000000000000000000000000000F0F0F0F0F0F0F0F0F0F0F0F0F0FC7
:207DEA000F0F0F0F0F0F0F0F0F0F0F0F0F0F0F0F0F0F0F0F0F0F0F0F0F0F0F0F0F0F0F0F99
:207E0A00000000000000000000000000000000000000000000000000000000000000000058
:207E2A000000000000000F0F0F0F0F0F0F0F0F0F0F0F000000000000000000000000000084
:207E4A00000000000000000000000000000000000000000000000000000000000000000018
:207E6A000F0F0F0F0F0F0F0F0F0F0F0F0F0F0F0F0F0F0F0F0F0F0F0F0F0F0F0F0F0F0F0F18
:207E8A000F0F0F0F0F0F00000000000000000000000000000000000000000000000000007E
:207EAA000000000000000000000000000000000000000000000000000000000000000000B8
:207ECA00000000000000000000000000000000000000000000000000000000000000000098
:207EEA00000000000000000000000000000000000000000000000000000000000000000078
:207F0A00000000000000000000000000000000000000000000000000000000000000000057
:207F2A00000000000000000000000000000000000000000000000000000000000000000037
:207F4A00000000000000000000000000000000000000000000000000000000000000000017
:207F6A000000000000000000000000000000000000000000000000000000000000000000F7
:207F8A000000000000000000000000000000000000000000000000000000000000000000D7
:207FAA000000000000000000000000000000000000000000000000000000000000000000B7
:207FCA00000000000000000000000000000000000000000000000000000000000000000097
:020000040002F8
:204E7B00251204140002002A140002002B60696702555DA50903538320140005000115FDA4
:204E9B000100FBFDFF00140004FFFC75FFFC1815FF01F86907C6005703001201190000FF9C
:204EBB00FF1A004EC80004FFFF01094ECD0A5C48090000000FF807095C603C0000000000BB
:204EDB00000000000F2000010406121FF8070992630F0000000000000000000F000000022F
:204EFB0006000FFC030937623C0000000000000000000F2000010406F0FFF8070967630F9B
:0F4F1B000000000000000000000F000000020670
:020000040001F9
:157FEA0008967809645F08CE75095C600992630937620967631D
:020000040002F8
:204F2A005F00010C09C56C014400010C08A978031600010E08A779032400010E08377B0303
:204F4A002B00010D08ED7B03070D020109A366033800010C085D7A035100010C08997C03CA
:204F6A00601200040804070007E47B09E54C052A7909754E09784E097B4E09B54E05EA7F6F
:1B4F8A00081D63092A4F09CE4E000000001400000000000000000000000000C9
:2023ED000000000000000000000000000000000000000000000000000000000000000000D0
:20240D000000000000000000000000000000000000000000000000000000000000000000AF
:20242D0000000000000000000000000000000000000000000000000000000000000000008F
:20244D0000000000000000000000000000000000000000000000000000000000000000006F
:20246D0000000000000000000000000000000000000000000000000000000000000000004F
:20248D0000000000000000000000000000000000000000000000000000000000000000002F
:2024AD0000000000000000000000000000000000000000000000000000000000000000000F
:2024CD000000000000000000000000000000000000000000000000000000000000000000EF
:2024ED000000000000000000000000000000000000000000000000000000000000000000CF
:20250D000000000000000000000000000000000000000000000000000000000000000000AE
:20252D0000000000000000000000000000000000000000000000000000000000000000008E
:08254D00000000000000000086
:204FA5002555697D02015381FF606967021815FF01F86907C60057030014120100000000A8
:204FC50000080D7509D74C08ED6309754E09784E09A54F0000000000000000000000000026
:144FE5000000000000001400000000000000000000000000A4
:20255500000000000000000000000000000000000000000000000000000000000000000066
:20257500000000000000000000000000000000000000000000000000000000000000000046
:20259500000000000000000000000000000000000000000000000000000000000000000026
:2025B500000000000000000000000000000000000000000000000000000000000000000006
:2025D5000000000000000000000000000000000000000000000000000000000000000000E6
:2025F5000000000000000000000000000000000000000000000000000000000000000000C6
:202615000000000000000000000000000000000000000000000000000000000000000000A5
:20263500000000000000000000000000000000000000000000000000000000000000000085
:20265500000000000000000000000000000000000000000000000000000000000000000065
:20267500000000000000000000000000000000000000000000000000000000000000000045
:20269500000000000000000000000000000000000000000000000000000000000000000025
:0826B50000000000000000001D
:204FF90025555D3B090353833F607FD7041815FF01F86907C60057030014120100000000CF
:2050190000080D7509474D08556509754E09784E09F94F00000000000000000000000000A2
:1450390000000000000014000000000000000000000000004F
:2026BD00208008000400FD12CC07000000000F100000000000000000000000000000000050
:2026DD00000007C77507BD5B000000000000000200000000208004000300000FF8070000C4
:2026FD000000FF10000000000000000000000000000000000000080377000000000000002C
:20271D000000000000000000020002000100000FF80700000000FF1000000000000000007A
:20273D000000000000000000000008CE750000000000000000000000000000000000000031
:20275D0000000000000000000000000000000000000000000000000000000000000000005C
:20277D0000000000000000000000000000000000000000000000000000000000000000003C
:20279D00000000000000000000000000000000000000000002020202000000000000000014
:2027BD0000000000000000000F0F0F0F000000000000000000000000000000000F0F0F0F84
:2027DD0000000000000000000000000000000F0F0F0F0F0F0F0F0000000000000000000064
:2027FD000000000000000000000000000000000000000000000000000000000000000000BC
:20281D0000000000000000000000000000000000000000000000000000000000000000009B
:20283D00000000000000000000000000000000000001010101010101010101000000000071
:20285D000F000000000000000000000000000000000000000F00000000000000000000003D
:20287D0000000000000000000F010100000000000000000000000000000000000F0000001B
:20289D00000000000000000000000000000000000F0F0F0F0F0F0F0F0F0F0F0F0F0F0F0F2B
:0428BD000F0F0F0FDB
:20504D00251204140001FFFC3F0800FFFC140001FFFC840005FFFC3F0400FFFC13000100D0
:20506D0001140005000B15FD0100FBFDFF00140003FFFC75FFFC555DA50903538320585D64
:20508D00EB0901590B01140001000824000F0001000215FD0200FBFDFF00140002FFFC75C5
:2050AD00FFFC1400030000140000000C1815FF01F86907C6005703001204190000FFFC1AB8
:2050CD000050D80004FFFC010950F80A5C48090100030A5A8A0915FD0100FBFDFF0014007A
:2050ED0003FFFC75FFFC0A5A3D090000000FF807095C603C0000000000000000000F20004D
:20510D00010406121FF8070992630F0000000000000000000F0000000206000FFC030937D5
:20512D00623C0000000000000000000F2000010406F0FFF8070967630F00000000000000BA
:20514D0000000F0000000206000FF80709C261F00000010001000100010F0480010401075D
:20516D00C77508037708CE75095C6009926309376209676309C2610608020109D26401085C
:20518D00080201094A65010A080201093E67010C08020109F36A01010E020109806C0100F4
:2051AD0000141107397E03141200030605080007E47B09AD4C08596709754E09784E094D9F
:2051CD005009C550096C5108BD6609845109F950000000001400000000000000000000001F
:0251ED000000C0
:2028C100A08008800503FF0EF7070000000007100000000000000000000000000000000025
:2028E100000008967809174909994900000000040000000020000A800103000FF8070000AD
:2029010000000F0800000000000000000000000000000000000009E75F09FB4908E25800C1
:202921000000000400000000200013000103000FF807000000000F08000000000000000036
:202941000000000000000000000009E75F097D4A08045A0000000004000000002000198034
:202961000500000FF007000000001F1000000000000000000000000000000000000009FA19
:202981006209FF4A09814B000000000400000000028001000100000FF80700000000FF1008
:2029A10000000000000000000000000000000000000008CE750000000000000000000000CB
:0429C1000000000012
:020000040001F9
:20B700001000000000101000000000101000001010000000000000000000000000000000B9
:20B72000000000000000000000000000000000000000000000000000000000000000000009
:20B74000100000000010100000000010100000101000000000000000000000000000000079
:20B760000000000000000000000000000000000000000000000000000000000000000000C9
:20B78000100000000010100000000010100000101000000000000000000000000000000039
:20B7A000000000000000000000000000000000000000000000000000000000000000000089
:20B7C0001000000000101000000000101000001010000000000000000000000000000000F9
:20B7E000000000000000000000000000000000000000000000000000000000000000000049
:20B800001000010101001000000000101000001010000000000000000000000000000000C5
:20B82000000000000000000000000000000000000000000000000000000000000000000008
:20B840001000000000101000000101101000001010010101000000000000200F0F0F0F0F08
:20B860000F0F3000000000000000000000000000000000000000000000000000000000007A
:20B880001000000000101000000000101000001010000000000000000000000F0F0F0F0FED
:20B8A0000F0F0000000000000000000000000000000000000000000000000000000000006A
:20B8C0001001010100101000000000101001011010000000000000000000000000000000F3
:20B8E000000000000000000000000000000000000000000000000000000000000000000048
:20B900001000000000101001010100101000001010000000200F0F0F0F3000000000000028
:20B92000000000000000000000000000000000000000000000000000000000000000000007
:20B940001000000000101000000000101000001010000000000F0F0F0F000000000000003B
:20B960000000200F0F0F0F30000000000000000000000000000000000000000040600F0F7D
:20B98000100000010110100000000010100000101000000000000000000000000000000035
:20B9A0000000000F0F0F0F000000000000000000000000000000000040600F0F000000008D
:20B9C000100000000010100000000010000000101000000000000000000000000000000007
:20B9E000000000000000000000000000000000000000000040600F0F000000000000000089
:20BA00000F0F0F0F0F0F0F0F0F0F0F0F0F0F0F0F0F0F0F30000000000000000000000000D9
:20BA20000000000000000000000000000000000040600F0F00000000000000000000000048
:20BA40000000000000000000000000000000000000000F00000000000000000000000000D7
:20BA600000000000000000000000000040600F0F0000000000000000000000000000000008
:20BA80000000000000000000000000000000000000000F0000000000000000000000000097
:20BAA00000000000000000200F0F0F0F00000000000000000000000000000000000000002A
:20BAC0000000000000000000000000000000000000000F0000000000000000000000000057
:20BAE00000000000000000000F000000000000000000000000000000000000000000000037
:20BB00000000000000000000000000000000000000000F0000000000000000000000000016
:20BB200000000000000000000F0000000000000000000000000000000000000000000000F6
:20BB40000000000000000000000000000000000000000F00000000000000000000000000D6
:20BB600000000000000000000F0000000000000000000000000000000000000000000000B6
:020000040002F8
:2051EF00251204140002000F140001FFFC840006FFFC3F0400FFFC14000100101400010033
:20520F0011140003001214000000131300010001555DA5090353832015FD0100FBFDFF00A6
:20522F00140005FFFC75FFFC6073C3041815FF01F86907C6005703001201190000FFFF1A48
:20524F0000525A0004FFFF0109525F0A5C48090000000FF807095C603C0000000000000010
:20526F0000000F2000010406121FF8070992630F0000000000000000000F00000002060091
:20528F000FFC030937623C0000000000000000000F2000010406F0FFF8070967630F000009
:2052AF00000000000000000F000000020608967809E75F09FA6208CE75095C6009926309E7
:2052CF0037620967633F00010909106D011311150109B667030E00010C08727D03401200B9
:2052EF00050304080007E47B09F34C06007709754E09784E09EF5109475209BC5208C16892
:20530F0009D452096052000000001400000000000000000000000000028001000100000FED
:20532F00F80700000000FF1000000000000000000000000000000000000008CE7500000005
:20534F00000000000000000000000000A0800E800603FF0EF7070000000007100000000065
:20536F00000000000000000000000000000008967809F14207815E000000000400000000E2
:20538F00208004800403000FF807000000000F0800000000000000000000000000000000AE
:1453AF00000009E75F096F42080E490000000004000000007E
:020000040001F9
:20E123000000000000000000000000000000000000000000000000000000000000000000DC
:20E143000000000000000000000000000000000000000000000000000000000000000000BC
:20E1630000000000000000000000000000000000000000000000000000000000000000009C
:20E1830000000000000000000000000000000000000000000000000000000000000000007C
:20E1A30000000000000000000000000000000000000000000000000000000000000000005C
:20E1C30000000000000000000000000000000000000000000000000000000000000000003C
:20E1E30000000000000000000000000000000000000000000000000000000000000000001C
:20E203000000000000000000000000000000000000000000000000000000000000000000FB
:20E223000000000000000000000000000000000000000000000000000000000000000000DB
:20E243000F0F705000000000000000000000000000000000000000000000000000000000DD
:20E263000000000F0F0F7050000000000000000000000000000000000000000000000000AE
:20E28300000000000000000F3000000000000000000000000000000000000000000000003C
:20E2A30000000000000000000F00200F0F0F7050000000000000000000000000000000003F
:20E2C30000000000000000000F00000F0000000F30000000000000000000000000000000DE
:20E2E30000000000000000000F00000F0000000F0000200F0F0F0F0F0F0F0F0F0F0F0F0F0B
:20E3030000000000000000000F00000F0000000F0000000F000000000000000000000000BE
:20E3230000000000000000000F00000F0000000F0000000F0000000000000000000000009E
:20E3430000000000000000000F00000F0000000F0000000F0000000000000000000000007E
:020000040002F8
:2053C3002512041400020015140002FFFC840006FFFC3F0400FFFC14000100161400000051
:2053E3001360696702555DA5090353832015FD0100FBFDFF00140000FFFC75FFFC1300016F
:20540300000115FD0100FBFDFF00140001FFFC75FFFC1815FF01F86907C600570300120136
:20542300190000FFFF1A0054340004FFFF010954390A5C48090000000FF807095C603C0051
:2054430000000000000000000F2000010406121FF8070992630F0000000000000000000FC3
:205463000000000206000FFC030937623C0000000000000000000F2000010406F0FFF8070D
:205483000967630F0000000000000000000F000000020608CE7508967809E75F095C600992
:2054A30092630937620967631F00010E095B6D0109110A01093668030F00010D09B66A0169
:2054C300201200030304070007E47B09014D07236109754E09784E09C35309215409965413
:1B54E30009275309AB54093A5400000000140000000000000000000000000078
:2029C500028001000100000FF80700000000FF100000000000000000000000000000000051
:2029E500000008CE75000000000000000000000000000000200009800300000FF0070000D5
:202A050000000F1000000000000000000000000000000000000009FA6208304A09734300EC
:202A2500000000040000000020000D000603000FF807000000000F08000000000000000032
:202A45000000000000000000000009E75F08F24A044B580000000004000000002000130000
:202A65000501FF0EF70700000000071000000000000000000000000000000000000008968B
:202A85007808A24D090944000000000400000000208018000500000FF007000000000F1086
:202AA50000000000000000000000000000000000000009FA6208644E096B44000000000436
:202AC50000000000208002800600000FF807000000000F100000000000000000000000009C
:182AE50000000000000009FF60060C4B0000000000000008000000000C
:020000040001F9
:20BB8000000000000000000000101000000000000000000000000000000000000000000085
:20BBA000000000000000000000000000000000000010100000000000101000000000000045
:20BBC000000000000000000000101000000000000000000000000000000000000000000045
:20BBE000000000000000000000000000000000000010100000000000101000000000000005
:20BC0000000000000000000000101000000000000000000000000000000000000000000004
:20BC20000000000000000000000000000000000000101000000000001010000000000000C4
:20BC40000000000000000000001010000000000000000000000000000000000000000000C4
:20BC6000000000000000000000000000000000000010100000000000101000000000000084
:20BC8000000000000000000000101001010101000000000000000000000000000000000080
:20BCA000000000000000000000000000000000000010100101000000101000000000000042
:20BCC000000000000000000000101000000000000000000000000000000000000000000044
:20BCE000000000000000000000000000000000000010100000000000101000000000000004
:20BD0000000000000000000000101000000000000000000000000000000000000000000003
:20BD20000000000000000000000000000000000101101000000001011010000000000000BF
:20BD40000000000000000101011010000000000000000000000000000000000000000000C0
:20BD6000000000000000000000000000000000000010100000000000101000000000000083
:20BD800000000000000000000010100000000000000001010101010100000000000000007D
:20BDA000000000000000000000000000000000000010100000000000101001010000000041
:20BDC000000000000000000000101000000000000000000000000000000000000000000043
:20BDE0000000000000000000000000000001010101101000000000001010000000000000FF
:20BE00000000000000000000001010010101000000000000000000000000000000000000FF
:20BE20000000000000000000000000000000000000101000000000001010000000000000C2
:20BE40000000000000000000001010000000000000000000000000000000000000000000C2
:20BE60000000000000200F0F0F0F0F0F0F0F0F0F0F0F0F30000000200F0F0F0F0F0F0F0F17
:20BE8000000000000000000000101000000000000000000000000000000000000000000082
:20BEA00000000000000F0000000000000000000000000F00000000000F0000000000000055
:20BEC000000000000000000000101000000000000000000000000000000000000040603072
:20BEE00000000000000F0000000000000000000000000F00000000000F0000000000000015
:20BF00000F0F0F0F0F0F0F0F0F0F0F0F0F0F0F0F0F0F0F0F0F0F0F0F0F0F0F0F0F0F0F0050
:20BF200000000000000F0000000000000000000000000F00000000000F00000000000000D4
:20BF40000000000000000000000000000000000000000000000000000000000000000F00D2
:20BF600000000000000F0000000000000000000000000F00000000000F0000000000000094
:20BF80000000000000000000000000000000000000000000000000000000000000000F0092
:20BFA00000000000000F0000000000000000000000000F00000000000F0000000000000054
:20BFC0000000000000000000000000000000000000000000000000000000000000000F0052
:20BFE00000000000000F0000000000000000000000000F00000000000F0000000000000014
:020000040002F8
:2054FE00251204140003001714000100181400020019140004FFFC840006FFFC3F0400FFEF
:20551E00FC140003001A1400000013130001000115FD0100FBFDFF00140001FFFC75FFFC7A
:20553E00555DA509035383206073C3041815FF01F86907C6005703001201190000FFFF1A61
:20555E000055690004FFFF0109556E0A5C48090000000FF807095C603C00000000000000DA
:20557E0000000F2000010406121FF8070992630F0000000000000000000F0000000206007F
:20559E000FFC030937623C0000000000000000000F2000010406F0FFF8070967630F0000F7
:2055BE00000000000000000F000000020608CE7509FA6209E75F08967809FF60095C60096B
:2055DE0092630937620967633F00010B09A66D011F11190109B668031E00010E09D26A01F4
:2055FE000300010E08957E030600010E08517F033A00010B096B6B033C0A020109FF6B0188
:20561E00401200060704090007E47B090F4D06807B09754E09784E09FE5409565509CB5561
:1B563E0008C56909E655096F55000000001400000000000000000000000000F6
:202AFD00028001000100000FF80700000000FF100000000000000000000000000000000018
:202B1D00000008CE75000000000000000000000000000000A08011000700000FF00700000F
:202B3D0000001F1000000000000000000000000000000000000009FA6208B44B08804C0009
:202B5D000000000400000000A0800F000300000FF007000000001F100000000000000000ED
:202B7D000000000000000000000009FA6208035B09174C000000000400000000A0801700C6
:202B9D000300000FF007000000001F1000000000000000000000000000000000000009FADD
:102BBD006208264F090145000000000400000000D6
:020000040001F9
:20E3630000000000000000000000000000000000000000000010101000000000000000006A
:20E3830000000000000000000000000000000000000000000000001010000000000000005A
:20E3A30000000000000000000000000000000000000000000010101000000000000000002A
:20E3C30000000000000000000000000000000000000000000000001010000000000000001A
:20E3E3000000000000000000000000000000000000000000001010100000000000000000EA
:20E403000000000000000000000000000000000000000000000000101000000000000000D9
:20E423000000000000000000000000000000000000000000001010100000000000000000A9
:20E44300000000000000000000000000000000000000000000010110100000000000000097
:20E46300000000000000000000000000000000000001010101101010000000000000000065
:20E48300000000000000000000000000000000000000000000000010100101010000000056
:20E4A300000000000000000000000000000000000000000000101010000000000000000029
:20E4C300000000000000000000000000000000000000000000000010100000000000000019
:20E4E3000000000000000000000000000000000000000000001010100000000000000000E9
:20E503000000000000200F0F0F30000000000000000000000000001010000000000000005B
:20E52300000000000000000000000000000000000000000000101010010101000000200F76
:20E543000F30000000000F0F0F0000000000200F0F0F3000010101101000000000000000AC
:20E56300000000000000000000000000000000000000000000101010000000000000000F59
:20E583000F00000000000000000000000000000F0F0F00000000001010000000000000001C
:20E5A300000000000000000000000000000000000000000000101010000000000000000028
:20E5C300000000000000000000000000000000000000000000000010100000000000000018
:20E5E3000000000000000000000000000000000000010101011010100000000000000000E4
:20E603000000000000000000000000000000000000000000000000101000000000000000D7
:20E623000F0F0F0F0F0F0F0F0F0F0F0F0F7050000000000000101010000000000000000024
:20E64300000000000000000000000000000000000000000000000010100000000000000097
:20E663000000000000000000000000000000000F0F70500000101010000000000000000089
:20E6830000000000000000000000000000000000000000000000001010000040600F0F0F8A
:20E6A300000000000000000000000000000000000000000F0F705010000000000000000069
:20E6C300000000000000000000000000000000000000000000000010600F0F0000000000A9
:20E6E30000000000000000000000000000000000000000000000000F0F7050000000000039
:20E703000000000000000000000000000000000000000040600F0F00000000000000000038
:20E723000000000000000000000000000000000000000000000000000000000F0F0F0F306A
:20E743000000200F0F300000200F0F0F300000200F0F0F000000000000000000000000007E
:20E763000000000000000000000000000000000000000000000000000000000000000F0087
:20E783000000000F0F000000000F0F0F000000000F0000000000000000000000000000001C
:20E7A3000000000000000000000000000000000000000000000000000000000000000F0047
:20E7C3000000000F0F000000000F0F0F000000000F000000000000000000000000000000DC
:020000040002F8
:205659002512041400030020140003002114000300226073C3041400000013130001000178
:20567900555DA5090353832015FD0100FBFDFF00140001FFFC75FFFC1815FF01F86907C6D3
:20569900005703001201190000FFFF1A0056B00004FFFF010956B50A5C48090000000FF878
:2056B90007095C603C0000000000000000000F2000010406121FF8070992630F0000000052
:2056D90000000000000F0000000206000FFC030937623C0000000000000000000F2000017E
:1956F9000406F0FFF8070967630F0000000000000000000F0000000206A7
:020000040001F9
:123FEC0008CE7509FA62095C60099263093762096763DB
:020000040002F8
:205712003F00010C09C265011F11110109366903401200040204060007E47B091D4D076368
:205732006309754E09784E095956099D5604EC7F08FD6A09125709B656000000001400002C
:0B57520000000000000000000000004C
:202BCD00028001000100000FF80700000000FF100000000000000000000000000000000047
:202BED00000008CE75000000000000000000000000000000A08013000400000FF007000040
:202C0D0000001F1000000000000000000000000000000000000009FA6208F65308B85400AE
:202C2D000000000400000000A0800C000400000FF007000000001F1000000000000000001E
:202C4D000000000000000000000009FA6208E84F08AA5000000000040000000020001F007E
:202C6D000103000FF807000000000F0800000000000000000000000000000000000009E72E
:102C8D005F08CC51088E52000000000400000000C7
:020000040001F9
:20E7E300000000000000000000000000000000000000000000000000000000000000000016
:20E803000000000000000000000000000000000010001000000000000000000000000000D5
:20E823000000000000000000000000000000000000000000000000000000000000000000D5
:20E84300000000000000000000000000000000001000100000000000000000000000000095
:20E86300000000000000000000000000000000000000000000000000000000000000000095
:20E88300000000000000000000000000000000001000100000000000000000000000000055
:20E8A300000000000000000000000000000000000000000000000000000000000000000055
:20E8C300000000000000000000000000000000001000100000000000000000000000000015
:20E8E300000000000000000000000000000000000000000000000000000000000000000015
:20E903000000000000000000000000000000000010001001010100000000000000000000D1
:20E923000000000000000000000000000000000000000000000000000000000000000000D4
:20E94300000000000000000000000000000000001000100000000000000000000000000094
:20E96300000000000000000000000000000000000000000000000000000000000000000094
:20E98300000000000000000000000000000000001000100000000000000000000000000054
:20E9A300000000000000000000000000000000000000000000000000000000000000000054
:20E9C300000000000000000000000000000101011000100000000000000000000000000011
:20E9E300000000000000000000000000000000000000000000000000000000000000000014
:20EA03000000000000000000000000000000000010001000000000000000000000000000D3
:20EA230000000000000000000000000000000000000000000000200101010130000020015E
:20EA430001010130000020010101013000000000100010000000000000000000000000000C
:20EA6300000000000000000000000000000000000000000000000000000000000000000093
:20EA8300000000000000000000000000000000001000100101010000000000000000000050
:20EAA300000000000000000000000000000000000000000000000000000000000000000053
:20EAC3000000000000000000000000000000000010001000000000000000000040600F0F55
:20EAE3000F0F0F0F0F70500000000000000000000000000000000000000000000000000008
:20EB030000000000000000000000000000000000100010000000000040600F0F0000000014
:20EB2300000000000000000F0F300000000000000000000000000000000000000000000084
:20EB4300000000000000000000000000000000001000100040600F0F0000000000000000D4
:20EB63000000000000000000000F300000200F0F0F0F300000200F0F0F0F0F0F0F0F0F0F11
:20EB83000F0F0F0F0F0F0F0F0F0F0F0F3000200F0F0F0F0F00000000000000000000000023
:20EBA3000000000000000000000F000000000F00000F000000000F00000000000000000016
:20EBC30000000000000000000000000F0000000F0000000000000000000000000000000014
:20EBE3000000000000000000000F000000000F00000F000000000F000000000000000000D6
:20EC030000000000000000000000000F0000000F00000000000000000000000000000000D3
:20EC23000000000000000000000F000000000F00000F000000000F00000000000000000095
:20EC430000000000000000000000000F0000000F0000000000000000000000000000000093
:020000040002F8
:20575D00251204140003002314000300241400010025607915051300010001140000001313
:20577D001300010001555DA5090353832015FD0100FBFDFF00140001FFFC75FFFC1815FFE8
:20579D0001F86907C6005703001201190000FFFF1A0057B90004FFFF010957BE0A5C480937
:2057BD000000000FF807095C603C0000000000000000000F2000010406121FF80709926355
:2057DD000F0000000000000000000F0000000206000FFC030937623C00000000000000009A
:2057FD00000F2000010406F0FFF8070967630F0000000000000000000F000000020608CE95
:20581D007509FA6209E75F095C600992630937620967633F00010B090D66010A11250109F8
:20583D00B66903300D020109556C01401200040304070007E47B092B4D07E36709754E09AD
:20585D00784E095D5709A657091B5808CD6B09305809BF5700000000140000000000000022
:06587D0000000000000025
:202C9D00028001000100000FF80700000000FF100000000000000000000000000000000076
:202CBD00000008CE7500000000000000000000000000000020001C000400000FF007000066
:202CDD0000001F1000000000000000000000000000000000000009FA6208DA55097B460042
:202CFD000000000400000000200014800300000FF007000000001F100000000000000000C7
:202D1D000000000000000000000009FA62089C56091147000000000400000000A00015809D
:202D3D000603FF0EF7070000000007100000000000000000000000000000000000000896AD
:202D5D0078085E5709A747000000000400000000208009000200000FF007000000001F1046
:202D7D0000000000000000000000000000000000000009FA6208205800000000000000044D
:042D9D000000000032
:020000040001F9
:20EC6300000000000000000000000000000000000000000000000000000000000000000091
:20EC8300000000001000001000000000000000000000000000000000000000000000000051
:20ECA300000000000000000000000000000000000000000000000000000000000000000051
:20ECC300000000001000001000000000000000000000000000000000000000000000000011
:20ECE300000000000000000000000000000000000000000000000000000000000000000011
:20ED03000000000010000010000000000000000000000000000000000000000000000000D0
:20ED23000000000000000000000000000000000000000000000000000000000000000000D0
:20ED4300000000001000001000000000000000000000000000000000000000000000000090
:20ED6300000000000000000000000000000000000000000000000000000000000000000090
:20ED8300000000001000001000000000000000000000000000000000000000000000000050
:20EDA300000000000000000000000000000000000000200F0F3000000000000000000000E2
:20EDC300000000001000001000000000000000000000000000000000000000000000000010
:20EDE300000000000000000000000000000000000000000F0F0000000000000000000000F2
:20EE03000000000010000010000000000000000000000000000000000000000000000000CF
:20EE23000000000000000000406030000000000000000000000000000000000000000000FF
:20EE43000000000010000010000000000000000000200F0F0F300000000000000000000012
:20EE63000000000000004060000F00000000000000000000000000000000000000000000E0
:20EE83000101010110000010010101000000000000000F0F0F00000000000000000000001B
:20EEA3000000000040600000000F0000200F0F300000000000000000200F300000000000D3
:20EEC3000000000010000010000000000000000000000000000000200F0F300000000000A1
:20EEE3000000406000000000000F0000000F0F000000000000000000000F00000000000033
:20EF03000000000010000010000000000000000000000000000000000F0F000000000000B0
:20EF23000F0F000000000000000F0000000000000000200F3000000000000000200F3000E3
:20EF430000000000100000100000000000000000000000000000000000000000000000008E
:20EF63000000000000000000000F0000000000000000000F0000000000000000000F000061
:20EF8300000000001000001000000001010F0F0F0F70000000000000000000200F0F0F0F44
:20EFA300000000000F000000000F0000000000000000000000000000000000000000000030
:20EFC300000000001000001000000000000F0F0F0F000000000000000000000F00000000C3
:20EFE30000000000000F0000000F00000000000000000000000000000000000000000000F0
:20F003000F0F0F0F0F0F0F0F0F0F0F0F0000000000000000000000000000000F000000002A
:20F02300000F0000000F0000000F00000000000000000000000000000000000000000000A0
:20F0430000000000000000000000000000000000000000200F0F0F300000000F0000000021
:20F06300000F0000000F0000000F0000000000000000000000000000000000000000000060
:20F0830000000000000000000000000000000000000000000F0F0F000000000F0000000031
:20F0A300000F0000000F0000000F0000000000000000000000000000000000000000000020
:20F0C3000000000000000000000000000000000000000000000000000000000F000000001E
:020000040002F8
:20588300251204140003002614000300271400020028140004FFFC840006FFFC3F0400FF37
:2058A300FC140003002960791505555DA5090353832013000100011400000013130001000D
:2058C3000115FD0100FBFDFF00140001FFFC75FFFC1815FF01F86907C60057030012011959
:2058E3000000FFFF1A0058F30004FFFF010958F40000000FF807095C603C000000000000DB
:205903000000000F2000010406121FF8070992630F0000000000000000000F0000000206F6
:20592300000FFC030937623C0000000000000000000F2000010406F0FFF8070967630F006E
:2059430000000000000000000F000000020608CE7509FA62089678095C6009926309376202
:205963000967633F00010C095866010A11310109366A033D0B0201092A6C014012000503FF
:2059830004070007E47B09394D07636C09754E09784E09835809E058095159089D6C09663B
:1659A3005909F5580000000014000000000000000000000000002B
:202DA100000000000000000000000000000000000000000000000000000000000000000012
:202DC1000000000000000000000000000000000000000000000000000000000000000000F2
:202DE1000000000000000000000000000000000000000000000000000000000000000000D2
:202E01000000000000000000000000000000000000000000000000000000000000000000B1
:202E2100000000000000000000000000000000000000000000000000000000000000000091
:202E4100000000000000000000000000000000000000000000000000000000000000000071
:202E6100000000000000000000000000000000000000000000000000000000000000000051
:202E8100000000000000000000000000000000000000000000000000000000000000000031
:202EA100000000000000000000000000000000000000000000000000000000000000000011
:202EC1000000000000000000000000000000000000000000000000000000000000000000F1
:202EE1000000000000000000000000000000000000000000000000000000000000000000D1
:082F01000000000000000000C8
:2059B90025555D7009015381F01815FF01F86907C6005703001412010000000000080D7553
:2059D90009C94C08A16D09754E09784E09B9590000000000000000000000000000000000C4
:1059F900000014000000000000000000000000008A
:202F0900120515FCF8FFFE000003001A016F8B0000FFFF0613FFF6FFFC3F0800FFFC13FF18
:202F2900F6FFFC3F0202FFFC14000CFFFB0DFFFB004BDE0413FFF6FFFC3F0200FFFC1400B8
:202F49000CFFFB0DFFFB004BDE0413FFF6FFFC3F0202FFFC14000CFFFB0DFFFB004BDE049F
:202F690013FFF6FFFC3F0200FFFC13FFF6FFFC3662DD08FFFC13FFF6FFFC3F0808FFFC0938
:202F89006FAF6604085E840913FFF6FFFC33FFFC13FFF6FFFC364DA509FFFC15FCF7FFFF47
:202FA900012BFAF7FF0012FB0B03120555697C020553850F140000FFFC3CFFFBFFFC15FE3F
:202FC9000100000F017061FFFFFFFA0615FD0000FE030001001A0170390000FFFF0615FD1B
:202FE9000000FE010001001A0170320000FFFF0615FD0000FE020001001A01700E0000FF5C
:20300900FF0609702F15F96911C6FBFBFF0015FDFBFFFF0826001A01702B0000FFFF0609BB
:20302900702F0A5B8C090970360A5ADC0909705E15F96911C6FBFBFF0015FDFBFFFF0826A3
:20304900001A01705A0000FFFF060A5ADC0909705E0A5B8C09097105140000FFFC3CFFFBA0
:20306900FFFC15FE0300000F017105FFFFFFFA0615FD0000FE030001001A0170DD0000FF38
:20308900FF0615FD0000FE010001001A0170D60000FFFF0615FD0000FE020001001A01700D
:2030A900B20000FFFF060970D315F96911C6FBFCFF0015FDFCFFFF0826001A0170CF00002D
:2030C900FFFF060970D30A5BEA090970DA0A5B340909710215F96911C6FBFCFF0015FDFC7C
:2030E900FFFF0826001A0170FE0000FFFF060A5B34090971020A5BEA090971055F0F12FB9E
:023109000B00B9
:205A090015FF00F86921C90015FF01F86920C90015FF00F8691FC90015FFFDF8691EC90009
:205A29000B004001010003020220FF2025640041FF000B00120415FD0100FE010001001AB3
:205A4900015A540000FFFF06095A8615FF03F86907C600570115FE8004FBFDFFFE8006FBF7
:205A6900FEFF00140000FFFC35FFFC3201FFFC15FF03F8691CC50027030209CE5912FC0BE5
:205A890000120513FFF8FFFC3F0202FFFC14000FFFFB0DFFFB004BDE0413FFF8FFFC3F020C
:205AA90000FFFC14000FFFFB0DFFFB004BDE0413FFF8FFFC3F0202FFFC14000FFFFB0DFF25
:205AC900FB004BDE0413FFF8FFFC3F0200FFFC12FB0B011205140000FFFC840001FFFC3F56
:205AE9000404FFFC14000FFFFB0DFFFB004BDE04140000FFFC3AFFFC15FDFDFFFDFEFFFEFF
:205B09004000FE03000080FFFC01020414000FFFFB0DFFFB004BDE04140000FFFC840000D5
:205B2900FFFC3F0400FFFC12FB0B001205140000FFFC840002FFFC3F0404FFFC14000FFF00
:205B4900FB0DFFFB004BDE04140000FFFC3AFFFC15FDFDFFFDFEFFFE4000FE03000080FF03
:205B6900FC03020414000FFFFB0DFFFB004BDE04140000FFFC840000FFFC3F0400FFFC12E8
:205B8900FB0B001205140000FFFC840003FFFC3F0404FFFC14002DFFFB0DFFFB004BDE049D
:205BA900140000FFFC3AFFFC15FDFDFFFDFEFFFE4000FE03000080FFFC00020414000FFFAE
:205BC900FB0DFFFB004BDE0466040A722A08140000FFFC840000FFFC3F0400FFFC12FB0B91
:205BE900001205140000FFFC840004FFFC3F0404FFFC14002DFFFB0DFFFB004BDE0414002E
:205C090000FFFC3AFFFC15FDFDFFFDFEFFFEC000FE03000080FFFC02020414000FFFFB0DD7
:205C2900FFFB004BDE0466040A722A08140000FFFC840000FFFC3F0400FFFC12FB0B001226
:205C4900056604025E440915FD0100FE01002DFB010000140000FFFC3F0202FFFC14000F74
:205C6900FFFB0DFFFB004BDE04140000FFFC3F0200FFFC14000FFFFB0DFFFB004BDE04143D
:205C89000000FFFC3F0202FFFC14000FFFFB0DFFFB004BDE04140000FFFC3F0202FFFC1410
:205CA900000FFFFB0DFFFB004BDE04140000FFFC3F0200FFFC140000FFFC3662DD08FFFCCC
:045CC90012FB0B00BF
:20310B0012011400000007140000000414000000051400000006140000000315FE0000FB06
:20312B00FFFF005EFFFF63BE09090615FE0100FBFFFF005EFFFF63BE09090715FE0400FB3C
:20314B00FFFF005EFFFF63BE090A0615FE0500FBFFFF005EFFFF63BE090A0715FE0000FB1A
:20316B00FFFF005EFFFF63BE09090815FE0100FBFFFF005EFFFF63BE09090915FE0400FBF8
:20318B00FFFF005EFFFF63BE090A0815FE0500FBFFFF005EFFFF63BE090A0915FE0000FBD6
:2031AB00FFFF005EFFFF63BE09090A15FE0100FBFFFF005EFFFF63BE09090B15FE0400FBB4
:2031CB00FFFF005EFFFF63BE090A0A15FE0500FBFFFF005EFFFF63BE090A0B15FE0000FB92
:2031EB00FFFF005EFFFF63BE09090C15FE0100FBFFFF005EFFFF63BE09090D15FE0400FB70
:1F320B00FFFF005EFFFF63BE090A0C15FE0500FBFFFF005EFFFF63BE090A0D12FF0B0040
:020000040000FA
:0D056400800480070109BE4F040F04746875
:020000040002F8
:205CCD0015FE4601F849A2D90015FE5815F849A4D90015FE0029F849A8D90015FE3D0FF80E
:205CED0049A6D90015FE7100F849AAD90015FE9400F849ACD90015FE6201F849AED90015C7
:205D0D00FE1731F849B0D90015FE0506F849B2D90015FE8201F849B4D90015FE204EF84956
:0E5D2D00B6D90015FE0000F8492EDA000B0072
:020000040000FA
:20A97C0000120415FF03F86907C600570115FE8003FBFDFFFE8006FBFEFF00140000FFFCF0
:16A99C0035FFFC3201FFFC15FF03F8691CC500270302096A4F0000
:020000040002F8
:205D3B00120415FF03F86907C600570115FE0000FBFDFFFE0000FBFEFF00140000FFFC3551
:205D5B00FFFC3200FFFC15FF03F8691CC50027030209BE4F00120415FF03F86907C60057B3
:205D7B000115FE8003FBFDFFFE8006FBFEFF00140000FFFC35FFFC3200FFFC15FF03F8691A
:0F5D9B001CC500270302096A4F000A6FB30800F6
:020000040001F9
:06F0E3001400010008000A
:020000040002F8
:205DAA001204140005FFFC3F0808FFFC001204140001FFFC3F0808FFFC001204140002FFCA
:205DCA00FC3F0808FFFC001204140003FFFC3F0808FFFC001204140004FFFC3F0808FFFC8E
:205DEA00001207140001FFFC140000FFF93AFFF93AFFFC15FDFDFFFDFEFFFDFBFFFDFEFF04
:205E0A002DFE80002FFDFAFFFDFDFF2DFE80002F54FE00000080FFFC040204003244FF7910
:205E2A008050898631494006317980304487314940070244FF29008001070244FF7980F0AF
:205E4A00B286215940F7060119E7062119D606017980705B86211942060119270621190AD4
:1A5E6A0006013930ED852119CE050119AC05211989050244FF2900800107A6
:20322A000344FF7980A0DF873BF064800119D9070119D1070219CB071B54800119C1070185
:20324A0019BA070219AC071B14800119A20701199007021983071B468001196B0701195914
:20326A000701193907011921070119F7060119C40601199E0601195B06011927060219CE3D
:20328A00053B70548001198905011911050119B5040119160401199B030119C602011923EA
:2032AA00020119060101192C00023930DF873B3055800119D9070119D1070119CB07011998
:2032CA00C1070119BA070119AC070119A207011990070119830701196B070119590702193B
:2032EA0039073B205680011921070119F7060119C40601199E0601195B060119270601197C
:20330A00CE0501198905011911050119B5040119160402199B033B105780013920C6820173
:17332A00192302013910068101192C000344FF2900802B0080010795
:205E84003244FF3BF06480313B701580313BF02580313B702480313B302680313B10358015
:085EA4000244FF2B00800107FE
:20334100140000000000E0E0F0B0F898FC8CFE06FE02FE0206FE8CFC98F8B0F0E0E0000060
:203361000000000000000000000000007F7F7F407F407F40407F7F7F000000000000000054
:2033810000000000C0C0E060F030F818FC0CFC04FC3CE02020E020E020E020E020E0E0E03C
:2033A10000000000E0E0E020E020E020E020E020E020FC3C04FC0CFC18F830F0E0E0C0C09C
:2033C1000000000007070704070407040704070407043F3C203F303F181F0C0F06070303EE
:2033E100000000000000707078587C4CFEC6FF03FF01FF0103FFC6FE4C7C58787070000050
:203401000000000000000000000000003F3F3F203F203F20203F3F3F000000000000000033
:203421000000C0C0E060F030F818FC0CFC04FC3CE02020E020E020E020E020E0E0E000009B
:20344100000000000000E0E0E020E020E020E020E020E020FC3C04FC0CFC18F830F060E0FB
:20346100C0C00000000007070704070407040704070407043F3C203F303F181F0C0F0707D2
:2034810003030008060000F80800800000000008000000F80200800000000008040000F811
:2034A1000420800000000000002000080220800000000008100000F81200800000000008F3
:2034C1000A0000F80C008000000000080E0000F80E208000000000000A2000080C208000C3
:2034E100000083748F749B74A774B3748374BF748F74CB749B74D774A77400000101020299
:1F35010003030405060708090A0B00000C00F0E374FB740B75000F000708417300000055
:205EAC000800C0C0E0E020203030303030301010181808080C0CF8FCF4FC14FCF4FCF4FCE2
:205ECC000CFC01010303020206060C0C0C0C08081818101030303F3F1F3F033F1F3F1F3CCF
:205EEC00003F00008080C0C020203030181808080C0CF8FCF4FC14FCF4FCF4FC0CFC000003
:205F0C0000001F1F21213030181808081818181830303F3F1F3F033F1F3F1F3C003F00007F
:205F2C000000FF08000000F8020080000000FF08040000F80600800000002E5F2E5F2E5FA4
:205F4C003A5F3A5F3A5F0005000500050005000500050005000500000600E8465F525F629C
:205F6C005F040BFA0709AC5E000000040003030C0F181E303E677F383E203E707E687E64D8
:205F8C007E637FB0F828F864A440C0C0C0000000004040A0E020E070B048F8C8D8041C0421
:205FAC001C041C040C040C040C081810100008000000F80020800000000008020000F80285
:205FCC002080000000B95FC55F0001000100010001000100010001000100000200F0D15FAF
:205FEC00D55FE55F000FF80709775F00000004000000000000000000FCFC02FEF10FF90734
:20600C00F907E11F027EBCBC000000000000000000000000000000005D5D00BBFF001F00E9
:20602C001F000300000F010100000000000000000008000000F80200800000003C60000003
:20604C00000000000000000000000000000000000100F048604A605A60000FF80709FA5FC7
:20606C0000000006000000000000000000000038387E46FF81FF81FF81FF81FF81FFB9C7DB
:20608C00C70000000000000000000000000000B8B87EC67FC17FC17FC17FC17FC1FFF9073A
:2060AC00070000000000000000000000000000030304070407040704070407040705070673
:2060CC0006000000000108000000F8002080000000FF08000000F8002080000000D160DD60
:2060EC00600001000100010001000100010001000100000200F0E960ED60FD60000FF80739
:06610C00096F60000000B5
:020000040001F9
:20F0E9003800000000008080C0C0C0C0C0C0C0C0C0C0C0C0C0C0808000000000000000004F
:20F10900000084FC84FC84FCFCFCFCFCFCFC7878000000000000000000000000000000008E
:20F1290000003CFCF4FC94FC8CFC84FC84FC04FC04FC84FC84FC84FC84FC84FC84FC84FC06
:20F1490084FCFCDCFFFF3FFF3FFF3FFF3FFFBFFFFF7FFFFFFFFFFFFFFFFF3EFE3EFE3EFE70
:20F16900FEFE00000000F0F0F8F8FCFCFEFEFEFEFE1EFE26FE46FE06FE72FE02FE02FC8452
:20F18900F8083C3F273F2A3F323F213F203F203F213F213F213F333F1E1E000000000000BF
:20F1A90000003F3BFFFFFCFFFCFFFCFFFCFFFFFFFFFEFFFFFFFFFFFFFFFF7C7F7C7F7C7FFE
:20F1C9007F7F000000000101030303030303030303030303030303030101000000000000F4
:20F1E900000000808040C0A0E050E050E050E050E050E050E050C0A0804000800080008076
:20F209000080000000000000000000000080008000800080008000800080008000800000E5
:20F229000000FE85FE85FE85FEFDFEFDFEFDFC7A7884007800000000000000000000000061
:20F2490000003EFDFEF5FE95FE8DFE85FE85FE05FE05FE85FE85FE85FE85FE85FE85FE85B8
:20F26900FE85FFDCFFF73FE03FE03FE03FE0BFE4FF78FF84FF00FF00FFFF3FE23FE23FE2B9
:20F28900FFE600F0F008F8F4FCFAFEFDFFFEFFFEFF1EFF06FF06FF7EFB86877AFF02FE8517
:20F2A900FC0B0102010201020102010201020001000000000000000000000000000000002B
:20F2C90000007CBF7FA77FAA7FB27FA17FA07FA07FA17FA17FA17FB33F5E1F20011E01027C
:20F2E9000102FF3BFFEFFC07FC07FC07FC47FF3FFF42FF83FF03FF04FFFFFC47FC47FC47C1
:20F30900FF67000101020305070A070A070A070A070A070A070A070A0305010200010001DD
:20F32900000180004080A0C0D060D060D060D060D060D060D060A0C0408080008000800033
:20F349008000000000000000000000008000800080008000800080008000800080000000A4
:20F369000000FD86FD86FD86FDFEFDFEFDFE7AFC8478780000000000000000000000000020
:20F3890000003DFEFDF6FD96FD8EFD86FD86FD06FD06FD86FD86FD86FD86FD86FD86FD8677
:20F3A900FD86FCDFFFF73FE03FE03FE03FE0BFE4FF78FF84FF00FF00FFFF3EE33EE33EE378
:20F3C900FEE7F00008F0F4F8FAFCFDFEFEFFFEFFFE1FFE07FE07FE7FFA87867BFE03FD86D6
:20F3E900FB0C020102010201020102010201010000000000000000000000000000000000EA
:20F409000000BC7FBF67BF6ABF72BF61BF60BF60BF61BF61BF61BF735E3F201F1E0102013A
:20F4290002013FFBFFEFFC07FC07FC07FC47FF3FFF42FF83FF03FF04FFFF7CC77CC77CC77F
:20F449007FE70100020105030B060B060B060B060B060B060B060B0605030201010001009C
:20F469000100E910000020F80200F0000400F0000600F000080020F80A00F0000C00F0007F
:20F48900082010F80E0080000000E710000020F80200F0000400F0000600F000080020F89A
:20F4A9000A00F0000C00F000082010F80E0080000000E6101000F000120030F81400F0005B
:20F4C9001600F0001800F0001A0030F81C00F0001E00F0002000F0001A2010F82200F00055
:20F4E900122080000000E4102400F000260030F82800F0002A00F0002C00F0002E0030F857
:20F509003000F0003200F0003400F0002E2010F83600F000262080000000E4101000F00046
:20F52900120030F81400F0001600F0001800F0001A0030F81C00F0001E00F0002000F0000A
:20F549001A2010F82200F000122080000000E6102400F000260030F82800F0002A00F00012
:20F569002C00F0002E0030F83000F0003200F0003400F0002E2010F83600F0002620800068
:20F5890000006B74937493746B74BB74EF742375577500030003000300030003000300038B
:20F5A9000003040704070407040704070407040704070000000000000000000008000800D7
:11F5C900C08B759B75BB75FD12CC0707E970000000EF
:020000040002F8
:2061120008000000F80004F8FAFCFD06FD66FD56FD56FD56FD56FDB6FD06FAFC04F8F80029
:20613200000000000F00100F2F1F5F305F375F345F375F315F355F365F302F1F100F0F00BF
:206152000000000000F8F804FCFAFE05FE65FE55FE55FE55FE55FEB5FE05FCFAF80400F8F1
:2061720000000000000F0F101F2F3F503F573F543F573F513F553F563F501F2F0F10000F7F
:2061920000000008000000F80200800000000008040000F80600800000009461A0610001EA
:2061B200000100010001000100010001000100000200F0AC61B061C061000FF8070912610B
:2061D200000000040000000000000000003F3F407F8FF09FE09FE087F8407E3D3D00000038
:2061F20000000000000000000000000000BABA00DDFF00F800F800C00000F080800000009D
:20621200000000000000000000000802008000000017620000000000000000000000000069
:1862320000000000000100F0236225623562000FFC0309D56100000073
:020000040001F9
:20F5DA003800C0C0E0E0F0F0F010F0B0F010E020D0F008F828F828F838E8F0F0E0E0F0F079
:20F5FA00F0F0030307070F0F0F0F0F0E0F0C07060D0F101F203F203F3C271F1F0F0F1E1E78
:20F61A001E1EC0C0E0E0F0F0F818FCB4F41CE43CCCFC08F810F020E070F0F8F8F8F878788C
:20F63A000000030307070F0F1F1F3F2E2F3C273E253F203F101F080F080F0F0F1F1F1F1F49
:20F65A001E1EC0C0E0E0F0F0F010F0B0FE1EE63AC6FA0CFC10F020E070F0F8F8F8F8787860
:20F67A000000030307070F0F0F0F0F0EFFFCC7BEC5BF607F101F080F080F0F0F1F1F1F1F29
:20F69A001E1EC0C0E0E0F0F0F010F0B0F010E020F0F010F038E838E830F0E0E0E0E0F0F0B4
:20F6BA00F0F0030307070F0F0F0F0F0E0F0C07060D0F101F131D131D0E0F0F0F0F0F0707A9
:20F6DA000101C0C0E0E0F0F0F010F0B0F010EC2CFEF202FE22FE3CFC20E0E0E0F0F070706E
:20F6FA007878030307070F0F0F0F0F0E0F0C07061D1F203F263F3E271C1F1F1F1F1F1F1F11
:20F71A000000C0C0E0E0F0F0F010F0B0F010E020E0E020E0A0E0A0E030F0F0F0F8F8B8B8EF
:20F73A003C3C030307070F0F0F0F0F0E0F0C07060D0F0B0F090E090E07070F0F0F0F0F0FD6
:20F75A000000C0C0F0F0F8F8FCF4F4FCF4FCE4FCD4FC18F810F010F0F0F0F0F0F0F0F0F02F
:20F77A000000030307070F0F0F0F1F1F3F2F273F233F283F181F080F0F0F0F0F0F0F0F0F7E
:20F79A000F0FC0C0E0E0F0F0F010F0B0F010E020E0E020E020E020E020E0E0E0E0E0F0F051
:20F7BA00F0F0030307070F0F0F0F0F0E0F0C7F7EC5BFC0BF787F080F080F0F0F1F1F3E3ECA
:20F7DA003838000000000000000000000000000000000000FCFC02020000000002021C1C67
:20F7FA00E0E00000000000000000000000000000000000003F3F7F7F7F7FFFFFFEFEFCFCC3
:20F81A00FFFFFEC0F000C000C0408080000000000000000000000000000000000000000062
:20F83A00000001010F0C1F113F221F000F08000000000000000000000000000000000000CA
:20F85A000000E0E0F0F0F8F8F888F858F808F010FCFC06FA06FAFCFC10F0F0F0F0F0F8F88E
:20F87A00F8F8010103030707070707070706030303030407040704070407070707070707DD
:20F89A000303000000000000000000007C7CFCC4BCE49CF49CF49CFC507030300000000018
:20F8BA000000303040408686181830300000747438401E201D1D0000606030308C8C404022
:20F8DA003838C0C0E0E0F0F0F010F0B0F010E020DCFC06FA06FA1CFC20E0E0E0E0E0F0F08E
:20F8FA00F0F0030307070F0F0F0F0F0E0F0C07060D0F101F243F2E332E331F1F0F0F1E1E71
:20F91A001E1E0000000000000000300078005C204C304C305C207800300000000000000051
:20F93A000000C0C0E0E0F0F0F010F8B8E45CE058E0F808F810F010F020E0E0E0E0E0F0F02D
:20F95A00F0F00000042000080620800000000000082000080A20800000000008000000F801
:20F97A000200800000000008040000F80600800000000008080000F80A00800000000000CF
:20F99A00002000080220800000008000000000080C0000F80E00800000000008100000F859
:20F9BA001200800000000008140000F81600800000000008180000F81A008000000000003F
:20F9DA00182000081A208000000000000C2000080E20800000000000102000081220800047
:20F9FA00000000001420000816208000000000081C0000F81E00FCF9200000F82200040985
:20FA1A00240000F82600800000000008280000F82A00FD0E20200008222003F724200008DD
:20FA3A0026208000000000001C2000081E20FC0E222000F8202004FF2420000826208000CB
:20FA5A0000000000282000082A20FDF2200000F82200030A240000F82600800000000010EA
:20FA7A002C0000082E0000F0300000F832008000000001163400FFFA2C0000F8300000F8B0
:20FA9A0032008000000000102C0000F8300000F8320080000000000D2C0000FB360000F82A
:20FABA00320000162E0080000000000D2C0000FB360000F832008000000000F82C2000F8E6
:20FADA002E2000103020000832208000000001F23420FF062C2000083020000832208000BA
:20FAFA00000000F82C2000083020000832208000000000FB2C20000536200008322000EA90
:20FB1A002E208000000000FB2C200005362000083220800000005C795C795C796879687940
:20FB3A00687974798079807980798C798C798C799879A479A879B479A879C079CC79CC7983
:20FB5A00D879D879E479F079E479FC79087A247A247A407A5C7A5C7A787A8C7AA07AB07AF1
:20FB7A00B07AC47AD47AE87AFC7A0C7B0C7B207B00050606070C0D0D0E0E0F121316171A5F
:20FB9A001B1D1B1D1B1D1B1D1B1D1B1D1B1D1B1D1E201E201E201E201E201E201E201E209B
:20FBBA0021262126212621262126212621262126272C272C272C272C272C272C272C272C5B
:1DFBDA00000008001000180020002D00F0307B8A7BDA7B000FF80707DA7500000038
:020000040002F8
:20624A000800E0E010F088F8C4FCE43CE2BEE2FECAFE82FE14FC14FC14FC04FC0AFEC1FF4C
:20626A003E3E0F0F1C133F2F5F795F7D5F735F764F7C675F203F302F302F203F605FC3BF34
:20628A007C7CE0E008F8C4FCE4FCF2FEF29EF2DEF2FEE2FEC4FC28F808F810F008F804FC9C
:2062AA00F8F80F0F303F6F5FFFBCBFFEBFEFBFE7BFFD9FFC4F7F302F302F101F1817312F1C
:2062CA001E1E0008000000F80200800000000008040000F8060080000000CC62D862000103
:2062EA00000100010001000100010001000100000200E8E462E862F862000FF007094A62FE
:20630A0000000004006666FF99FF81FF817E423C24181800000000000000000000000000BB
:20632A000000000000666699FF81FF81FF427E243C1818000000000000000000000000009F
:05634A0000000000004E
:203520000010000000F7000000F7000000F7000000F700008000000000EC0200002400000D
:2035400000F7000000F7000000F700008000000000F5020000F702000024000000F70000FB
:2035600000F700008000000000FE020000F7020000F702000024000000F700008000000047
:203580000007020000F7020000F7020000F7020000240000800000000010020000F7020088
:2035A00000F7020000F7020000F702008000000020753875507568758075987500050005B0
:2035C00000050005000500050005000500000600F0B075BC75CC75000FF807090D630000B9
:0135E00000EA
:20634F00800000004F630000000000000000000000000000000000000100F0536355636538
:0B636F0063F0FFF807000000000000D2
:020000040001F9
:20FBF7002400000000E0E010F00870883048304830483048304830487088F008E01000E07A
:20FC17000000000000C08040804080408040804080408040804080408060E010E01000F09D
:20FC370000000000000707080708010E010201020102010201020102010607080708000F33
:20FC57000000000000E0E010F008708830487088F008E010C020804000F8F008F00800F8F5
:20FC770000000000000707080F100E110C120C12001F0102030407080F100F100F10001F29
:20FC97000000000000F8F008F008E010C020C020E0107088304830487088F008E01000E01D
:20FCB70000000000001F0F100F10000F000301060304000F0C120C120E110F100708000711
:20FCD7000000000000C08078B04830C830C830483048304830C8F008F00830C83048007835
:20FCF700000000000003010203040304070806090E110C120C130F100F10001F0000000002
:20FD17000000000000F8F008F00800F8000000F0F008F80438C4182438C4F804F00800F0F0
:20FD370000000000001F0F100F100C130C120C130F100F10000F0C120E110F100708000734
:20FD57000000000000E0E010F00830C8003800E0E010F008708830487088F008E01000E09C
:20FD770000000000000707080F100E110C120C130B140F100E110C120E110F10070800070C
:20FD97000000000000F8F008F008708870886090E010C020C02080408040008000800080D4
:20FDB70000000000001F0F100F10000F000000000001000101020102030403040708000F8C
:20FDD7000000000000E0E010708830487088E010F0087088304830487088F008E01000E044
:20FDF7000000000000E0E010F0087088304830487088F008D02830C870887088708800F87C
:20FE170000000000000707080F100E110C120C120E110F10070800070000000000000000E7
:02FE37000000C9
:020000040002F8
:2035E1000008000000F80020800000000008020000F80400800000000008060000F8080096
:203601008000000000080A0000F80C008000000000080E0000F810008000000000081200DB
:2036210000F8140080000000FF08160000F818008000000000081A0000F81C00800000009A
:2036410000081E0000F81E20800000000008200000F8220080000000000D000000F80020A6
:2036610000FF020000F8040080000000000C020000F804000000020000F804008000000044
:20368100000D060000F8080000FF020000F8040080000000000D0A0000F80C0000FE02007E
:2036A10000F8040080000000000D0E0000F8100000FF020000F8040080000000000D1200CE
:2036C10000F8140000FF020000F8040080000000E175ED75F975057611761D76297635765B
:2036E10041764D7659766D7681769576A976BD76000F000F000F000F000F000F000F000FD1
:1537010000001000F0D176F1760177000FF80707F77B00000006
:20637A00800000007A630000000000000000000000000000000000000100F07E6380639061
:0B639A0063121FF80700000000000065
:203716000A00000000007F7F407F203F101F101F101F101F111F121F243F447F7C7F030329
:20373600010100000000FFFF00FF3EFF42C38181E0E0E0E0F0F030F018F81FFF1FFFE0E0A4
:20375600C0C000000000C0C020E0F010708038C0B8C0B8C098E0C8F0447CC2FEFEFE3E3E53
:203776001C1C00000000FFFF00FF3EFF42C38283E2E3E2E3F5F735F718FF1FFF1FFFE0E002
:20379600C0C000000000E0E018F83CEC7ECAFFC9BFAD929200000B0BBFB5FFC9FEF23E3E3D
:2037B6001C1C8000000000FC0000000802000008040080000000000C002000F8022000F86B
:2037D60004208000000001FC0000000802000008040080000000010C002000F8022000F85D
:2037F60004208000000001FB000000080600000808008000000000FB000000080600000864
:20381600080080000000010D002000F8062000F8082080000000000D002000F8062000F8DB
:20383600082080000000B877BC77BC77CC77CC77BC77DC77CC77EC77FC770C781C782C7854
:20385600000001020000030400000506000007080000090A00000B0C0000090A00000B0CDA
:2038760000000000000000000000000000000000000000000000000000000000080010001A
:133896000D00F03C7856788678FF0EF70708167700000002
:2063A50080000000A563010000A96300000000000000000000000000000800000007070C21
:2063C5000C181810101010111111110000C0C060607070D0D09898888808080000010103E3
:2063E500030606040400000000000000008080808080808080808080808080111112121A21
:206405001A0C0C060603030000000008080808181810103030E0E0000000000000000000A3
:2064250000000000000F0F000000008080808080808888F8F880800000000009003F007F72
:206445003FC040DF5FF050D050F050F050FF00FFFF0000FFFF0000000000000000FC00FEE5
:20646500FC0302FBFA0F0A0B0A0F0A0F0AF050F050F050F050F050F050F050F050000000C1
:20648500000000000000000000000000000F0A0F0A0F0A0F0A0F0A0F0A0F0A0F0AD070F0FF
:2064A50050D070F050DF7FC07F7F3F3F000000000000000000FFFF00FFFFFFFF000B0E0F4B
:2064C5000A0B0E0F0AFBFE03FEFEFCFC0025120115FD070009FD080007001A0164EB0000BB
:2064E500FFFF060965491400000008140001000715FD0300FE08002BFB03000015FE02004B
:20650500FBFFFF005EFFFF63BE09090615FE0300FBFFFF005EFFFF63BE09090715FE06002A
:20652500FBFFFF005EFFFF63BE090A0615FE0700FBFFFF005EFFFF63BE090A075870E3076B
:20654500025902020025120115FD040009FD080007001A0165630000FFFF060965C114004A
:20656500000008140001000415FD0300FE04002BFB03000015FE0200FBFFFF005EFFFF63E8
:20658500BE09090815FE0300FBFFFF005EFFFF63BE09090915FE0600FBFFFF005EFFFF63A6
:2065A500BE090A0815FE0700FBFFFF005EFFFF63BE090A095870E307025902020025120405
:2065C50015FF03F86907C600570115FE0000FBFDFFFE8005FBFEFF00140000FFFC35FFFC55
:2065E5003201FFFC15FF03F8691CC50027030209485815FD1300FE030001001A01660C0086
:2066050000FFFF0609660C0025120415FD1300FE030001001A0166250000FFFF0609665724
:2066250015FF03F86907C600570115FE0000FBFDFFFE0005FBFEFF00140000FFFC35FFFC74
:206645003201FFFC15FF03F8691CC500270302097E590025120415FD1300FE040001001A25
:206665000166700000FFFF060966A215FF03F86907C600570115FE8001FBFDFFFE0008FB00
:1E668500FEFF00140000FFFC35FFFC3201FFFC15FF03F8691CC50027030209B45100FA
:2038A900251204190000FFFC1A0078BD0001FFFC0109798F140001FFFC3E10FFFC140001E5
:2038C900FFFC3D07FFFC140001FFFC840006FFFC3F0400FFFC1A0078EA0000002C010979A7
:2038E9008901000015F97540DAFBFFFF0015FF1FF87540DA00400042652063617265667568
:203909006C2120546865726527730A616E20656E656D79206E65617262792E00470101042C
:2039290014000045FD040045FF00004E010512010141FF0044130140005377696E672079FF
:203949006F7572206261672061740A697420746F20646566656174206974210047010104EB
:2039690014000041FF0044130145FE040044030145FD12001815FDFFFFF87540DA000201FD
:20398900140001002C00190000FFFC1A0079A00002FFFC010979A6140001002C00002512F8
:2039A90001190000FFFF1A0079BB0001FFFF01097A451A0079C70000002D01097A44010080
:2039C9000015F97540DAFBFFFF0015FF27F87540DA004000507265737320FE20746F206A8E
:2039E900756D70210A547279206A756D70696E67206F6E20746F700A6F6620746865206DAB
:203A0900757368726F6F6D2E004701010514000045FD050045FF00004E010512010141FFCD
:203A29000044130145FE050044030145FD12001815FDFFFFF87540DA00020100190000FF77
:203A4900FF1A007A560002FFFF01097A5C140001002D0000251201190000FFFF1A007A71FE
:203A69000001FFFF01097B1F1A007A7D0000003101097B1E01000015F97540DAFBFFFF001E
:203A890015FF27F87540DA004000596F752063616E20636C696D62206F6E200A747265658E
:203AA90073206279207072657373696E670AFA21004701010514000045FD050045FF0000F2
:203AC9004E010512010141FF004413014000596F752063616E20616C736F2077616C6B0A66
:203AE9006F6E20746865206272616E6368657321004701010514000041FF0044130145FEBB
:203B0900050044030145FD12001815FDFFFFF87540DA00020100190000FFFF1A007B30006D
:203B290002FFFF01097B3614000100310000251201190000FFFF1A007B4B0001FFFF010943
:203B49007BD015FD2E0009FD1D000907001A017B620000FFFF06097BCF01000015F975408B
:203B6900DAFBFFFF0015FF1FF87540DA00400057616C6B206F76657220746F207468652080
:203B89000A62616720746F207069636B20697420757021004701010414000045FD0400450F
:203BA900FF00004E010512010141FF0044130145FE040044030145FD12001815FDFFFFF8FA
:203BC9007540DA00020100190000FFFF1A007BE10002FFFF01097BEC140001002E140001F4
:203BE900001D0000251201190000FFFF1A007C010001FFFF01097C811A007C0D0000002FE1
:203C090001097C8001000015F97540DAFBFFFF0015FF27F87540DA0040005377696E6720D4
:203C2900796F75722062616720616E640A61747461636B20627920707265732D0A73696E37
:203C49006720FF21004701010514000045FD050045FF00004E010512010141FF00441301C7
:203C690045FE050044030145FD12001815FDFFFFF87540DA00020100190000FFFF1A007CF8
:103C8900920002FFFF01097C98140001002F000037
:2066A300251201190000FFFF1A0066B70001FFFF010967261A0066C30000003001096725B2
:2066C30001000015F97540DAFBFFFF0015FF1FF87540DA0040004D6F766520627920707292
:2066E300657373696E67200AFC206F7220FD21004701010414000045FD040045FF00004E70
:20670300010512010141FF0044130145FE040044030145FD12001815FDFFFFF87540DA0032
:1B672300020100190000FFFF1A0067370002FFFF0109673D1400010030000096
:203C9900251204190000FFFC1A007CAD0001FFFC01097D5A140003FFFC840006FFFC3F04C2
:203CB90000FFFC140003FFFC3E10FFFC140003FFFC3D07FFFC1A007CDA0000003201097D1B
:203CD9005901000015F97540DAFBFFFF0015FF27F87540DA00400044656665617420616CA3
:203CF9006C2074686520656E656D696573200A746F206D6F7665206F6E20746F2074686593
:203D1900206E657874200A6C6576656C21004701010514000045FD050045FF00004E010507
:203D390012010141FF0044130145FE050044030145FD12001815FDFFFFF87540DA00020128
:193D590000190000FFFC1A007D6B0002FFFC01097D7114000100320000FF
:20673E0025120115FD050009FD080007001A0167570000FFFF060967B514000000081400A5
:20675E0001000515FD0300FE02002BFB03000015FE0200FBFFFF005EFFFF63BE09090A151B
:20677E00FE0300FBFFFF005EFFFF63BE09090B15FE0600FBFFFF005EFFFF63BE090A0A15A6
:20679E00FE0700FBFFFF005EFFFF63BE090A0B5870E3070259020200251205190000FFFCE1
:2067BE001A0067CA0001FFFC0109680815FD0100FF012DFB01000015FF03F86907C6005722
:2067DE000115FE8000FBFDFFFE0005FBFEFF00140000FFFC35FFFC3201FFFC15FF03F86930
:2067FE001CC50027030209EC5200190000FFFB1A0068190002FFFB010968350100050A5A6C
:18681E008A0915FD0100FBFDFF00140005FFFC75FFFC0A5A3D09000097
:203D7200251201190000FFFF1A007D860001FFFF01097E751A007D920000001401097E7490
:203D920001000015F97540DAFBFFFF0015FF2FF87540DA0040004265206361726566756CC7
:203DB200210A496620796F752066616C6C2C20796F752077696C6C2074616B650A64616D59
:203DD20061676520616E6420737461727420746865200A6C6576656C206F7665722100471C
:203DF20001010614000045FD060045FF00004E010512010141FF0044130140004966207981
:203E12006F7572206865617274732072756E206F75742C0A796F752077696C6C20737461D3
:203E32007274207468652067616D65200A6F766572206174206C6576656C203121004701A2
:203E5200010614000041FF0044130145FE060044030145FD12001815FDFFFFF87540DA0009
:203E7200020100190000FFFF1A007E860002FFFF01097E9414000100140A5A09090A5A2BAE
:033E920009000024
:20683600251205190000FFFC1A00684A0001FFFC0109688815FD0100FF012DFB01000015DF
:20685600FF03F86907C600570115FE0000FBFDFFFE8003FBFEFF00140000FFFC35FFFC32A6
:2068760001FFFC15FF03F8691CC50027030209C35400190000FFFB1A0068990002FFFB0136
:206896000968B50100000A5A8A0915FD0100FBFDFF00140000FFFC75FFFC0A5A3D09000091
:2068B600251205190000FFFC1A0068CA0001FFFC0109690815FD0100FF012DFB010000155E
:2068D600FF03F86907C600570115FE0000FBFDFFFE0006FBFEFF00140000FFFC35FFFC32A3
:2068F60001FFFC15FF03F8691CC500270302091E5600190000FFFB1A0069190002FFFB01D8
:206916000969350100000A5A8A0915FD0100FBFDFF00140000FFFC75FFFC0A5A3D0900008F
:20693600251205190000FFFC1A00694A0001FFFC0109698815FD0100FF012DFB01000015DC
:20695600FF03F86907C600570115FE0000FBFDFFFE8004FBFEFF00140000FFFC35FFFC32A4
:2069760001FFFC15FF03F8691CC50027030209225700190000FFFB1A0069990002FFFB01D2
:206996000969B50100000A5A8A0915FD0100FBFDFF00140000FFFC75FFFC0A5A3D0900008F
:2069B600251205190000FFFC1A0069CA0001FFFC01096A0815FD0100FF012DFB010000155B
:2069D600FF03F86907C600570115FE0000FBFDFFFE0005FBFEFF00140000FFFC35FFFC32A3
:2069F60001FFFC15FF03F8691CC50027030209485800190000FFFB1A006A190002FFFB01AA
:206A1600096A350100000A5A8A0915FD0100FBFDFF00140000FFFC75FFFC0A5A3D0900008D
:206A3600251205190000FFFC1A006A4A0001FFFC01096A8815FD0100FF012DFB01000015D9
:206A5600FF03F86907C600570115FE0000FBFDFFFE8004FBFEFF00140000FFFC35FFFC32A3
:206A760001FFFC15FF03F8691CC500270302097E5900190000FFFB1A006A990002FFFB0172
:206A9600096AB50100000A5A8A0915FD0100FBFDFF00140000FFFC75FFFC0A5A3D0900008D
:206AB600251204140002FFFC840006FFFC3F0400FFFC140000FFFC3E20FFFC0025120414FA
:206AD6000004FFFC840006FFFC3F0400FFFC140000FFFC3E20FFFC140001001B002512010E
:206AF60015FD060009FD080007001A016B0C0000FFFF06096B6A14000000081400010006A8
:206B160015FD0300FE01002BFB03000015FE0200FBFFFF005EFFFF63BE09090C15FE030063
:206B3600FBFFFF005EFFFF63BE09090D15FE0600FBFFFF005EFFFF63BE090A0C15FE0700E2
:156B5600FBFFFF005EFFFF63BE090A0D5870E307025902020083
:203E9500251201190000FFFF1A007EA90001FFFF01097F3415FD1C0009FD1D000907001A46
:203EB500017EC00000FFFF06097F3301000015F97540DAFBFFFF0015FF1FF87540DA00405E
:203ED5000057616C6B206F76657220746F20746865200A626C756520626F6F6B20746F203E
:203EF5007069636B20697420757021004701010414000045FD040045FF00004E0105120191
:203F15000141FF0044130145FE040044030145FD12001815FDFFFFF87540DA000201001945
:203F35000000FFFF1A007F450002FFFF01097F50140001001C140001001D00002512011903
:203F55000000FFFF1A007F650001FFFF01097FE01A007F710000001E01097FDF0100001542
:203F7500F97540DAFBFFFF0015FF1FF87540DA00400053686F6F74207573696E6720796F56
:203F9500757220626C75650A626F6F6B207573696E6720FB20FF2100470101041400004561
:203FB500FD040045FF00004E010512010141FF0044130145FE040044030145FD1200181597
:203FD500FDFFFFF87540DA00020100190000FFFF1A007FF10002FFFF01097FFF1400010009
:0B3FF5001E0A5A09090A5A2B09000095
:206B6B00251201190000FFFF1A006B7F0001FFFF01096BE71A006B8B0000001F01096BE6D2
:206B8B0001000015F97540DAFBFFFF0015FF1FF87540DA004000506574204361736965200B
:206BAB00746F206865616C21004701010414000045FD040045FF00004E010512010141FF79
:206BCB000044130145FE040044030145FD12001815FDFFFFF87540DA00020100190000FFA5
:206BEB00FF1A006BF80002FFFF01096BFE140001001F0000251204140000FFFC364D65092C
:206C0B00FFFC14000500010100010A5A8A0915FD0100FBFDFF00140001FFFC75FFFC0025AC
:206C2B001204140000FFFC364D6509FFFC14000500010100000A5A8A0915FD0100FBFDFF1C
:206C4B0000140000FFFC75FFFC00251204140000FFFC364D6509FFFC140005000101000059
:206C6B000A5A8A0915FD0100FBFDFF00140000FFFC75FFFC002512040A710B0815FD0300AB
:206C8B00FD020001001A016CAB0000FFFF06140001FFFC840005FFFC3F0400FFFC096CC4A8
:1A6CAB00140001FFFC3F0808FFFC140001FFFC840000FFFC3F0400FFFC00A8
:020000040001F9
:20FE3900251204190000FFFC1A007E4D0001FFFC01097FE8607FEB0315FD0300FD02000126
:20FE5900001A017E7A0000FFFF06140001FFFC840005FFFC3F0400FFFC1400010009097EFB
:20FE790098140001FFFC3F0808FFFC140001FFFC840000FFFC3F0400FFFC14000000091A73
:20FE9900007EA40000000E01097FE701000015F97540DAFBFFFF0015FF27F87540DA004010
:20FEB900004A756D70206F6E20746F70206F66207468650A6269747320746F207475726E1F
:20FED900207468656D206F6E0A6F72206F666621004701010514000045FD050045FF0000EA
:20FEF9004E010512010141FF0044070140005468652076616C7565206F662074686520627F
:20FF19006974730A6D75737420636F72726573706F6E642077697468200A746865206E75FC
:20FF39006D626572206F6E73637265656E2E004701010514000041FF00440701400049667A
:20FF590020796F752067657420746865206E756D6265720A636F72726563742C205369722B
:20FF79002052656E27730A736869656C642077696C6C20626520646F776E2E0047010105F3
:20FF990014000041FF004407014000486974205369722052656E20666976652074696D6517
:20FFB900730A746F2077696E21004701010514000041FF0044070145FE050044030145FD79
:20FFD90012001815FDFFFFF87540DA00020100190000FFFC1A007FF90002FFFC01097FFF19
:07FFF900140001000E0000DE
:020000040002F8
:206CC50025120415FD1300FE020001001A016CDD0000FFFF06096D0F15FF03F86907C6001C
:206CE500570115FE0000FBFDFFFE0004FBFEFF00140000FFFC35FFFC3201FFFC15FF03F8B7
:206D0500691CC50027030209C3540025120415FF03F86907C600570115FE0000FBFDFFFEF8
:206D25008006FBFEFF00140000FFFC35FFFC3200FFFC15FF03F8691CC500270302091E5662
:206D450015FD1300FE040001001A016D5A0000FFFF06096D5A0025120415FD1300FE0200F0
:206D650001001A016D730000FFFF06096DA515FF03F86907C600570115FE8000FBFDFFFECE
:206D85008005FBFEFF00140000FFFC35FFFC3200FFFC15FF03F8691CC50027030209EC5239
:206DA5000025120415FD1300FE040001001A016DBE0000FFFF06096DF015FF03F86907C676
:206DC50000570115FE0000FBFDFFFE0005FBFEFF00140000FFFC35FFFC3201FFFC15FF03CD
:0C6DE500F8691CC50027030209225700B2
:020000040000FA
:100571001E07210040C38B3C1E0721F342C38B3C65
:020000040002F8
:116DF1002118C536002119C53600212FDA3600C9C936
:020000040000FA
:20A9B200E8FAAF219ED92277FAB2D9EAA0D9FAB3D9EAA1D93E0221A0D9CB2623CB163D20C5
:20A9D200F521B6C07EFE022803B72002360111B2C01AF80422131A322A4F46CB28CB19CBA5
:20A9F20028CB19CB28CB19CB28CB19CB28CB19CB28CB19CB28CB19F8007121B4C02A4F4649
:20AA1200CB28CB19CB28CB19CB28CB19CB28CB19CB28CB19CB28CB19CB28CB1979219AD936
:20AA320036003DF80577F8007E212CC5963044F8057E212DC596303BFA29C5F80177FA2C7E
:20AA5200C5F80222AF22233A223600F8022A234F06005E1600CDA20D79212AC586234F78F8
:20AA72008E47F8006E2600095D54F8017ECD76157918023E0FE6F0D6102071FAB8C04F07E5
:20AA92009F47FAB7C05F079F5779934F789A47CB28CB19F80046AF686729292923232323A3
:20AAB200790600834F788A477D916F7C9867292929294D4421B2C079227021C1C036062120
:20AAD200D0C04604FACFC0C533F53311B1C0D51E03216345CD8B3CE80401BCC00AEABDC032
:20AAF2000A3CEABEC0219DD936011812219DD9360011B1C0D51E03210646CD8B3CE121183E
:20AB1200C536002119C53600211AC53604211BC53610212FDA3600E806C9E8E9FAB8C04FC9
:20AB3200079F47FAB7C0F81522079F322A5F5679935F789A474BCB28CB1921B2C02A476E67
:20AB52005855CB2ACB1BCB2ACB1BCB2ACB1BCB2ACB1BF8152A666F195D54F8157922AF326B
:20AB72002A666F194D44CB28CB19CB28CB19CB28CB19F80B7121B4C02A4F46CB28CB19CB2B
:20AB920028CB19CB28CB19CB28CB19FAB9C06F079F6709234D44CB28CB19CB28CB19CB289C
:20ABB200CB19F80A71FA15C6F81477F80B7E212CC5963E0017F80C77FA29C5F80D77FA2C51
:20ABD200C5F80E223600F8147EE604F81077F8147EE608F81177F8143A2BE60222233AE697
:20ABF2000177FA9DD9B7CAC16EAF21A0D92277F8107EB72853F80C7EB728312B2B7E212D5D
:20AC1200C5963028F80A5E1600F80E4E0600CDA20D79212AC586234F788E47F80B6E2600BE
:20AC3200095D54F80D7ECD76157918023E0FE6F0D610C2A56EAF21A6D996EAA0D99F21A74D
:20AC5200D996EAA1D9C3A56EF8117EB7CA1D6D11B4C01AF81522131A77CB2E2BCB1E23CB3A
:20AC72002E2BCB1E23CB2E2BCB1E23CB2E2BCB1EFABAC0F81477F81122079F77F8153A2B6F
:20AC920077F8163A2B322A5F56F8112A666F19E57DF81777E17CF816322A5F566B6223E54D
:20ACB2007DF81577E17CF814322A23322A2377CB2E2BCB1E23CB2E2BCB1E23CB2E2BCB1E36
:20ACD2005EF80C7EB7282C7B212DC59630251600F80E4E0600CDA20D79212AC586234F7819
:20ACF2008E47F80B6E2600095D54F80D7ECD76157918023E0FE6F0D610C2A56EFAA6D9EA6D
:20AD1200A0D9FAA7D9EAA1D9C3A56EF80B7EF81677F8127EB7CAE56D219DD9360021B4C031
:20AD32002A4F46CB28CB19CB28CB19CB28CB19CB28CB19FAB9C06F079F67095D54CB2ACB7D
:20AD52001BCB2ACB1BCB2ACB1BF81573FABAC06F079F6709CB2CCB1DCB2CCB1DCB2CCB1DFA
:20AD72007D3CF80E77F8157EF80E96CAA56EF8167E3DF80F77212CC5963045F8157E212D4A
:20AD9200C596303CFA29C5F81077FA2CC5F811223600F8153A2B223600F8112A234F0600B2
:20ADB2005E1600CDA20D79212AC586234F788E47F80F6E2600095D54F8107ECD7615180276
:20ADD2000E0FCB592808219DD93601C3A56EF815341892F8137EB7CAA56E219DD936002156
:20ADF200B4C02A4F46CB28CB19CB28CB19CB28CB19CB28CB19FAB9C06F079F67095D54CB3E
:20AE12002ACB1BCB2ACB1BCB2ACB1BF81573FABAC06F079F6709CB2CCB1DCB2CCB1DCB2C2C
:20AE3200CB1D7D3CF80E77F8157EF80E962864F8167E3CF80F77212CC5963045F8157E2120
:20AE52002DC596303CFA29C5F81077FA2CC5F811223600F8153A2B223600F8112A234F06C4
:20AE7200005E1600CDA20D79212AC586234F788E47F80F6E2600095D54F8107ECD761518B7
:20AE9200020E0FCB512807219DD936011805F81534189421B4C02A4F4621A1D95E7B079FF0
:20AEB200576960194D4421B4C0792270C3157EF8147EE620322B7EB7CACC6FAF21A2D996B8
:20AED200234F9F9647F8147EB72877FA9ED921ACD996219ED9227E21ADD99EEA9FD91100F5
:20AEF2000021A8D92A666F7B955F7A9CF8143273119ED91A1396231A9E1A57CB7E2807CB8F
:20AF12007A2008BF1805CB7A2801373007F8132A4F561825219ED9799623789E7857CB7EB6
:20AF32002807CB7A2008BF1805CB7A2801373003501806219ED92A4F56219ED9792272C372
:20AF52003E71FA9ED921AAD996219ED9227E21ABD99EEA9FD911000021A4D92A666F7B95EA
:20AF72005F7A9CF8143273119ED91A1396231A9E1A57CB7E2807CB7A2008BF1805CB7A28D4
:20AF920001373007F8132A5F561826219ED9799623789E7857CB7E2807CB7A2008BF180598
:20AFB200CB7A280137300459501806219ED92A5F56219ED97B2272C33E71F8137EB7CAC184
:20AFD20070FAA2D9F81277FAA3D9F813227EB72871FA9ED921ACD986219ED9227E21ADD90C
:20AFF2008EEA9FD9119ED921A2D91A1396231A9E1A57CB7E2807CB7A2008BF1805CB7A28EE
:20B0120001373007F8122A5F7E182E11A8D9219ED91A1396231A9E1A57CB7E2807CB7A2042
:20B0320008BF1805CB7A280137300821A8D92A5F7E1806219ED92A5F7E219ED9732377C36F
:20B052003E71FA9ED921AAD986219ED9227E21ABD98EEA9FD9119ED921A2D91A1396231AA3
:20B072009E1A57CB7E2807CB7A2008BF1805CB7A2801373006F8122A46182C11A4D9219E08
:20B09200D91A1396231A9E1A57CB7E2807CB7A2008BF1805CB7A280137300721A4D92A460B
:20B0B2001805219ED92A46219ED92270C33E71FA9AD9B72877219FD9CB7E28362B7E21AE42
:20B0D200D986219ED9227E21AFD98E219FD932AF96233E009E3E0057CB7E2807CB7A200807
:20B0F200BF1805CB7A2801373042AF219ED92277183A219ED9AF96233E009E3E0057CB7E5F
:20B112002807CB7A2008BF1805CB7A280137301CFA9ED921AED996219ED9227E21AFD99E86
:20B13200219FD977CB7E28042BAF2277F80B7E160087CB1287CB1287CB125F21040019E5C0
:20B152007DF81577E17CF81477F8107EB7CA3B722311B4C01A22131A77CB2E2BCB1E23CBC5
:20B172002E2BCB1E23CB2E2BCB1E23CB2E2BCB1EFAB9C0F81077F80722079F77F8117EF86C
:20B192000977F8127EF80A322A5F56F8072A666F19E57DF81377E17CF81277CB2E2BCB1E9C
:20B1B20023CB2E2BCB1E23CB2E2BCB1E2A77F80C7EB72837F8127E212DC596302EF8123A11
:20B1D200223600F80E4E0600F8115E1600CDA20D79212AC586234F788E47F80B6E26000944
:20B1F2005D54F80D7ECD76157918023E0FE6F0D610C2DB72FAB7C04F079F47F8152A666F4D
:20B21200094D44F8132A5F567B915F7A986B67292929294D4421B2C0792270219DD93601A8
:20B23200AF219ED92277C3DB72F8117EB7CADB7221B4C02A4F46CB28CB19CB28CB19CB28C2
:20B25200CB19CB28CB19FABAC06F079F6709234DCB2CCB19CB2CCB19CB2CCB19F80C7EB7EE
:20B27200282D79212DC5963026591600F80E4E0600CDA20D79212AC586234F788E47F80BD9
:20B292006E2600095D54F80D7ECD76157918023E0FE6F0D6102032FAB7C04F079F47F815CB
:20B2B2002A666F094D44F8132A5F567B915F7A986B67292929294D4421B2C0792270219D19
:20B2D200D93601AF219ED92277FA15C6CB67281B21A1D9CB7E28142B7E21B4D98621A0D98B
:20B2F200227E21B5D98EEAA1D91813FAA0D921B2D98621A0D9227E21B3D98EEAA1D9FA9BBD
:20B31200D9F81477219BD9360021B4C02A4F46CB28CB19CB28CB19CB28CB19CB28CB19FA4A
:20B33200B9C06F079F67095D54CB2ACB1BCB2ACB1BCB2ACB1BF80773FABAC06F079F670950
:20B352004D44CB28CB19CB28CB19CB28CB19793CF8087711B2C01AF81222131A327EF800FB
:20B3720077F8137EF80177219FD95E7B079F57F8122A666F19E57DF80B77E17CF80A77FA0E
:20B3920029C5F80B77FA2CC5F80C223600F8097EF80E77F80A7EF80F77CB2E2BCB1E23CBF7
:20B3B2002E2BCB1E23CB2E2BCB1E23CB2E2BCB1EF81379227EE660F81077F8147EE610F878
:20B3D2001177219ED9AF96233E009E3E0057CB7E2807CB7A2008BF1805CB7A280137D2B773
:20B3F20075FAB8C04F079F47F80E2A666F094D44CB28CB19CB28CB19CB28CB19F81271FA7F
:20B41200B7C04F079F47F80E2A666F094D44F8152A666F09234D44CB28CB19CB28CB19CB86
:20B4320028CB19F80F717E212CC5963030F8137E212DC5963027F8135E1600F80C4E060090
:20B45200CDA20D79212AC586234F788E47F80F6E2600095D54F80B7ECD761518020E0F79B2
:20B47200E660280A219BD971F8137EEA9CD9F80FAF227EF81377F8072A96CA8575F8127E71
:20B49200212CC5963038F8077E212DC596302FFA29C5F81077212CC54E0600F8075E1600C5
:20B4B200CDA20D79212AC586234F788E47F8126E2600095D54F8107ECD76157918023E0F1A
:20B4D20047E6602804F80F3601F8074E0CCB50CA7F75219BD95E7BE660477BE6105FF80F5F
:20B4F2007EB72008FA9CD9F80796202078B728047BB7280CF8137EB728122B2B7EB7200CA7
:20B51200FA9CD9F80796380471C38874F80F7EB7282378B728047BB7200CF8137EB72815EC
:20B532002B2B7EB7280FF8077E219CD9963806F80771C38874F8124EAF47CB21CB10CB2120
:20B55200CB10CB21CB10FAB8C05F079F5779936F789A67292929294D4411010079935F784B
:20B572009AF80A3273AF219ED922771806F80771C38874FAB8C04F079F47212EC52A914F7F
:20B592007E984769602B292929294D44F8092A5F567993789A3805F8092A4F4621B2C0790C
:20B5B2002270C39377FA9FD9CB7FCA9377FAB7C04F079F47F80E2A666F094D445950CB2AA0
:20B5D200CB1BCB2ACB1BCB2ACB1BF81273F8152A666F09235D54CB2ACB1BCB2ACB1BCB2AAC
:20B5F200CB1B7B212CC5963038F8137E212DC596302FF8137EF80E223600D5F80E2A234FD9
:20B6120006005E1600CDA20DD179212AC586234F788E5779835F300114F80B7ECD761518E2
:20B63200020E0F79E660280A219BD971F8137EEA9CD921B4C02A4F46CB28CB19CB28CB19F8
:20B65200CB28CB19CB28CB19FAB9C06F079F67094D44CB28CB19CB28CB19CB28CB19F80E16
:20B672007922AF227EF81377F8087EF80E96CA7D77F8127E212CC5963046F80E7E212DC537
:20B6920096303DFA29C5F81077FA2CC5F806223600F80E3A2B223600F8064E0600F80C5E76
:20B6B2001600CDA20D79212AC586234F788E47F8126E2600095D54F8107ECD76157918024F
:20B6D2003E0F47E6602804F80F3601F80E4E0CCB58CA7777219BD95E7BE660477BE6105F0E
:20B6F200F80F7EB72008FA9CD9F80E96202078B728047BB7200CF8137EB728122B2B7EB7CB
:20B71200280CFA9CD9F80E96380471C37A76F80F7EB7282378B728047BB7280CF8137EB7F0
:20B7320028152B2B7EB7200FF80E7E219CD9963806F80E71C37A76F8124E06006960232975
:20B7520029294D44FAB7C05F079F5779936F789A6729292929234D44F809792270AF219E61
:20B77200D922771806F80E71C37A76F80ACB7E28050100001805F8092A4F4621B2C0792279
:20B7920070FA9AD9F8027721B4C02A4F7EF803712377219AD93600F8147EB72805219AD9EB
:20B7B200360121B2C02A4F46CB28CB19CB28CB19CB28CB19CB28CB19FAB7C05F079F576B5A
:20B7D2006209E57DF81577E17CF814322A5F56CB2ACB1BCB2ACB1BCB2ACB1BF80573FAB8D9
:20B7F200C06F079F6709CB2CCB1DCB2CCB1DCB2CCB1D7D3CF80677FAA1D9F81122079F776B
:20B8120021A0D9AF96233E009E3E0057CB7E2807CB7A2008BF1805CB7A280137D2FC7C21D2
:20B83200B4C02A4F465950F8112A666F195D7CF807732377CB28CB19CB28CB19CB28CB198F
:20B85200CB28CB19FABAC05F079F57696019CB2CCB1DCB2CCB1DCB2CCB1D7D3DF809322B98
:20B872007EF80A322B7EF80B77CB3E2BCB1E23CB3E2BCB1E23CB3E2BCB1E23CB3E2BCB1E04
:20B892002A666F194D44CB38CB19CB38CB19CB38CB19F80C71F8027EB72814F8094EAF4713
:20B8B20003F80C5E16007B9120057A90200134F8132A5F2A572A666F19234D44F80D7922EA
:20B8D20070CB3E2BCB1E23CB3E2BCB1E23CB3E2BCB1E7EF81577F80E7EF816773E03F815F0
:20B8F200CB2623CB163D20F62B2A5F5679935F789AF8103273F80C7EF80996DAEA7BF80D5D
:20B912007EF81177212CC5963046F8097E212DC596303DFA29C5F81277FA2CC5F8132236AD
:20B9320000F8097EF815223600F8132A234F06005E1600CDA20D79212AC586234F788E47A6
:20B95200F8116E2600095D54F8127ECD761518020E0FF8137922AF227779E660CAB97A7944
:20B97200E6F0F81677F8094EAF69672929294D44F8167ED6202039110800F80F2A666F7B0B
:20B99200955F7A9CF81632732A666F094D44FABAC05F079F5779936F789A67292929294D8A
:20B9B2004411010079935F789AF8153273C3B97AF80F2A5F56CB3ACB1BF8167ED640202C3B
:20B9D2003E08936F9F9267094D44FABAC06F079F6779956F789C67292929294D44110100AC
:20B9F20079935F789AF8153273C3B97AF8167ED660202C3E04936F9F9267094D44FABAC018
:20BA12006F079F6779956F789C67292929294D4411010079935F789AF8153273C3B97AF83C
:20BA3200167ED6302029F80F2A666F094D44FABAC06F079F6779956F789C67292929294D98
:20BA52004411010079935F789AF815327318587B814F7A8847F8167ED6502025FABAC05F81
:20BA7200079F5779934F789A4721040009292929294D4411010079935F789AF81532731847
:20BA920026F8167ED670201FFABAC05F079F5779936F789A67292929294D44110100799346
:20BAB2005F789AF8153273F8097E3CF816323AB6CAE17BF8027EB72017F8075D54F8141A04
:20BAD2001396231A9E3009F8167EF80977C30779F8142A4F46CB38CB19CB38CB19CB38CBE9
:20BAF20019CB38CB19FAB9C06F079F67094D44CB38CB19CB38CB19CB38CB19F81271F8057E
:20BB12007EF81677F8167EF80696CAB37BF8167E212CC5963037F8127E212DC596302EFAD4
:20BB320029C5F81177212CC54E0600F8125E1600CDA20D79212AC586234F788E47F8166EDB
:20BB52002600095D54F8117ECD761518020E0FCB492848AF21A0D92277AF219ED92277F89F
:20BB7200037EF81577F8047EF8163211B4C02A12137E12F8007EF81577F8017EF8163211CE
:20BB9200B2C02A12137E12219AD93601F8137EEA9BD9F8097EEA9CD9C3E47DF81634C31673
:20BBB2007BF8147EF81177F8157EF8123211B4C02A12137E12AF21A0D92277219AD9360116
:20BBD200F8137EEA9BD9F8097EEA9CD9C3E47DF8167EF80977C3077921B2C02A4F46CB28DE
:20BBF200CB19CB28CB19CB28CB19CB28CB19FAB7C06F079F67095D54CB2ACB1BCB2ACB1B6D
:20BC1200CB2ACB1BF81673FAB8C06F079F6709CB2CCB1DCB2CCB1DCB2CCB1D7D3CF81577E5
:20BC3200FABAC04F079F47F80A2A666F094D44CB38CB19CB38CB19CB38CB19F80F71F8166C
:20BC52003A96CAEE7CF8167E212CC5963047F80F7E212DC596303EFA29C5F81077FA2CC535
:20BC7200F811223600F80F7EF813223600F8112A234F06005E1600CDA20D79212AC586239C
:20BC92004F788E47F8166E2600095D54F8107ECD76157918023E0F0F303CF80F7E0E008747
:20BCB200CB1187CB1187CB1121BAC06EF57D079F67F1956F799C67292929294D4411010090
:20BCD20079935F789AF8083273219AD93601AF21A0D922771806F81634C3507CF8072A4F1C
:20BCF2004621B4C0792270C3E47DFAA1D9CB7FCAE47D21B4C02A4F46F8112A666F094D7C11
:20BD1200F8137123322A4F46CB38CB19CB38CB19CB38CB19CB38CB19FAB9C06F079F6709ED
:20BD32004D44CB38CB19CB38CB19CB38CB19F81571F8057EF81677F8067EF81696CAD97DED
:20BD5200F8167E212CC5963046F8157E212DC596303DFA29C5F80E77FA2CC5F80F223600D7
:20BD7200F8157EF811223600F80F2A234F06005E1600CDA20D79212AC586234F788E47F866
:20BD9200166E2600095D54F80E7ECD761518020E0FCB49282CF8156E2C26002929294D44D9
:20BDB200FAB9C05F079F5779936F789A6729292929234D44F813792270AF21A0D922771846
:20BDD20006F81634C3497DF8132A4F4621B4C079227011A0D921B6D91A1396231A9E1A57CD
:20BDF200CB7E2807CB7A2008BF1805CB7A280137300721A0D92A46180521B6D92A4621A08C
:20BE1200D92270FA16C62F2115C6A6E604F53311B2C0D511B7C0D51E07212E53CD8B3CE8F4
:20BE3200054FB7C2FD7FF8163601AFF5331E03215248CD8B3C3378B12810212F00097EB7F9
:20BE520028082101C5792270186CFA16C616002F5F7A2F57FA15C62E00A35F7DA257FA1526
:20BE7200C6E6102E00A35F7DA2B3284A78B120113E01F5333E08F5331E03219E47CD8B3C96
:20BE9200E178B12831212F00097EB72029212500097EB72821234E2346110000D52601E5BD
:20BEB20033110000D5C5F5331E04214456CD8B3CE808F81636002116C64E0600792F4F7805
:20BED2002F472115C65E160079A34F78A2477EE6105F160079A34F78A2B12821FA9AD9B712
:20BEF200281BF8167EB72815AF21B0D996EAA0D99F21B1D996EAA1D9219AD93600FA9DD99D
:20BF1200B7283621C1C03606FAD0C03C21CFC046F533C53311B1C0D51E03216345CD8B3C6B
:20BF3200E80421A1D93AB6C2FD7F01BCC00AEABDC00A3CEABEC0C3FD7FFA9AD9B72865FAB4
:20BF52009FD9CB7F28193E01F5333E03F53311B1C0D51E03216546CD8B3CE804C3FD7F21D8
:20BF72009ED9AF96233E009E3E0057CB7E2807CB7A2008BF1805CB7A28013730183E01F57D
:20BF9200333E01F53311B1C0D51E03216546CD8B3CE804185611B1C0D51E03210646CD8B86
:20BFB2003CE11847FAB6C0D603202121C1C03600FAC4C03C21C3C046F533C53311B1C0D576
:20BFD2001E03216345CD8B3CE804181F21C1C03602FAC8C03C21C7C046F533C53311B1C086
:0EBFF200D51E03216345CD8B3CE804E817C93A
:0C05810002B26909F16D022C6B09016ED9
:12399A00C5F8042A575EF8083A473A666FCD533BC1C906
:2039AC00FAB8D96F5FFAB9D957CB2517CB2517CB2517CB2517677B856F7C8A677DC693EAA0
:1639CC00B8D9577CCE5CEAB9D95FC9F8022AEAB8D97EEAB9D9C951
:20058D00626B2AEAD5D92A5F2A571AEABAD90E1211BBD92A12130D20FA0E4721D7D9AF22EC
:2005AD000D20FC3EF0EAE5D9EAF5D93E64EAD6D90E0021BBD911CDD9CDD70521BDD9CDD7BE
:2005CD000521BFD9CDD70521C1D92A81666F8C95672A12137E1213C9474B1EFE78B728071D
:2005ED00CB21CB033D20F9FAD7D9A3B1EAD7D9A1C25A08C9FADCD967848426006F092A468C
:20060D00234EC92A4F46CD0106210000FE48D01287C6986FCE0C95672A666F37C9C6C02FD9
:20062D00FE07D867CB3FCB3F3D6F7CE603C604CB35B5C978CB3782C6DE6FCED99567C9265B
:20064D000048FAD7D90D28170D28250D2833CB47C07BEADED9E0137AEADFD9B4E014C9CB54
:20066D004FC07BEAEED9E0187AEAEFD9B4E019C9CB57C07BEAFED9E01D7AEAFFD9B4E01E8F
:20068D00C9CB5FC0547BCD2A062114DAB6E0227AE023C91806181718281849FAD7D9CB4717
:2006AD00C021DED92AE013FAE3D9B6E014C9FAD7D9CB4FC021EED92AE018FAF3D9B6E0194C
:2006CD00C9FAD7D9CB57C0F025F5E6BBE025AFE01A2FE01A21FED92AE01DFA03DAB6E01E8C
:2006ED00F1E025C9FAD7D9CB5FC0FA0EDAE022FA13DAE023C97E34E5CD0406E1C55778E63A
:20070D00F0CB7A2804CBBACBC7CB3728023D777AFE5A2821D624435F1604CD40067B86236C
:20072D00565F04CB504A2005CD1D06545D61CBBC05CD4E0658C116011802160078E60FB13C
:20074D00C878E60F87C6676FCE0795672A666FCB4228012343FAD9D9B7E9E3081609250944
:20076D003409BB0887078C07DC09A607AB07A00937086D08430849082F08C079E024C900D1
:20078D0021C9D93E0FA187865F233E008E676B2A666F5059FAD9D9B7E9C079E025C9C0FAB9
:2007AD00D7D905280D05281C05280ECB47C079E011C9CB4FC079E016C9CB5FC0F022CB9F41
:2007CD00B1E022C9CB57C07921D6D9CDE0070602C3E00977CB3721CBD98623666F8C9567B9
:2007ED00F025F5E6BBE025AFE01A2AE0302AE0312AE0322AE0332AE0342AE0352AE0362ABE
:20080D00E0372AE0382AE0392AE03A2AE03B2AE03C2AE03D2AE03E2AE03F3E80E01AF1E0FF
:20082D0025C9C079EAD5D9C94FAFC021DAD9B6200236012371C9C079EADAD9C9B9C078C6CF
:20084D00FECE0387271F57FAD7D92FA2C878878780C6126F26FFAF2278FE02C82C36FFC9A8
:20086D00C0CB31FAD7D905281305281D052836CB47C0F012E60FB1E012C3A806CB4FC0F071
:20088D0017E60FB1E017C3BB06CB57C079FEA0300FFE503007B7280A3E6018063E40180219
:2008AD003E20E01CC9CB5FC079E021C3F106C81604CD400679E6F0CB375FFAD8D9A37E2851
:2008CD0007CD1D06545D180BCD1D0679E60F855F8C9357C34C06001604CD400656FAD8D945
:2008ED003D1802D603FE0330FA87C6FF6FCE089567E9180918037A180879CB37FE79E60F5D
:20090D0082CD1D06545DC34C06C81600CD40062A815F8E9357C34C06C81600CD40062A915E
:20092D005F9F8657C34C0628551600CD4006E52A5F2A572A666F7CBA381A20067DBB3814F4
:20094D00282A79835F8A93577CBA381E201E7DBB381818187B915F9F8257CB7A200C7ABC5D
:20096D00380820087BBD38021802545DE17B22723E04856F8C95677ECBBE67C34E06160478
:20098D00CD40063A545DCD1D067C121B7D12E1F1A7F5E9C078C6FECE0387271F57FAD7D932
:2009AD002FA2C879E60F5779E6F05FCB3378878780C6124FF2E6F0CB37923001AF83FE1026
:2009CD0038023E0FCB37E20C0CF2F680E2180428BDB9C07887C6A06FCE069567E978E6F0E8
:2009ED00CB37C83D875F8783856F8C956717C9FAD9D9B7C2B10B21CDD911E2D9CD1006F54B
:200A0D00303F78E60FFE0328087DEADED97CEADFD921C3D92A666FCDEA09FAE3D9CBBF289C
:200A2D001DFAD7D9CB4720192AE0102AE0112AE0122AEAE6D92AEAE7D9AFEAE8D97EEAE3FA
:200A4D00D91E00CD4707F1DCA806FAE6D94FFAE7D947B121E8D91E00C4020721CFD911F2A9
:200A6D00D9CD1006F5303D78E60FFE0328087DEAEED97CEAEFD921C3D92A666FCDEA09FADB
:200A8D00F3D9CBBF281BFAD7D9CB4F2017232AE0162AE0172AEAF6D92AEAF7D9AFEAF8D920
:200AAD007EEAF3D91E01CD4707F1DCBB06FAF6D94FFAF7D947B121F8D91E01C4020721D183
:200ACD00D91102DACD1006F5D2200B78E60FFE0328087DEAFED97CEAFFD921C5D92A666F96
:200AED00CDEA09FA03DACBBF2826FAD7D9CB5720222AE01B2AE01C2AE521D6D9BE2803CD8C
:200B0D00E007E12AEA06DA2AEA07DAAFEA08DA7EEA03DA1E02CD4707F1DCCE06FA06DA4F52
:200B2D00FA07DA47B12108DA1E02C4020721D3D92A4F46CD0106FE48F5304CEA12DACD2A01
:200B4D0006EA0EDA21C7D92A666FCDEA09FA13DACBBF2830FAD7D9CB5F202C2AE0212AEA08
:200B6D0017DA2AEA18DAAFEA19DA7EE63FE020FA0EDA577EE680CB37EA14DAB2EA0EDA7E49
:200B8D00E640F680EA13DA1E03CD4707F1DCF106FA17DA4FFA18DA47B12119DA1E03C402BC
:200BAD0007C3590CFAD7D9CB47201221CDD92A4F46CD010679B728051E00CD4707FAE6D962
:200BCD004FFAE7D947B121E8D91E00C40207FAD7D9CB4F201221CFD92A4F46CD010679B7B8
:200BED0028051E01CD4707FAF6D94FFAF7D947B121F8D91E01C40207FAD7D9CB57201221AA
:200C0D00D1D92A4F46CD010679B728051E02CD4707FA06DA4FFA07DA47B12108DA1E02C40F
:200C2D000207FAD7D9CB5F201221D3D92A4F46CD010679B728051E03CD4707FA17DA4FFA6B
:200C4D0018DA47B12119DA1E03C4020721D8D9342334FAD5D996C022B6280D3D47AF22B628
:200C6D00281036003D871817FADCD93CFE4020170600FABAD94FFADDD9C602B92001AFEAD9
:200C8D00DDD94FCDBF0578EADCD9C92C009C0006016B01C90123027702C602120356039B5D
:200CAD0003DA0316044E048304B504E50411053B0563058905AC05CE05ED050A0627064271
:200CCD00065B06720689069E06B206C406D606E706F7060607140721072D07390744074F4F
:200CED0007590762076B0773077B0783078A07900797079D07A207A707AC07B107B607BA7C
:1B0D0D0007BE07C107C407C807CB07CE07D107D407D607D907DB07DD07DF07DA
:2039E200F040E610C22F3AC5F8073A473A4F3A5F6EE5AFB32005110010180926006B29290E
:203A02002929545DE17D079F6729292929C501009009C1CB5C2806CB642802CBA4F041E63E
:203A22000220FA2A02031B7AB320E8C1C9C5F8053A5F6EE5AFB320051100101809AF676B67
:203A420029292929444DE1672929292911008019545DF8073A6E62577D6B5FCDA20EC1C93A
:200D2800F041E60220FA1AC9F040E6402808180AF040E608200416981802169CF8033A6E8E
:200D48005ACB370767E60383573EE0A4856F62F041E60220FA5EC9FE28D05787874F7B92D5
:200D6800D8C82144DA6669110400CB3F30037219C8CB3F300572197219C87219721972195A
:200D880072193D20F5C94F18024B5F7B179F57AF182A4F179F477B179F5778BA38067B5901
:200DA8004F7A5047B7CAC40D2E00061029CB11173001190520F64D44C94FAF576F0608790F
:200DC80029173001190520F84D44C92141FFCB4E20FC12C957F040E6402809180B57F04011
:200DE800E608200406981802069C2E1F7AA5577BA548CB37075FE60381473EE0A3824FF8B1
:0C0E080002F041E60220FA7E02E133E92C
:203A62007A474B87D0AF914F3E009847C9C5F8042A575EF8093A473A4F3A666FCD2F3CC1B9
:203A8200C9F80656180A1690F040E61028021680C5F8042A5F2A4F2A666FCB337BE60F82A7
:203AA200577BE6F05FCB5A2802CBA20610F041E60220FA2A12130520F40D20E9C1C9F802F6
:203AC2002A666FC5444D1100002AB728031318F9CB3ACB1B7BB228132B2B141C18077EF5E3
:203AE2000A32F102031D20F61520F3C1F8025E2356C9F090F5210A3BE5211EDA2A666FFA0A
:163B020020DAE090EA0020E9F1E090EA0020C9794B5F784257C91F
:200E1400C5E8F0F8000E10AFEFF8003E89223E0332CD610E0E003E30E2F2F21E04F2473E02
:200E340020E2F2F23E10E2F2F23E30E2F2F2F2F2B820071D20E81E00180AF8013E0032CD12
:200E5400610E1E01E810C1C9F8022A666FC57EE6072839F50E00E23E30E206101E082A57F2
:200E7400CB3A3E1038023E20E2F2F23E30E2F2F21D20ED0520E63E20E2F2F23E30E211D0EF
:0E0E940020F0001B7AB320F9F13D20C7C1C940
:03004800C3183B9F
:203B1800F5E5C5D52122DAE52A666FB42815E72124DA2A666FB4280BE72126DA2A666FB480
:1B3B3800C42000E1D1C1E1F041E60220FAF1D92122DAC3F0012122DAC3D001BB
:203B5300E5F040E6402809180CE5F040E6082005210098180321009CC5CB33CB037BE60314
:203B730084473EE0A3824FE1D1D5C5F041E60220FA7C0279E6E05F793CE61FB34F1520EB5E
:163B9300C1D11DC8D578E6FC5F3E20814F8891E603B347C518D53B
:200EA200C579CDB00EC9F8033A6E60477D69CB381F4F3009F041E60220FA2A1213CB38CB74
:200EC20019040C30261812F041E60220FA2A1213F041E60220FA2A1213F041E60220FA2A06
:140EE2001213F041E60220FA2A12130D20D90520D6E1F1E999
:203BA900C5F8042A575EF8083A473A666FCD5C3BC1C9F5D5167FCDCB3BB720F81520F7D1E0
:203BC900F1C93E20E000F000F000E60F5F3E10E000F000F000F000F000F000F000E60FCB22
:123BE90037B32F5F3E30E0007BC957CDCB3BA228FAC909
:013CCF00C034
:200EF600FE283802AFC9F587874F212ADA2A666FFA44DA472AFE80281C8257020C2A835F50
:1D0F1600020CFA2CDA8623020CFA2DDA8623020C79FEA038DF79CB3FCB3FD192C95A
:013BFB00E9E0
:200F3300D5F8053A6E60477D69CB381F4F30032A1213CB38CB19040C300E18062A12132AD8
:120F530012132A12132A12130D20F10520EEC1E1F1E91C
:203BFC00F8073A573A5FB228242B3AF53A6E67F1CB3ACB1B300122CB3ACB1B300222221475
:133C1C001C1804222222221D20F91520F6F8022A5F56C9D2
:013CD00000F3
:203C2F00E5F040E6402809180CE5F040E6082005210098180321009CC5CB33CB037BE60337
:203C4F0084473EE0A3824FE1D1D5C5FA45DA865FF041E60220FA7B022379E6E05F793CE6A2
:203C6F001FB34F1520E5C1D11DC8D578E6FC5F3E20814F8891E603B347C518CFF090F57B2F
:163C8F00E090EA0020E7E5F803666F7CE090EA00207DE1E802C902
:200F65004F0600C3CF0F4F0600CDCF0F4B42C916004F079F47C3D30F16004F079F47CDD337
:200F85000F4B42C94FCDCB0FC94FCDCB0F4B42C97B594F7A5047C3D30F7B594F7A5047CD02
:200FA500D30F4B42C94FCD0910C94FCD09104B42C97B594F7A5047C30C107B594F7A504724
:200FC500CD0C104B42C979079F477B079F5778F5AAF5CB7A280697935F9F9257CB782806EE
:200FE50097914F9F9047CD0C103816F1E680280697914F9F9047F1E680C897935F9F925726
:20100500C9F1F1C90600507BB22007010000505937C96960010000B73E10F5CB15CB14CBB5
:2010250011CB10C5799B4F789A473F3808C1F13DB720E71808F1F13D3720DF18005059CB11
:07104500154DCB1444B7C99F
:143CA500C5F8042A575EF8093A473A4F3A666FCD383CC1C986
:00000001FF
